scenario,sharpe_valid,far_target,setting,quantity,window_h,method_a,method_b,point,lo,hi,excludes_zero,n_reps,denominator,interval_type
gaussian_ctrl,1.0,0.05,fixed_T0,joint,252,ewma_student_t,binary_student_t,-0.000899999999999998,-0.0040999999999999925,0.002199999999999994,False,2000,all paths,"per-comparison, test sampling only; thresholds were frozen in Stage 3A and are not re-covered"
gaussian_ctrl,1.0,0.05,fixed_T0,cond,252,ewma_student_t,binary_student_t,-0.000899999999999998,-0.0040999999999999925,0.002199999999999994,False,2000,survivor denominator recomputed each replicate,"per-comparison, test sampling only; thresholds were frozen in Stage 3A and are not re-covered"
gaussian_ctrl,1.0,0.05,fixed_T0,pre_far,252,ewma_student_t,binary_student_t,0.0,0.0,0.0,False,2000,all paths,"per-comparison, test sampling only; thresholds were frozen in Stage 3A and are not re-covered"
gaussian_ctrl,1.0,0.05,fixed_T0,joint,252,ewma_student_t,trailing_sharpe_252,0.0221,0.017800000000000003,0.026499999999999996,True,2000,all paths,"per-comparison, test sampling only; thresholds were frozen in Stage 3A and are not re-covered"
gaussian_ctrl,1.0,0.05,fixed_T0,cond,252,ewma_student_t,trailing_sharpe_252,0.0221,0.017800000000000003,0.026499999999999996,True,2000,survivor denominator recomputed each replicate,"per-comparison, test sampling only; thresholds were frozen in Stage 3A and are not re-covered"
gaussian_ctrl,1.0,0.05,fixed_T0,pre_far,252,ewma_student_t,trailing_sharpe_252,0.0,0.0,0.0,False,2000,all paths,"per-comparison, test sampling only; thresholds were frozen in Stage 3A and are not re-covered"
gaussian_ctrl,1.0,0.05,fixed_T126,joint,252,ewma_student_t,binary_student_t,-0.0034000000000000002,-0.006500000000000006,-0.00040000000000001113,True,2000,all paths,"per-comparison, test sampling only; thresholds were frozen in Stage 3A and are not re-covered"
gaussian_ctrl,1.0,0.05,fixed_T126,cond,252,ewma_student_t,binary_student_t,-0.003411872035677624,-0.006502920499918721,-0.0004398565771164367,True,2000,survivor denominator recomputed each replicate,"per-comparison, test sampling only; thresholds were frozen in Stage 3A and are not re-covered"
gaussian_ctrl,1.0,0.05,fixed_T126,pre_far,252,ewma_student_t,binary_student_t,-9.999999999999994e-05,-0.0006000000000000001,0.0004,False,2000,all paths,"per-comparison, test sampling only; thresholds were frozen in Stage 3A and are not re-covered"
gaussian_ctrl,1.0,0.05,fixed_T126,joint,252,ewma_student_t,trailing_sharpe_252,-0.0354,-0.0412,-0.0295,True,2000,all paths,"per-comparison, test sampling only; thresholds were frozen in Stage 3A and are not re-covered"
gaussian_ctrl,1.0,0.05,fixed_T126,cond,252,ewma_student_t,trailing_sharpe_252,-0.03535087543771885,-0.04114264820473073,-0.02943977936762058,True,2000,survivor denominator recomputed each replicate,"per-comparison, test sampling only; thresholds were frozen in Stage 3A and are not re-covered"
gaussian_ctrl,1.0,0.05,fixed_T126,pre_far,252,ewma_student_t,trailing_sharpe_252,0.0005,0.0001,0.001,True,2000,all paths,"per-comparison, test sampling only; thresholds were frozen in Stage 3A and are not re-covered"
gaussian_ctrl,1.0,0.05,fixed_T252,joint,252,ewma_student_t,binary_student_t,-0.0006000000000000033,-0.0036025000000000054,0.002699999999999994,False,2000,all paths,"per-comparison, test sampling only; thresholds were frozen in Stage 3A and are not re-covered"
gaussian_ctrl,1.0,0.05,fixed_T252,cond,252,ewma_student_t,binary_student_t,-0.000577515211338156,-0.0036718833841277213,0.002715778141028105,False,2000,survivor denominator recomputed each replicate,"per-comparison, test sampling only; thresholds were frozen in Stage 3A and are not re-covered"
gaussian_ctrl,1.0,0.05,fixed_T252,pre_far,252,ewma_student_t,binary_student_t,0.0002999999999999999,-0.0010000000000000009,0.0015024999999999876,False,2000,all paths,"per-comparison, test sampling only; thresholds were frozen in Stage 3A and are not re-covered"
gaussian_ctrl,1.0,0.05,fixed_T252,joint,252,ewma_student_t,trailing_sharpe_252,-0.04920000000000001,-0.0561,-0.04200000000000001,True,2000,all paths,"per-comparison, test sampling only; thresholds were frozen in Stage 3A and are not re-covered"
gaussian_ctrl,1.0,0.05,fixed_T252,cond,252,ewma_student_t,trailing_sharpe_252,-0.048977610159453705,-0.05587336705771823,-0.041720230606230715,True,2000,survivor denominator recomputed each replicate,"per-comparison, test sampling only; thresholds were frozen in Stage 3A and are not re-covered"
gaussian_ctrl,1.0,0.05,fixed_T252,pre_far,252,ewma_student_t,trailing_sharpe_252,0.005399999999999999,0.0036,0.0072,True,2000,all paths,"per-comparison, test sampling only; thresholds were frozen in Stage 3A and are not re-covered"
gaussian_ctrl,1.0,0.05,random_uniform,joint,252,ewma_student_t,binary_student_t,-0.0015000000000000013,-0.004500000000000004,0.0015999999999999908,False,2000,all paths,"per-comparison, test sampling only; thresholds were frozen in Stage 3A and are not re-covered"
gaussian_ctrl,1.0,0.05,random_uniform,cond,252,ewma_student_t,binary_student_t,-0.0015030060120240496,-0.004453953361434033,0.0015412721533688762,False,2000,survivor denominator recomputed each replicate,"per-comparison, test sampling only; thresholds were frozen in Stage 3A and are not re-covered"
gaussian_ctrl,1.0,0.05,random_uniform,pre_far,252,ewma_student_t,binary_student_t,0.0,-0.0007000000000000001,0.0007999999999999999,False,2000,all paths,"per-comparison, test sampling only; thresholds were frozen in Stage 3A and are not re-covered"
gaussian_ctrl,1.0,0.05,random_uniform,joint,252,ewma_student_t,trailing_sharpe_252,-0.032200000000000006,-0.03800250000000001,-0.0266,True,2000,all paths,"per-comparison, test sampling only; thresholds were frozen in Stage 3A and are not re-covered"
gaussian_ctrl,1.0,0.05,random_uniform,cond,252,ewma_student_t,trailing_sharpe_252,-0.03202557730722971,-0.03787144379834203,-0.02647260093478278,True,2000,survivor denominator recomputed each replicate,"per-comparison, test sampling only; thresholds were frozen in Stage 3A and are not re-covered"
gaussian_ctrl,1.0,0.05,random_uniform,pre_far,252,ewma_student_t,trailing_sharpe_252,0.0019,0.0010999999999999998,0.0028,True,2000,all paths,"per-comparison, test sampling only; thresholds were frozen in Stage 3A and are not re-covered"
gaussian_ctrl,1.0,0.15,fixed_T0,joint,252,ewma_student_t,binary_student_t,-0.010700000000000043,-0.015100000000000002,-0.006197499999999997,True,2000,all paths,"per-comparison, test sampling only; thresholds were frozen in Stage 3A and are not re-covered"
gaussian_ctrl,1.0,0.15,fixed_T0,cond,252,ewma_student_t,binary_student_t,-0.010700000000000043,-0.015100000000000002,-0.006197499999999997,True,2000,survivor denominator recomputed each replicate,"per-comparison, test sampling only; thresholds were frozen in Stage 3A and are not re-covered"
gaussian_ctrl,1.0,0.15,fixed_T0,pre_far,252,ewma_student_t,binary_student_t,0.0,0.0,0.0,False,2000,all paths,"per-comparison, test sampling only; thresholds were frozen in Stage 3A and are not re-covered"
gaussian_ctrl,1.0,0.15,fixed_T0,joint,252,ewma_student_t,trailing_sharpe_252,0.10139999999999996,0.09469999999999998,0.10820250000000001,True,2000,all paths,"per-comparison, test sampling only; thresholds were frozen in Stage 3A and are not re-covered"
gaussian_ctrl,1.0,0.15,fixed_T0,cond,252,ewma_student_t,trailing_sharpe_252,0.10139999999999996,0.09469999999999998,0.10820250000000001,True,2000,survivor denominator recomputed each replicate,"per-comparison, test sampling only; thresholds were frozen in Stage 3A and are not re-covered"
gaussian_ctrl,1.0,0.15,fixed_T0,pre_far,252,ewma_student_t,trailing_sharpe_252,0.0,0.0,0.0,False,2000,all paths,"per-comparison, test sampling only; thresholds were frozen in Stage 3A and are not re-covered"
gaussian_ctrl,1.0,0.15,fixed_T126,joint,252,ewma_student_t,binary_student_t,-0.003400000000000014,-0.007802500000000001,0.000802500000000009,False,2000,all paths,"per-comparison, test sampling only; thresholds were frozen in Stage 3A and are not re-covered"
gaussian_ctrl,1.0,0.15,fixed_T126,cond,252,ewma_student_t,binary_student_t,-0.003910117669017055,-0.008226089602231694,0.0002541398831778582,False,2000,survivor denominator recomputed each replicate,"per-comparison, test sampling only; thresholds were frozen in Stage 3A and are not re-covered"
gaussian_ctrl,1.0,0.15,fixed_T126,pre_far,252,ewma_student_t,binary_student_t,-0.0017999999999999995,-0.003700000000000002,0.0001999999999999988,False,2000,all paths,"per-comparison, test sampling only; thresholds were frozen in Stage 3A and are not re-covered"
gaussian_ctrl,1.0,0.15,fixed_T126,joint,252,ewma_student_t,trailing_sharpe_252,-0.0696,-0.07769999999999999,-0.06180000000000002,True,2000,all paths,"per-comparison, test sampling only; thresholds were frozen in Stage 3A and are not re-covered"
gaussian_ctrl,1.0,0.15,fixed_T126,cond,252,ewma_student_t,trailing_sharpe_252,-0.06513319066544379,-0.07306083355719571,-0.05727863824727946,True,2000,survivor denominator recomputed each replicate,"per-comparison, test sampling only; thresholds were frozen in Stage 3A and are not re-covered"
gaussian_ctrl,1.0,0.15,fixed_T126,pre_far,252,ewma_student_t,trailing_sharpe_252,0.0187,0.0161,0.0213,True,2000,all paths,"per-comparison, test sampling only; thresholds were frozen in Stage 3A and are not re-covered"
gaussian_ctrl,1.0,0.15,fixed_T252,joint,252,ewma_student_t,binary_student_t,-0.0022999999999999965,-0.007002500000000006,0.0020999999999999908,False,2000,all paths,"per-comparison, test sampling only; thresholds were frozen in Stage 3A and are not re-covered"
gaussian_ctrl,1.0,0.15,fixed_T252,cond,252,ewma_student_t,binary_student_t,-0.003142995991103431,-0.00799934300772385,0.0015572048860271466,False,2000,survivor denominator recomputed each replicate,"per-comparison, test sampling only; thresholds were frozen in Stage 3A and are not re-covered"
gaussian_ctrl,1.0,0.15,fixed_T252,pre_far,252,ewma_student_t,binary_student_t,-0.0032999999999999974,-0.006000000000000005,-0.0005975000000000033,True,2000,all paths,"per-comparison, test sampling only; thresholds were frozen in Stage 3A and are not re-covered"
gaussian_ctrl,1.0,0.15,fixed_T252,joint,252,ewma_student_t,trailing_sharpe_252,-0.1446,-0.1533,-0.136,True,2000,all paths,"per-comparison, test sampling only; thresholds were frozen in Stage 3A and are not re-covered"
gaussian_ctrl,1.0,0.15,fixed_T252,cond,252,ewma_student_t,trailing_sharpe_252,-0.13928029810657508,-0.14812896517244525,-0.13062801873300975,True,2000,survivor denominator recomputed each replicate,"per-comparison, test sampling only; thresholds were frozen in Stage 3A and are not re-covered"
gaussian_ctrl,1.0,0.15,fixed_T252,pre_far,252,ewma_student_t,trailing_sharpe_252,0.045200000000000004,0.040797499999999993,0.0497,True,2000,all paths,"per-comparison, test sampling only; thresholds were frozen in Stage 3A and are not re-covered"
gaussian_ctrl,1.0,0.15,random_uniform,joint,252,ewma_student_t,binary_student_t,-0.0038000000000000256,-0.008099999999999996,0.0007000000000000062,False,2000,all paths,"per-comparison, test sampling only; thresholds were frozen in Stage 3A and are not re-covered"
gaussian_ctrl,1.0,0.15,random_uniform,cond,252,ewma_student_t,binary_student_t,-0.0042601126472094075,-0.00846771796912096,0.00010704577689963848,False,2000,survivor denominator recomputed each replicate,"per-comparison, test sampling only; thresholds were frozen in Stage 3A and are not re-covered"
gaussian_ctrl,1.0,0.15,random_uniform,pre_far,252,ewma_student_t,binary_student_t,-0.0015000000000000013,-0.0034000000000000002,0.0003999999999999976,False,2000,all paths,"per-comparison, test sampling only; thresholds were frozen in Stage 3A and are not re-covered"
gaussian_ctrl,1.0,0.15,random_uniform,joint,252,ewma_student_t,trailing_sharpe_252,-0.058900000000000036,-0.06719999999999998,-0.05080000000000001,True,2000,all paths,"per-comparison, test sampling only; thresholds were frozen in Stage 3A and are not re-covered"
gaussian_ctrl,1.0,0.15,random_uniform,cond,252,ewma_student_t,trailing_sharpe_252,-0.05341794421352267,-0.06173355022021783,-0.04548506790901573,True,2000,survivor denominator recomputed each replicate,"per-comparison, test sampling only; thresholds were frozen in Stage 3A and are not re-covered"
gaussian_ctrl,1.0,0.15,random_uniform,pre_far,252,ewma_student_t,trailing_sharpe_252,0.0233,0.020399999999999998,0.0261,True,2000,all paths,"per-comparison, test sampling only; thresholds were frozen in Stage 3A and are not re-covered"
gaussian_ctrl,0.6,0.05,fixed_T0,joint,252,ewma_student_t,binary_student_t,-0.0011999999999999997,-0.0034999999999999996,0.000900000000000005,False,2000,all paths,"per-comparison, test sampling only; thresholds were frozen in Stage 3A and are not re-covered"
gaussian_ctrl,0.6,0.05,fixed_T0,cond,252,ewma_student_t,binary_student_t,-0.0011999999999999997,-0.0034999999999999996,0.000900000000000005,False,2000,survivor denominator recomputed each replicate,"per-comparison, test sampling only; thresholds were frozen in Stage 3A and are not re-covered"
gaussian_ctrl,0.6,0.05,fixed_T0,pre_far,252,ewma_student_t,binary_student_t,0.0,0.0,0.0,False,2000,all paths,"per-comparison, test sampling only; thresholds were frozen in Stage 3A and are not re-covered"
gaussian_ctrl,0.6,0.05,fixed_T0,joint,252,ewma_student_t,trailing_sharpe_252,0.0072999999999999975,0.004199999999999999,0.010199999999999997,True,2000,all paths,"per-comparison, test sampling only; thresholds were frozen in Stage 3A and are not re-covered"
gaussian_ctrl,0.6,0.05,fixed_T0,cond,252,ewma_student_t,trailing_sharpe_252,0.0072999999999999975,0.004199999999999999,0.010199999999999997,True,2000,survivor denominator recomputed each replicate,"per-comparison, test sampling only; thresholds were frozen in Stage 3A and are not re-covered"
gaussian_ctrl,0.6,0.05,fixed_T0,pre_far,252,ewma_student_t,trailing_sharpe_252,0.0,0.0,0.0,False,2000,all paths,"per-comparison, test sampling only; thresholds were frozen in Stage 3A and are not re-covered"
gaussian_ctrl,0.6,0.05,fixed_T126,joint,252,ewma_student_t,binary_student_t,0.00010000000000000286,-0.0023999999999999994,0.002799999999999997,False,2000,all paths,"per-comparison, test sampling only; thresholds were frozen in Stage 3A and are not re-covered"
gaussian_ctrl,0.6,0.05,fixed_T126,cond,252,ewma_student_t,binary_student_t,9.416941694169456e-05,-0.002406217399645545,0.002789136327265453,False,2000,survivor denominator recomputed each replicate,"per-comparison, test sampling only; thresholds were frozen in Stage 3A and are not re-covered"
gaussian_ctrl,0.6,0.05,fixed_T126,pre_far,252,ewma_student_t,binary_student_t,-0.0001,-0.0003,0.0,False,2000,all paths,"per-comparison, test sampling only; thresholds were frozen in Stage 3A and are not re-covered"
gaussian_ctrl,0.6,0.05,fixed_T126,joint,252,ewma_student_t,trailing_sharpe_252,-0.014099999999999994,-0.0186,-0.009397500000000005,True,2000,all paths,"per-comparison, test sampling only; thresholds were frozen in Stage 3A and are not re-covered"
gaussian_ctrl,0.6,0.05,fixed_T126,cond,252,ewma_student_t,trailing_sharpe_252,-0.014099999999999994,-0.0186,-0.009397500000000005,True,2000,survivor denominator recomputed each replicate,"per-comparison, test sampling only; thresholds were frozen in Stage 3A and are not re-covered"
gaussian_ctrl,0.6,0.05,fixed_T126,pre_far,252,ewma_student_t,trailing_sharpe_252,0.0,0.0,0.0,False,2000,all paths,"per-comparison, test sampling only; thresholds were frozen in Stage 3A and are not re-covered"
gaussian_ctrl,0.6,0.05,fixed_T252,joint,252,ewma_student_t,binary_student_t,-0.0005000000000000004,-0.0034000000000000002,0.0025000000000000022,False,2000,all paths,"per-comparison, test sampling only; thresholds were frozen in Stage 3A and are not re-covered"
gaussian_ctrl,0.6,0.05,fixed_T252,cond,252,ewma_student_t,binary_student_t,-0.0004764212937058421,-0.0033675370453861053,0.0024878501060614402,False,2000,survivor denominator recomputed each replicate,"per-comparison, test sampling only; thresholds were frozen in Stage 3A and are not re-covered"
gaussian_ctrl,0.6,0.05,fixed_T252,pre_far,252,ewma_student_t,binary_student_t,0.0003999999999999993,-0.0007000000000000001,0.0015000000000000005,False,2000,all paths,"per-comparison, test sampling only; thresholds were frozen in Stage 3A and are not re-covered"
gaussian_ctrl,0.6,0.05,fixed_T252,joint,252,ewma_student_t,trailing_sharpe_252,-0.017,-0.022599999999999995,-0.011700000000000002,True,2000,all paths,"per-comparison, test sampling only; thresholds were frozen in Stage 3A and are not re-covered"
gaussian_ctrl,0.6,0.05,fixed_T252,cond,252,ewma_student_t,trailing_sharpe_252,-0.016945876908439586,-0.022559055839964003,-0.01164299842214391,True,2000,survivor denominator recomputed each replicate,"per-comparison, test sampling only; thresholds were frozen in Stage 3A and are not re-covered"
gaussian_ctrl,0.6,0.05,fixed_T252,pre_far,252,ewma_student_t,trailing_sharpe_252,0.002299999999999999,0.0006000000000000007,0.0041,True,2000,all paths,"per-comparison, test sampling only; thresholds were frozen in Stage 3A and are not re-covered"
gaussian_ctrl,0.6,0.05,random_uniform,joint,252,ewma_student_t,binary_student_t,-0.002700000000000001,-0.005299999999999999,-0.00010000000000000286,True,2000,all paths,"per-comparison, test sampling only; thresholds were frozen in Stage 3A and are not re-covered"
gaussian_ctrl,0.6,0.05,random_uniform,cond,252,ewma_student_t,binary_student_t,-0.0026869732952993775,-0.0052830318229460434,-9.458099806357694e-05,True,2000,survivor denominator recomputed each replicate,"per-comparison, test sampling only; thresholds were frozen in Stage 3A and are not re-covered"
gaussian_ctrl,0.6,0.05,random_uniform,pre_far,252,ewma_student_t,binary_student_t,0.0002999999999999999,-0.0002000000000000001,0.0008000000000000001,False,2000,all paths,"per-comparison, test sampling only; thresholds were frozen in Stage 3A and are not re-covered"
gaussian_ctrl,0.6,0.05,random_uniform,joint,252,ewma_student_t,trailing_sharpe_252,-0.017200000000000007,-0.021699999999999997,-0.012499999999999997,True,2000,all paths,"per-comparison, test sampling only; thresholds were frozen in Stage 3A and are not re-covered"
gaussian_ctrl,0.6,0.05,random_uniform,cond,252,ewma_student_t,trailing_sharpe_252,-0.017132456285884945,-0.021609086889713143,-0.012452252255060437,True,2000,survivor denominator recomputed each replicate,"per-comparison, test sampling only; thresholds were frozen in Stage 3A and are not re-covered"
gaussian_ctrl,0.6,0.05,random_uniform,pre_far,252,ewma_student_t,trailing_sharpe_252,0.0013,0.0006,0.0021,True,2000,all paths,"per-comparison, test sampling only; thresholds were frozen in Stage 3A and are not re-covered"
gaussian_ctrl,0.6,0.15,fixed_T0,joint,252,ewma_student_t,binary_student_t,-0.002700000000000008,-0.0063,0.0010000000000000009,False,2000,all paths,"per-comparison, test sampling only; thresholds were frozen in Stage 3A and are not re-covered"
gaussian_ctrl,0.6,0.15,fixed_T0,cond,252,ewma_student_t,binary_student_t,-0.002700000000000008,-0.0063,0.0010000000000000009,False,2000,survivor denominator recomputed each replicate,"per-comparison, test sampling only; thresholds were frozen in Stage 3A and are not re-covered"
gaussian_ctrl,0.6,0.15,fixed_T0,pre_far,252,ewma_student_t,binary_student_t,0.0,0.0,0.0,False,2000,all paths,"per-comparison, test sampling only; thresholds were frozen in Stage 3A and are not re-covered"
gaussian_ctrl,0.6,0.15,fixed_T0,joint,252,ewma_student_t,trailing_sharpe_252,0.0563,0.051000000000000004,0.062,True,2000,all paths,"per-comparison, test sampling only; thresholds were frozen in Stage 3A and are not re-covered"
gaussian_ctrl,0.6,0.15,fixed_T0,cond,252,ewma_student_t,trailing_sharpe_252,0.0563,0.051000000000000004,0.062,True,2000,survivor denominator recomputed each replicate,"per-comparison, test sampling only; thresholds were frozen in Stage 3A and are not re-covered"
gaussian_ctrl,0.6,0.15,fixed_T0,pre_far,252,ewma_student_t,trailing_sharpe_252,0.0,0.0,0.0,False,2000,all paths,"per-comparison, test sampling only; thresholds were frozen in Stage 3A and are not re-covered"
gaussian_ctrl,0.6,0.15,fixed_T126,joint,252,ewma_student_t,binary_student_t,-0.0010000000000000009,-0.0050000000000000044,0.0030999999999999917,False,2000,all paths,"per-comparison, test sampling only; thresholds were frozen in Stage 3A and are not re-covered"
gaussian_ctrl,0.6,0.15,fixed_T126,cond,252,ewma_student_t,binary_student_t,-0.001026726845256093,-0.005004263937360429,0.0030005501884963312,False,2000,survivor denominator recomputed each replicate,"per-comparison, test sampling only; thresholds were frozen in Stage 3A and are not re-covered"
gaussian_ctrl,0.6,0.15,fixed_T126,pre_far,252,ewma_student_t,binary_student_t,-9.99999999999994e-05,-0.0015000000000000013,0.001299999999999999,False,2000,all paths,"per-comparison, test sampling only; thresholds were frozen in Stage 3A and are not re-covered"
gaussian_ctrl,0.6,0.15,fixed_T126,joint,252,ewma_student_t,trailing_sharpe_252,-0.028999999999999998,-0.03589999999999999,-0.02210000000000001,True,2000,all paths,"per-comparison, test sampling only; thresholds were frozen in Stage 3A and are not re-covered"
gaussian_ctrl,0.6,0.15,fixed_T126,cond,252,ewma_student_t,trailing_sharpe_252,-0.02739732458354366,-0.0342136874775497,-0.020484968824991387,True,2000,survivor denominator recomputed each replicate,"per-comparison, test sampling only; thresholds were frozen in Stage 3A and are not re-covered"
gaussian_ctrl,0.6,0.15,fixed_T126,pre_far,252,ewma_student_t,trailing_sharpe_252,0.0095,0.0076,0.0115,True,2000,all paths,"per-comparison, test sampling only; thresholds were frozen in Stage 3A and are not re-covered"
gaussian_ctrl,0.6,0.15,fixed_T252,joint,252,ewma_student_t,binary_student_t,-0.0015000000000000013,-0.005699999999999984,0.002799999999999997,False,2000,all paths,"per-comparison, test sampling only; thresholds were frozen in Stage 3A and are not re-covered"
gaussian_ctrl,0.6,0.15,fixed_T252,cond,252,ewma_student_t,binary_student_t,-0.0018592501726181487,-0.006111541618225882,0.0024680504493060917,False,2000,survivor denominator recomputed each replicate,"per-comparison, test sampling only; thresholds were frozen in Stage 3A and are not re-covered"
gaussian_ctrl,0.6,0.15,fixed_T252,pre_far,252,ewma_student_t,binary_student_t,-0.0017000000000000001,-0.0040999999999999995,0.0006999999999999992,False,2000,all paths,"per-comparison, test sampling only; thresholds were frozen in Stage 3A and are not re-covered"
gaussian_ctrl,0.6,0.15,fixed_T252,joint,252,ewma_student_t,trailing_sharpe_252,-0.07569999999999999,-0.0834,-0.0680975,True,2000,all paths,"per-comparison, test sampling only; thresholds were frozen in Stage 3A and are not re-covered"
gaussian_ctrl,0.6,0.15,fixed_T252,cond,252,ewma_student_t,trailing_sharpe_252,-0.07247811201775395,-0.08054323094299373,-0.06473808897517762,True,2000,survivor denominator recomputed each replicate,"per-comparison, test sampling only; thresholds were frozen in Stage 3A and are not re-covered"
gaussian_ctrl,0.6,0.15,fixed_T252,pre_far,252,ewma_student_t,trailing_sharpe_252,0.0325,0.028499999999999998,0.0364,True,2000,all paths,"per-comparison, test sampling only; thresholds were frozen in Stage 3A and are not re-covered"
gaussian_ctrl,0.6,0.15,random_uniform,joint,252,ewma_student_t,binary_student_t,-0.0009000000000000119,-0.0050000000000000044,0.0032000000000000084,False,2000,all paths,"per-comparison, test sampling only; thresholds were frozen in Stage 3A and are not re-covered"
gaussian_ctrl,0.6,0.15,random_uniform,cond,252,ewma_student_t,binary_student_t,-0.0010441914738939517,-0.0052190060374976135,0.00309924458272111,False,2000,survivor denominator recomputed each replicate,"per-comparison, test sampling only; thresholds were frozen in Stage 3A and are not re-covered"
gaussian_ctrl,0.6,0.15,random_uniform,pre_far,252,ewma_student_t,binary_student_t,-0.0007999999999999986,-0.0023999999999999994,0.000700000000000001,False,2000,all paths,"per-comparison, test sampling only; thresholds were frozen in Stage 3A and are not re-covered"
gaussian_ctrl,0.6,0.15,random_uniform,joint,252,ewma_student_t,trailing_sharpe_252,-0.02990000000000001,-0.037000000000000005,-0.0232,True,2000,all paths,"per-comparison, test sampling only; thresholds were frozen in Stage 3A and are not re-covered"
gaussian_ctrl,0.6,0.15,random_uniform,cond,252,ewma_student_t,trailing_sharpe_252,-0.027473346370645385,-0.03458741608813537,-0.020930581286427444,True,2000,survivor denominator recomputed each replicate,"per-comparison, test sampling only; thresholds were frozen in Stage 3A and are not re-covered"
gaussian_ctrl,0.6,0.15,random_uniform,pre_far,252,ewma_student_t,trailing_sharpe_252,0.0153,0.0129,0.0178,True,2000,all paths,"per-comparison, test sampling only; thresholds were frozen in Stage 3A and are not re-covered"
sv_jump,1.0,0.05,fixed_T0,joint,252,ewma_student_t,binary_student_t,0.09140000000000001,0.08279750000000001,0.10029999999999997,True,2000,all paths,"per-comparison, test sampling only; thresholds were frozen in Stage 3A and are not re-covered"
sv_jump,1.0,0.05,fixed_T0,cond,252,ewma_student_t,binary_student_t,0.09140000000000001,0.08279750000000001,0.10029999999999997,True,2000,survivor denominator recomputed each replicate,"per-comparison, test sampling only; thresholds were frozen in Stage 3A and are not re-covered"
sv_jump,1.0,0.05,fixed_T0,pre_far,252,ewma_student_t,binary_student_t,0.0,0.0,0.0,False,2000,all paths,"per-comparison, test sampling only; thresholds were frozen in Stage 3A and are not re-covered"
sv_jump,1.0,0.05,fixed_T0,joint,252,ewma_student_t,trailing_sharpe_252,0.1844,0.17600000000000002,0.1928025,True,2000,all paths,"per-comparison, test sampling only; thresholds were frozen in Stage 3A and are not re-covered"
sv_jump,1.0,0.05,fixed_T0,cond,252,ewma_student_t,trailing_sharpe_252,0.1844,0.17600000000000002,0.1928025,True,2000,survivor denominator recomputed each replicate,"per-comparison, test sampling only; thresholds were frozen in Stage 3A and are not re-covered"
sv_jump,1.0,0.05,fixed_T0,pre_far,252,ewma_student_t,trailing_sharpe_252,0.0,0.0,0.0,False,2000,all paths,"per-comparison, test sampling only; thresholds were frozen in Stage 3A and are not re-covered"
sv_jump,1.0,0.05,fixed_T126,joint,252,ewma_student_t,binary_student_t,0.0764,0.06840000000000002,0.08410249999999997,True,2000,all paths,"per-comparison, test sampling only; thresholds were frozen in Stage 3A and are not re-covered"
sv_jump,1.0,0.05,fixed_T126,cond,252,ewma_student_t,binary_student_t,0.07641161309247188,0.0683247524373043,0.08408941696141131,True,2000,survivor denominator recomputed each replicate,"per-comparison, test sampling only; thresholds were frozen in Stage 3A and are not re-covered"
sv_jump,1.0,0.05,fixed_T126,pre_far,252,ewma_student_t,binary_student_t,-0.0014000000000000002,-0.003,9.999999999999983e-05,False,2000,all paths,"per-comparison, test sampling only; thresholds were frozen in Stage 3A and are not re-covered"
sv_jump,1.0,0.05,fixed_T126,joint,252,ewma_student_t,trailing_sharpe_252,0.0718,0.0631975,0.0801,True,2000,all paths,"per-comparison, test sampling only; thresholds were frozen in Stage 3A and are not re-covered"
sv_jump,1.0,0.05,fixed_T126,cond,252,ewma_student_t,trailing_sharpe_252,0.07238180086232829,0.06381728251015853,0.08075414556558763,True,2000,survivor denominator recomputed each replicate,"per-comparison, test sampling only; thresholds were frozen in Stage 3A and are not re-covered"
sv_jump,1.0,0.05,fixed_T126,pre_far,252,ewma_student_t,trailing_sharpe_252,0.0027,0.0017,0.0038,True,2000,all paths,"per-comparison, test sampling only; thresholds were frozen in Stage 3A and are not re-covered"
sv_jump,1.0,0.05,fixed_T252,joint,252,ewma_student_t,binary_student_t,0.051799999999999985,0.04449749999999998,0.05940000000000001,True,2000,all paths,"per-comparison, test sampling only; thresholds were frozen in Stage 3A and are not re-covered"
sv_jump,1.0,0.05,fixed_T252,cond,252,ewma_student_t,binary_student_t,0.052501678203567284,0.04505471689151028,0.06025301896278685,True,2000,survivor denominator recomputed each replicate,"per-comparison, test sampling only; thresholds were frozen in Stage 3A and are not re-covered"
sv_jump,1.0,0.05,fixed_T252,pre_far,252,ewma_student_t,binary_student_t,-0.0010000000000000009,-0.004,0.001899999999999999,False,2000,all paths,"per-comparison, test sampling only; thresholds were frozen in Stage 3A and are not re-covered"
sv_jump,1.0,0.05,fixed_T252,joint,252,ewma_student_t,trailing_sharpe_252,0.00839999999999999,-0.00019999999999997868,0.017202499999999978,False,2000,all paths,"per-comparison, test sampling only; thresholds were frozen in Stage 3A and are not re-covered"
sv_jump,1.0,0.05,fixed_T252,cond,252,ewma_student_t,trailing_sharpe_252,0.010139305622707706,0.001581630027488315,0.018822273033047583,True,2000,survivor denominator recomputed each replicate,"per-comparison, test sampling only; thresholds were frozen in Stage 3A and are not re-covered"
sv_jump,1.0,0.05,fixed_T252,pre_far,252,ewma_student_t,trailing_sharpe_252,0.009899999999999999,0.0074,0.0124,True,2000,all paths,"per-comparison, test sampling only; thresholds were frozen in Stage 3A and are not re-covered"
sv_jump,1.0,0.05,random_uniform,joint,252,ewma_student_t,binary_student_t,0.07719999999999999,0.0691,0.0852,True,2000,all paths,"per-comparison, test sampling only; thresholds were frozen in Stage 3A and are not re-covered"
sv_jump,1.0,0.05,random_uniform,cond,252,ewma_student_t,binary_student_t,0.07743951883587374,0.06936595318627828,0.08545324423210302,True,2000,survivor denominator recomputed each replicate,"per-comparison, test sampling only; thresholds were frozen in Stage 3A and are not re-covered"
sv_jump,1.0,0.05,random_uniform,pre_far,252,ewma_student_t,binary_student_t,-0.0008999999999999998,-0.0027,0.0008000000000000004,False,2000,all paths,"per-comparison, test sampling only; thresholds were frozen in Stage 3A and are not re-covered"
sv_jump,1.0,0.05,random_uniform,joint,252,ewma_student_t,trailing_sharpe_252,0.07880000000000001,0.06989999999999999,0.0876025,True,2000,all paths,"per-comparison, test sampling only; thresholds were frozen in Stage 3A and are not re-covered"
sv_jump,1.0,0.05,random_uniform,cond,252,ewma_student_t,trailing_sharpe_252,0.07978666968197215,0.07084466075836801,0.08859679770771961,True,2000,survivor denominator recomputed each replicate,"per-comparison, test sampling only; thresholds were frozen in Stage 3A and are not re-covered"
sv_jump,1.0,0.05,random_uniform,pre_far,252,ewma_student_t,trailing_sharpe_252,0.0045000000000000005,0.0031999999999999997,0.0059,True,2000,all paths,"per-comparison, test sampling only; thresholds were frozen in Stage 3A and are not re-covered"
sv_jump,1.0,0.15,fixed_T0,joint,252,ewma_student_t,binary_student_t,0.07819999999999999,0.0695,0.0876025,True,2000,all paths,"per-comparison, test sampling only; thresholds were frozen in Stage 3A and are not re-covered"
sv_jump,1.0,0.15,fixed_T0,cond,252,ewma_student_t,binary_student_t,0.07819999999999999,0.0695,0.0876025,True,2000,survivor denominator recomputed each replicate,"per-comparison, test sampling only; thresholds were frozen in Stage 3A and are not re-covered"
sv_jump,1.0,0.15,fixed_T0,pre_far,252,ewma_student_t,binary_student_t,0.0,0.0,0.0,False,2000,all paths,"per-comparison, test sampling only; thresholds were frozen in Stage 3A and are not re-covered"
sv_jump,1.0,0.15,fixed_T0,joint,252,ewma_student_t,trailing_sharpe_252,0.3052,0.29589499999999996,0.3155,True,2000,all paths,"per-comparison, test sampling only; thresholds were frozen in Stage 3A and are not re-covered"
sv_jump,1.0,0.15,fixed_T0,cond,252,ewma_student_t,trailing_sharpe_252,0.3052,0.29589499999999996,0.3155,True,2000,survivor denominator recomputed each replicate,"per-comparison, test sampling only; thresholds were frozen in Stage 3A and are not re-covered"
sv_jump,1.0,0.15,fixed_T0,pre_far,252,ewma_student_t,trailing_sharpe_252,0.0,0.0,0.0,False,2000,all paths,"per-comparison, test sampling only; thresholds were frozen in Stage 3A and are not re-covered"
sv_jump,1.0,0.15,fixed_T126,joint,252,ewma_student_t,binary_student_t,0.07269999999999999,0.06329750000000002,0.08240000000000003,True,2000,all paths,"per-comparison, test sampling only; thresholds were frozen in Stage 3A and are not re-covered"
sv_jump,1.0,0.15,fixed_T126,cond,252,ewma_student_t,binary_student_t,0.07647526622819945,0.06709320591381113,0.085882588562685,True,2000,survivor denominator recomputed each replicate,"per-comparison, test sampling only; thresholds were frozen in Stage 3A and are not re-covered"
sv_jump,1.0,0.15,fixed_T126,pre_far,252,ewma_student_t,binary_student_t,0.0032999999999999974,-0.001099999999999997,0.0076999999999999985,False,2000,all paths,"per-comparison, test sampling only; thresholds were frozen in Stage 3A and are not re-covered"
sv_jump,1.0,0.15,fixed_T126,joint,252,ewma_student_t,trailing_sharpe_252,0.034399999999999986,0.023897499999999978,0.044802499999999995,True,2000,all paths,"per-comparison, test sampling only; thresholds were frozen in Stage 3A and are not re-covered"
sv_jump,1.0,0.15,fixed_T126,cond,252,ewma_student_t,trailing_sharpe_252,0.048167406869357665,0.03762482876747838,0.058637329089675096,True,2000,survivor denominator recomputed each replicate,"per-comparison, test sampling only; thresholds were frozen in Stage 3A and are not re-covered"
sv_jump,1.0,0.15,fixed_T126,pre_far,252,ewma_student_t,trailing_sharpe_252,0.0363,0.0327,0.0401,True,2000,all paths,"per-comparison, test sampling only; thresholds were frozen in Stage 3A and are not re-covered"
sv_jump,1.0,0.15,fixed_T252,joint,252,ewma_student_t,binary_student_t,0.058199999999999974,0.04930000000000004,0.06699999999999998,True,2000,all paths,"per-comparison, test sampling only; thresholds were frozen in Stage 3A and are not re-covered"
sv_jump,1.0,0.15,fixed_T252,cond,252,ewma_student_t,binary_student_t,0.06483463065724765,0.05568784261352398,0.07385131105596161,True,2000,survivor denominator recomputed each replicate,"per-comparison, test sampling only; thresholds were frozen in Stage 3A and are not re-covered"
sv_jump,1.0,0.15,fixed_T252,pre_far,252,ewma_student_t,binary_student_t,0.004600000000000007,-0.0013000000000000095,0.010502499999999982,False,2000,all paths,"per-comparison, test sampling only; thresholds were frozen in Stage 3A and are not re-covered"
sv_jump,1.0,0.15,fixed_T252,joint,252,ewma_student_t,trailing_sharpe_252,-0.09720000000000001,-0.1079025,-0.08640000000000003,True,2000,all paths,"per-comparison, test sampling only; thresholds were frozen in Stage 3A and are not re-covered"
sv_jump,1.0,0.15,fixed_T252,cond,252,ewma_student_t,trailing_sharpe_252,-0.0812455967177374,-0.09246714517558047,-0.07009563052263527,True,2000,survivor denominator recomputed each replicate,"per-comparison, test sampling only; thresholds were frozen in Stage 3A and are not re-covered"
sv_jump,1.0,0.15,fixed_T252,pre_far,252,ewma_student_t,trailing_sharpe_252,0.06330000000000001,0.0573,0.0689,True,2000,all paths,"per-comparison, test sampling only; thresholds were frozen in Stage 3A and are not re-covered"
sv_jump,1.0,0.15,random_uniform,joint,252,ewma_student_t,binary_student_t,0.0821,0.0726,0.09160000000000001,True,2000,all paths,"per-comparison, test sampling only; thresholds were frozen in Stage 3A and are not re-covered"
sv_jump,1.0,0.15,random_uniform,cond,252,ewma_student_t,binary_student_t,0.085085608347298,0.07561779250433585,0.09467023653649692,True,2000,survivor denominator recomputed each replicate,"per-comparison, test sampling only; thresholds were frozen in Stage 3A and are not re-covered"
sv_jump,1.0,0.15,random_uniform,pre_far,252,ewma_student_t,binary_student_t,-0.0001999999999999988,-0.004200000000000002,0.003699999999999995,False,2000,all paths,"per-comparison, test sampling only; thresholds were frozen in Stage 3A and are not re-covered"
sv_jump,1.0,0.15,random_uniform,joint,252,ewma_student_t,trailing_sharpe_252,0.05180000000000001,0.04099999999999998,0.0629025,True,2000,all paths,"per-comparison, test sampling only; thresholds were frozen in Stage 3A and are not re-covered"
sv_jump,1.0,0.15,random_uniform,cond,252,ewma_student_t,trailing_sharpe_252,0.06560341315307244,0.0549501991120868,0.07668282804613626,True,2000,survivor denominator recomputed each replicate,"per-comparison, test sampling only; thresholds were frozen in Stage 3A and are not re-covered"
sv_jump,1.0,0.15,random_uniform,pre_far,252,ewma_student_t,trailing_sharpe_252,0.0356,0.032,0.03930249999999999,True,2000,all paths,"per-comparison, test sampling only; thresholds were frozen in Stage 3A and are not re-covered"
sv_jump,0.6,0.05,fixed_T0,joint,252,ewma_student_t,binary_student_t,0.036599999999999994,0.030599999999999995,0.0431,True,2000,all paths,"per-comparison, test sampling only; thresholds were frozen in Stage 3A and are not re-covered"
sv_jump,0.6,0.05,fixed_T0,cond,252,ewma_student_t,binary_student_t,0.036599999999999994,0.030599999999999995,0.0431,True,2000,survivor denominator recomputed each replicate,"per-comparison, test sampling only; thresholds were frozen in Stage 3A and are not re-covered"
sv_jump,0.6,0.05,fixed_T0,pre_far,252,ewma_student_t,binary_student_t,0.0,0.0,0.0,False,2000,all paths,"per-comparison, test sampling only; thresholds were frozen in Stage 3A and are not re-covered"
sv_jump,0.6,0.05,fixed_T0,joint,252,ewma_student_t,trailing_sharpe_252,0.061599999999999995,0.055999999999999994,0.0676,True,2000,all paths,"per-comparison, test sampling only; thresholds were frozen in Stage 3A and are not re-covered"
sv_jump,0.6,0.05,fixed_T0,cond,252,ewma_student_t,trailing_sharpe_252,0.061599999999999995,0.055999999999999994,0.0676,True,2000,survivor denominator recomputed each replicate,"per-comparison, test sampling only; thresholds were frozen in Stage 3A and are not re-covered"
sv_jump,0.6,0.05,fixed_T0,pre_far,252,ewma_student_t,trailing_sharpe_252,0.0,0.0,0.0,False,2000,all paths,"per-comparison, test sampling only; thresholds were frozen in Stage 3A and are not re-covered"
sv_jump,0.6,0.05,fixed_T126,joint,252,ewma_student_t,binary_student_t,0.030399999999999996,0.024300000000000002,0.03690249999999999,True,2000,all paths,"per-comparison, test sampling only; thresholds were frozen in Stage 3A and are not re-covered"
sv_jump,0.6,0.05,fixed_T126,cond,252,ewma_student_t,binary_student_t,0.030383298899906264,0.024273379325165965,0.03694869475942143,True,2000,survivor denominator recomputed each replicate,"per-comparison, test sampling only; thresholds were frozen in Stage 3A and are not re-covered"
sv_jump,0.6,0.05,fixed_T126,pre_far,252,ewma_student_t,binary_student_t,-0.0006000000000000001,-0.0014025,0.0002999999999999999,False,2000,all paths,"per-comparison, test sampling only; thresholds were frozen in Stage 3A and are not re-covered"
sv_jump,0.6,0.05,fixed_T126,joint,252,ewma_student_t,trailing_sharpe_252,0.029800000000000007,0.023097499999999997,0.0367025,True,2000,all paths,"per-comparison, test sampling only; thresholds were frozen in Stage 3A and are not re-covered"
sv_jump,0.6,0.05,fixed_T126,cond,252,ewma_student_t,trailing_sharpe_252,0.02989341407266541,0.02317076940300797,0.03682069936690787,True,2000,survivor denominator recomputed each replicate,"per-comparison, test sampling only; thresholds were frozen in Stage 3A and are not re-covered"
sv_jump,0.6,0.05,fixed_T126,pre_far,252,ewma_student_t,trailing_sharpe_252,0.0009,0.0004,0.0016,True,2000,all paths,"per-comparison, test sampling only; thresholds were frozen in Stage 3A and are not re-covered"
sv_jump,0.6,0.05,fixed_T252,joint,252,ewma_student_t,binary_student_t,0.0228,0.016497500000000002,0.0291,True,2000,all paths,"per-comparison, test sampling only; thresholds were frozen in Stage 3A and are not re-covered"
sv_jump,0.6,0.05,fixed_T252,cond,252,ewma_student_t,binary_student_t,0.023131187506734666,0.016689973571613843,0.029485105496408193,True,2000,survivor denominator recomputed each replicate,"per-comparison, test sampling only; thresholds were frozen in Stage 3A and are not re-covered"
sv_jump,0.6,0.05,fixed_T252,pre_far,252,ewma_student_t,binary_student_t,0.000700000000000001,-0.002,0.003300000000000001,False,2000,all paths,"per-comparison, test sampling only; thresholds were frozen in Stage 3A and are not re-covered"
sv_jump,0.6,0.05,fixed_T252,joint,252,ewma_student_t,trailing_sharpe_252,0.0121,0.005100000000000007,0.019199999999999995,True,2000,all paths,"per-comparison, test sampling only; thresholds were frozen in Stage 3A and are not re-covered"
sv_jump,0.6,0.05,fixed_T252,cond,252,ewma_student_t,trailing_sharpe_252,0.012811788453164913,0.005785367618615067,0.020020229852734692,True,2000,survivor denominator recomputed each replicate,"per-comparison, test sampling only; thresholds were frozen in Stage 3A and are not re-covered"
sv_jump,0.6,0.05,fixed_T252,pre_far,252,ewma_student_t,trailing_sharpe_252,0.006200000000000001,0.003997499999999999,0.0085,True,2000,all paths,"per-comparison, test sampling only; thresholds were frozen in Stage 3A and are not re-covered"
sv_jump,0.6,0.05,random_uniform,joint,252,ewma_student_t,binary_student_t,0.03219999999999999,0.025900000000000006,0.038202499999999986,True,2000,all paths,"per-comparison, test sampling only; thresholds were frozen in Stage 3A and are not re-covered"
sv_jump,0.6,0.05,random_uniform,cond,252,ewma_student_t,binary_student_t,0.03224903959845202,0.02596543265332113,0.038293898362257106,True,2000,survivor denominator recomputed each replicate,"per-comparison, test sampling only; thresholds were frozen in Stage 3A and are not re-covered"
sv_jump,0.6,0.05,random_uniform,pre_far,252,ewma_student_t,binary_student_t,-0.0005,-0.0019,0.0009000000000000002,False,2000,all paths,"per-comparison, test sampling only; thresholds were frozen in Stage 3A and are not re-covered"
sv_jump,0.6,0.05,random_uniform,joint,252,ewma_student_t,trailing_sharpe_252,0.029399999999999996,0.022795000000000003,0.0358,True,2000,all paths,"per-comparison, test sampling only; thresholds were frozen in Stage 3A and are not re-covered"
sv_jump,0.6,0.05,random_uniform,cond,252,ewma_student_t,trailing_sharpe_252,0.029650405717798867,0.02305005724650634,0.03604086514664127,True,2000,survivor denominator recomputed each replicate,"per-comparison, test sampling only; thresholds were frozen in Stage 3A and are not re-covered"
sv_jump,0.6,0.05,random_uniform,pre_far,252,ewma_student_t,trailing_sharpe_252,0.0024,0.0014,0.0035,True,2000,all paths,"per-comparison, test sampling only; thresholds were frozen in Stage 3A and are not re-covered"
sv_jump,0.6,0.15,fixed_T0,joint,252,ewma_student_t,binary_student_t,0.05710000000000001,0.048400000000000026,0.06580250000000001,True,2000,all paths,"per-comparison, test sampling only; thresholds were frozen in Stage 3A and are not re-covered"
sv_jump,0.6,0.15,fixed_T0,cond,252,ewma_student_t,binary_student_t,0.05710000000000001,0.048400000000000026,0.06580250000000001,True,2000,survivor denominator recomputed each replicate,"per-comparison, test sampling only; thresholds were frozen in Stage 3A and are not re-covered"
sv_jump,0.6,0.15,fixed_T0,pre_far,252,ewma_student_t,binary_student_t,0.0,0.0,0.0,False,2000,all paths,"per-comparison, test sampling only; thresholds were frozen in Stage 3A and are not re-covered"
sv_jump,0.6,0.15,fixed_T0,joint,252,ewma_student_t,trailing_sharpe_252,0.1708,0.1623975,0.17900000000000002,True,2000,all paths,"per-comparison, test sampling only; thresholds were frozen in Stage 3A and are not re-covered"
sv_jump,0.6,0.15,fixed_T0,cond,252,ewma_student_t,trailing_sharpe_252,0.1708,0.1623975,0.17900000000000002,True,2000,survivor denominator recomputed each replicate,"per-comparison, test sampling only; thresholds were frozen in Stage 3A and are not re-covered"
sv_jump,0.6,0.15,fixed_T0,pre_far,252,ewma_student_t,trailing_sharpe_252,0.0,0.0,0.0,False,2000,all paths,"per-comparison, test sampling only; thresholds were frozen in Stage 3A and are not re-covered"
sv_jump,0.6,0.15,fixed_T126,joint,252,ewma_student_t,binary_student_t,0.04670000000000002,0.038599999999999995,0.055400000000000005,True,2000,all paths,"per-comparison, test sampling only; thresholds were frozen in Stage 3A and are not re-covered"
sv_jump,0.6,0.15,fixed_T126,cond,252,ewma_student_t,binary_student_t,0.04749257516451921,0.0392273639863554,0.056202958245179374,True,2000,survivor denominator recomputed each replicate,"per-comparison, test sampling only; thresholds were frozen in Stage 3A and are not re-covered"
sv_jump,0.6,0.15,fixed_T126,pre_far,252,ewma_student_t,binary_student_t,-0.00040000000000000105,-0.004000000000000002,0.0028000000000000004,False,2000,all paths,"per-comparison, test sampling only; thresholds were frozen in Stage 3A and are not re-covered"
sv_jump,0.6,0.15,fixed_T126,joint,252,ewma_student_t,trailing_sharpe_252,0.035900000000000015,0.026597499999999986,0.04529999999999998,True,2000,all paths,"per-comparison, test sampling only; thresholds were frozen in Stage 3A and are not re-covered"
sv_jump,0.6,0.15,fixed_T126,cond,252,ewma_student_t,trailing_sharpe_252,0.04051312143439284,0.0314267120953778,0.049904320557491305,True,2000,survivor denominator recomputed each replicate,"per-comparison, test sampling only; thresholds were frozen in Stage 3A and are not re-covered"
sv_jump,0.6,0.15,fixed_T126,pre_far,252,ewma_student_t,trailing_sharpe_252,0.0184,0.0158,0.021,True,2000,all paths,"per-comparison, test sampling only; thresholds were frozen in Stage 3A and are not re-covered"
sv_jump,0.6,0.15,fixed_T252,joint,252,ewma_student_t,binary_student_t,0.041700000000000015,0.034,0.050100000000000006,True,2000,all paths,"per-comparison, test sampling only; thresholds were frozen in Stage 3A and are not re-covered"
sv_jump,0.6,0.15,fixed_T252,cond,252,ewma_student_t,binary_student_t,0.04509879060440858,0.03718416494155266,0.053817231880008524,True,2000,survivor denominator recomputed each replicate,"per-comparison, test sampling only; thresholds were frozen in Stage 3A and are not re-covered"
sv_jump,0.6,0.15,fixed_T252,pre_far,252,ewma_student_t,binary_student_t,0.0020999999999999908,-0.0032999999999999974,0.007599999999999996,False,2000,all paths,"per-comparison, test sampling only; thresholds were frozen in Stage 3A and are not re-covered"
sv_jump,0.6,0.15,fixed_T252,joint,252,ewma_student_t,trailing_sharpe_252,-0.04479999999999998,-0.05460499999999998,-0.034900000000000014,True,2000,all paths,"per-comparison, test sampling only; thresholds were frozen in Stage 3A and are not re-covered"
sv_jump,0.6,0.15,fixed_T252,cond,252,ewma_student_t,trailing_sharpe_252,-0.03613437424325677,-0.046309123438544396,-0.026075568129291092,True,2000,survivor denominator recomputed each replicate,"per-comparison, test sampling only; thresholds were frozen in Stage 3A and are not re-covered"
sv_jump,0.6,0.15,fixed_T252,pre_far,252,ewma_student_t,trailing_sharpe_252,0.04479999999999999,0.03989749999999999,0.0497,True,2000,all paths,"per-comparison, test sampling only; thresholds were frozen in Stage 3A and are not re-covered"
sv_jump,0.6,0.15,random_uniform,joint,252,ewma_student_t,binary_student_t,0.05560000000000001,0.04720000000000002,0.06389999999999998,True,2000,all paths,"per-comparison, test sampling only; thresholds were frozen in Stage 3A and are not re-covered"
sv_jump,0.6,0.15,random_uniform,cond,252,ewma_student_t,binary_student_t,0.056791536031312706,0.0484218350599033,0.06513965169196742,True,2000,survivor denominator recomputed each replicate,"per-comparison, test sampling only; thresholds were frozen in Stage 3A and are not re-covered"
sv_jump,0.6,0.15,random_uniform,pre_far,252,ewma_student_t,binary_student_t,-0.0008000000000000021,-0.0045000000000000005,0.0028000000000000004,False,2000,all paths,"per-comparison, test sampling only; thresholds were frozen in Stage 3A and are not re-covered"
sv_jump,0.6,0.15,random_uniform,joint,252,ewma_student_t,trailing_sharpe_252,0.042200000000000015,0.0324975,0.05130000000000001,True,2000,all paths,"per-comparison, test sampling only; thresholds were frozen in Stage 3A and are not re-covered"
sv_jump,0.6,0.15,random_uniform,cond,252,ewma_student_t,trailing_sharpe_252,0.048080403748474804,0.0383969774921894,0.057263446271610306,True,2000,survivor denominator recomputed each replicate,"per-comparison, test sampling only; thresholds were frozen in Stage 3A and are not re-covered"
sv_jump,0.6,0.15,random_uniform,pre_far,252,ewma_student_t,trailing_sharpe_252,0.0235,0.0206,0.026502499999999988,True,2000,all paths,"per-comparison, test sampling only; thresholds were frozen in Stage 3A and are not re-covered"
