scenario,sharpe_valid,method,far_target,arm,cutoff_H,threshold_calibrated_over,threshold,working_prob_threshold,detect,detect_lo,detect_hi,far,far_lo,far_hi,expected_min_tau_H,expected_min_tau_H_se,undetected_at_H,median_first_alarm,median_note,truncation_cap_days,n_test_valid,n_test_invalid
gaussian_ctrl,0.6,binary_gaussian,0.05,A,63,504,-1.4391358210681409,0.808320792707858,0.0,0.0,0.00038399837067659573,0.0,0.0,0.00038399837067659573,63.0,0.0,1.0,,not reached within 63d,63,10000,10000
gaussian_ctrl,0.6,binary_student_t,0.05,A,63,504,-1.7169668171711805,0.8477377305618142,0.0,0.0,0.00038399837067659573,0.0,0.0,0.00038399837067659573,63.0,0.0,1.0,,not reached within 63d,63,10000,10000
gaussian_ctrl,0.6,ewma_student_t,0.05,A,63,504,-1.8326476605407196,0.8620768365286364,0.0,0.0,0.00038399837067659573,0.0,0.0,0.00038399837067659573,63.0,0.0,1.0,,not reached within 63d,63,10000,10000
gaussian_ctrl,0.6,ewma_trunc_student_t,0.05,A,63,504,-1.8327151922932234,0.8620848658822867,0.0,0.0,0.00038399837067659573,0.0,0.0,0.00038399837067659573,63.0,0.0,1.0,,not reached within 63d,63,10000,10000
gaussian_ctrl,0.6,binary_gaussian,0.05,A,126,504,-1.4391358210681409,0.808320792707858,0.0016,0.000985132659693478,0.0025976369161969525,0.0003,0.00010203219941781012,0.0008817357722363795,125.9692,0.009475975697074215,0.9984,,not reached within 126d,126,10000,10000
gaussian_ctrl,0.6,binary_student_t,0.05,A,126,504,-1.7169668171711805,0.8477377305618142,0.0014,0.000834162028874972,0.002348761146363729,0.0003,0.00010203219941781012,0.0008817357722363795,125.9827,0.005575229082103425,0.9986,,not reached within 126d,126,10000,10000
gaussian_ctrl,0.6,ewma_student_t,0.05,A,126,504,-1.8326476605407196,0.8620768365286364,0.0009,0.00047357706058500574,0.0017097301130243718,0.0003,0.00010203219941781012,0.0008817357722363795,125.9874,0.005391384859483721,0.9991,,not reached within 126d,126,10000,10000
gaussian_ctrl,0.6,ewma_trunc_student_t,0.05,A,126,504,-1.8327151922932234,0.8620848658822867,0.0009,0.00047357706058500574,0.0017097301130243718,0.0003,0.00010203219941781012,0.0008817357722363795,125.9874,0.005391384859483721,0.9991,,not reached within 126d,126,10000,10000
gaussian_ctrl,0.6,binary_gaussian,0.05,A,252,504,-1.4391358210681409,0.808320792707858,0.0329,0.029579354960203693,0.03657937631768236,0.0059,0.004577046502138715,0.007602420687763897,250.4025,0.10993933800421067,0.9671,,not reached within 252d,252,10000,10000
gaussian_ctrl,0.6,binary_student_t,0.05,A,252,504,-1.7169668171711805,0.8477377305618142,0.033,0.02967419810234849,0.03668445637586344,0.0066,0.005191478817931518,0.008387450774252148,250.4675,0.10547249318984532,0.967,,not reached within 252d,252,10000,10000
gaussian_ctrl,0.6,ewma_student_t,0.05,A,252,504,-1.8326476605407196,0.8620768365286364,0.0294,0.026265548213677284,0.032895871052803526,0.006,0.0046645228934497195,0.007714867496778757,250.6415,0.09843193922536508,0.9706,,not reached within 252d,252,10000,10000
gaussian_ctrl,0.6,ewma_trunc_student_t,0.05,A,252,504,-1.8327151922932234,0.8620848658822867,0.0294,0.026265548213677284,0.032895871052803526,0.006,0.0046645228934497195,0.007714867496778757,250.6426,0.09841623392261029,0.9706,,not reached within 252d,252,10000,10000
gaussian_ctrl,0.6,binary_gaussian,0.05,A,504,504,-1.4391358210681409,0.808320792707858,0.1735,0.16620377042823345,0.18104698050781834,0.038,0.0344265516422164,0.04192826285228877,477.2455,0.7124345859648645,0.8265,,not reached within 504d,504,10000,10000
gaussian_ctrl,0.6,binary_student_t,0.05,A,504,504,-1.7169668171711805,0.8477377305618142,0.1704,0.16315774620510184,0.17789538552084813,0.0408,0.03709573835131741,0.04485692575231197,477.4259,0.7082553307108589,0.8296,,not reached within 504d,504,10000,10000
gaussian_ctrl,0.6,ewma_student_t,0.05,A,504,504,-1.8326476605407196,0.8620768365286364,0.1606,0.15353429543290806,0.1679263626611072,0.038,0.0344265516422164,0.04192826285228877,479.7708,0.6765911352452302,0.8394,,not reached within 504d,504,10000,10000
gaussian_ctrl,0.6,ewma_trunc_student_t,0.05,A,504,504,-1.8327151922932234,0.8620848658822867,0.1606,0.15353429543290806,0.1679263626611072,0.038,0.0344265516422164,0.04192826285228877,479.7797,0.6763117450914591,0.8394,,not reached within 504d,504,10000,10000
gaussian_ctrl,0.6,binary_gaussian,0.05,B,63,63,-0.5458400712355528,0.6331699182946938,0.0777,0.07261386178136241,0.08311046324251105,0.0432,0.03938757077465523,0.0473632501367949,61.6724,0.05597178850198385,0.9223,,not reached within 63d,63,10000,10000
gaussian_ctrl,0.6,binary_student_t,0.05,B,63,63,-0.6699123731234733,0.6614835378016685,0.0748,0.06980563604901403,0.08012091616540935,0.0374,0.033855276482213766,0.04129999881033621,61.8166,0.05149273341122431,0.9252,,not reached within 63d,63,10000,10000
gaussian_ctrl,0.6,ewma_student_t,0.05,B,63,63,-0.6993481800729411,0.6680432394595333,0.0734,0.06845074211579141,0.07867688529406988,0.0389,0.03528393401149463,0.042870189285943314,61.8644,0.049719296705066994,0.9266,,not reached within 63d,63,10000,10000
gaussian_ctrl,0.6,ewma_trunc_student_t,0.05,B,63,63,-0.6993481800729411,0.6680432394595333,0.0734,0.06845074211579141,0.07867688529406988,0.0389,0.03528393401149463,0.042870189285943314,61.8643,0.04971916884437086,0.9266,,not reached within 63d,63,10000,10000
gaussian_ctrl,0.6,binary_gaussian,0.05,B,126,126,-0.7683038063932702,0.6831538588317793,0.0974,0.09174233128564133,0.10336686420242747,0.0406,0.036904912192822444,0.04464790551015519,122.6503,0.12633335665096637,0.9026,,not reached within 126d,126,10000,10000
gaussian_ctrl,0.6,binary_student_t,0.05,B,126,126,-0.9270991262144765,0.7164863906727748,0.0929,0.08736564713098761,0.09874700434241725,0.0422,0.03843221799684181,0.046319370911349675,122.8678,0.1216710840802782,0.9071,,not reached within 126d,126,10000,10000
gaussian_ctrl,0.6,ewma_student_t,0.05,B,126,126,-0.9618065007443284,0.723483350843397,0.0915,0.08600482594391368,0.09730890072492909,0.0449,0.04101299418343707,0.04913652113355277,122.8688,0.12140449975703588,0.9085,,not reached within 126d,126,10000,10000
gaussian_ctrl,0.6,ewma_trunc_student_t,0.05,B,126,126,-0.9621832971170412,0.7235587245661049,0.0913,0.08581045538072925,0.0971034248874618,0.0448,0.040917336190577636,0.04903225592608633,122.8714,0.12137651926935042,0.9087,,not reached within 126d,126,10000,10000
gaussian_ctrl,0.6,binary_gaussian,0.05,B,252,252,-1.0496438385586173,0.7407065005447325,0.1286,0.12218121620068507,0.13530401778905346,0.0425,0.03871876165407628,0.04663259685509281,242.7098,0.29520056357207947,0.8714,,not reached within 252d,252,10000,10000
gaussian_ctrl,0.6,binary_student_t,0.05,B,252,252,-1.2783596092879694,0.782170416259512,0.123,0.11670712450661373,0.12958241026487644,0.0417,0.037954765678807054,0.0457972072277551,243.2811,0.2836549564037781,0.877,,not reached within 252d,252,10000,10000
gaussian_ctrl,0.6,ewma_student_t,0.05,B,252,252,-1.3480734034959663,0.7938144747584474,0.1149,0.10879697941337563,0.1212987761317195,0.0402,0.03652333626057827,0.04422978864109592,243.855,0.27480190885237843,0.8851,,not reached within 252d,252,10000,10000
gaussian_ctrl,0.6,ewma_trunc_student_t,0.05,B,252,252,-1.3480734034959663,0.7938144747584474,0.1149,0.10879697941337563,0.1212987761317195,0.0401,0.036427958323164145,0.04412524337818417,243.8487,0.27488076828813884,0.8851,,not reached within 252d,252,10000,10000
gaussian_ctrl,0.6,binary_gaussian,0.05,B,504,504,-1.4391358210681409,0.808320792707858,0.1735,0.16620377042823345,0.18104698050781834,0.038,0.0344265516422164,0.04192826285228877,477.2455,0.7124345859648645,0.8265,,not reached within 504d,504,10000,10000
gaussian_ctrl,0.6,binary_student_t,0.05,B,504,504,-1.7169668171711805,0.8477377305618142,0.1704,0.16315774620510184,0.17789538552084813,0.0408,0.03709573835131741,0.04485692575231197,477.4259,0.7082553307108589,0.8296,,not reached within 504d,504,10000,10000
gaussian_ctrl,0.6,ewma_student_t,0.05,B,504,504,-1.8326476605407196,0.8620768365286364,0.1606,0.15353429543290806,0.1679263626611072,0.038,0.0344265516422164,0.04192826285228877,479.7708,0.6765911352452302,0.8394,,not reached within 504d,504,10000,10000
gaussian_ctrl,0.6,ewma_trunc_student_t,0.05,B,504,504,-1.8327151922932234,0.8620848658822867,0.1606,0.15353429543290806,0.1679263626611072,0.038,0.0344265516422164,0.04192826285228877,479.7797,0.6763117450914591,0.8394,,not reached within 504d,504,10000,10000
gaussian_ctrl,0.6,binary_gaussian,0.15,A,63,504,-0.9782489587601149,0.7267606333482022,0.0024,0.0016133788093978356,0.0035687763690995114,0.0002,5.484892732085772e-05,0.0007289958440074673,62.9819,0.00531978091719017,0.9976,,not reached within 63d,63,10000,10000
gaussian_ctrl,0.6,binary_student_t,0.15,A,63,504,-1.2060058615975522,0.7695914694136325,0.0008,0.0004054337198968799,0.0015779502533866333,0.0004,0.00015556283662307484,0.0010281283353569795,62.9944,0.0030096128948716473,0.9992,,not reached within 63d,63,10000,10000
gaussian_ctrl,0.6,ewma_student_t,0.15,A,63,504,-1.2681557083803576,0.7804268721382092,0.001,0.0005432859864972464,0.0018399443874379962,0.0004,0.00015556283662307484,0.0010281283353569795,62.9912,0.0038876429075646434,0.999,,not reached within 63d,63,10000,10000
gaussian_ctrl,0.6,ewma_trunc_student_t,0.15,A,63,504,-1.2681557083803576,0.7804268721382092,0.001,0.0005432859864972464,0.0018399443874379962,0.0004,0.00015556283662307484,0.0010281283353569795,62.9911,0.003899179318771579,0.999,,not reached within 63d,63,10000,10000
gaussian_ctrl,0.6,binary_gaussian,0.15,A,126,504,-0.9782489587601149,0.7267606333482022,0.0296,0.026454593750792676,0.03310667191633986,0.0096,0.007868298014665221,0.011708327587294383,125.194,0.0584963125492384,0.9704,,not reached within 126d,126,10000,10000
gaussian_ctrl,0.6,binary_student_t,0.15,A,126,504,-1.2060058615975522,0.7695914694136325,0.0259,0.022964183941872586,0.02919992331320296,0.0094,0.007688088248246492,0.011488690953061383,125.3327,0.05096941101372379,0.9741,,not reached within 126d,126,10000,10000
gaussian_ctrl,0.6,ewma_student_t,0.15,A,126,504,-1.2681557083803576,0.7804268721382092,0.0253,0.02239965645785025,0.028564911595270106,0.0103,0.008500632273877465,0.012475455730363192,125.3845,0.048643011720687336,0.9747,,not reached within 126d,126,10000,10000
gaussian_ctrl,0.6,ewma_trunc_student_t,0.15,A,126,504,-1.2681557083803576,0.7804268721382092,0.0253,0.02239965645785025,0.028564911595270106,0.0103,0.008500632273877465,0.012475455730363192,125.3844,0.04865676121610649,0.9747,,not reached within 126d,126,10000,10000
gaussian_ctrl,0.6,binary_gaussian,0.15,A,252,504,-0.9782489587601149,0.7267606333482022,0.1588,0.15176773526473988,0.16609430522340982,0.056,0.051661752823658105,0.060679237729502705,239.6635,0.3453636842264083,0.8412,,not reached within 252d,252,10000,10000
gaussian_ctrl,0.6,binary_student_t,0.15,A,252,504,-1.2060058615975522,0.7695914694136325,0.1464,0.1396071761595279,0.15346438748821462,0.055,0.05070013939854093,0.059641619151361236,240.9655,0.3244119222293294,0.8536,,not reached within 252d,252,10000,10000
gaussian_ctrl,0.6,ewma_student_t,0.15,A,252,504,-1.2681557083803576,0.7804268721382092,0.1381,0.13147686725053268,0.14500107077016303,0.0521,0.04791383183117402,0.05663015390927806,241.4665,0.31805081890688586,0.8619,,not reached within 252d,252,10000,10000
gaussian_ctrl,0.6,ewma_trunc_student_t,0.15,A,252,504,-1.2681557083803576,0.7804268721382092,0.1383,0.1316726841799782,0.14520510024136926,0.0521,0.04791383183117402,0.05663015390927806,241.4591,0.3181360302958111,0.8617,,not reached within 252d,252,10000,10000
gaussian_ctrl,0.6,binary_gaussian,0.15,A,504,504,-0.9782489587601149,0.7267606333482022,0.3771,0.3676497331573493,0.38664465364216294,0.1374,0.13079154559496972,0.14428693002344492,423.0107,1.2647813351459505,0.6229,,not reached within 504d,504,10000,10000
gaussian_ctrl,0.6,binary_student_t,0.15,A,504,504,-1.2060058615975522,0.7695914694136325,0.3557,0.34637421376992733,0.3651366081598499,0.1365,0.12991050416292352,0.1433686626525584,428.4459,1.2294131010267857,0.6443,,not reached within 504d,504,10000,10000
gaussian_ctrl,0.6,ewma_student_t,0.15,A,504,504,-1.2681557083803576,0.7804268721382092,0.3478,0.33852529140756327,0.3571915976964706,0.137,0.13039995958322761,0.1438788232338836,430.7104,1.2115480502447291,0.6522,,not reached within 504d,504,10000,10000
gaussian_ctrl,0.6,ewma_trunc_student_t,0.15,A,504,504,-1.2681557083803576,0.7804268721382092,0.3484,0.3391213133843893,0.3577951149215997,0.137,0.13039995958322761,0.1438788232338836,430.6262,1.21197426355412,0.6516,,not reached within 504d,504,10000,10000
gaussian_ctrl,0.6,binary_gaussian,0.15,B,63,63,-0.39259028813202884,0.5969061026057029,0.2043,0.19651188721466284,0.2123152094217553,0.1354,0.128833808862378,0.14224620274951938,58.3247,0.11093573664408814,0.7957,,not reached within 63d,63,10000,10000
gaussian_ctrl,0.6,binary_student_t,0.15,B,63,63,-0.47679333257248135,0.6169903815878942,0.2041,0.19631483844175868,0.21211241179400775,0.1336,0.12707226342302283,0.14040913058300894,58.4014,0.10949651479693437,0.7959,,not reached within 63d,63,10000,10000
gaussian_ctrl,0.6,ewma_student_t,0.15,B,63,63,-0.491917371820382,0.6205580120133264,0.2049,0.19710305144655924,0.21292358439181405,0.1387,0.13206433230526918,0.14561314491738173,58.3948,0.10916283684704631,0.7951,,not reached within 63d,63,10000,10000
gaussian_ctrl,0.6,ewma_trunc_student_t,0.15,B,63,63,-0.4920361531722275,0.6205859805547507,0.2049,0.19710305144655924,0.21292358439181405,0.1386,0.1319664184933461,0.14551113552897896,58.3922,0.10918191235272673,0.7951,,not reached within 63d,63,10000,10000
gaussian_ctrl,0.6,binary_gaussian,0.15,B,126,126,-0.5362090859506637,0.6309301146900038,0.2483,0.23993015796682376,0.2568631468129748,0.1388,0.13216224730246506,0.1457151531205117,114.0141,0.25177189880505485,0.7517,,not reached within 126d,126,10000,10000
gaussian_ctrl,0.6,binary_student_t,0.15,B,126,126,-0.6554189473236076,0.6582305689779846,0.2412,0.23291545123936452,0.24968330631729768,0.1355,0.1289316841669932,0.14234825064523005,114.5638,0.24472327617983222,0.7588,,not reached within 126d,126,10000,10000
gaussian_ctrl,0.6,ewma_student_t,0.15,B,126,126,-0.6860533601322865,0.6650884027588775,0.2371,0.2288661349141842,0.24553577142911756,0.1349,0.12834445068929393,0.1417359449209741,114.8206,0.24107528552991353,0.7629,,not reached within 126d,126,10000,10000
gaussian_ctrl,0.6,ewma_trunc_student_t,0.15,B,126,126,-0.6861951135156232,0.6651199769934357,0.237,0.22876738438940097,0.24543459875357487,0.1347,0.1281487160047896,0.14153183320482665,114.8167,0.24109558855209678,0.763,,not reached within 126d,126,10000,10000
gaussian_ctrl,0.6,binary_gaussian,0.15,B,252,252,-0.7281279189967593,0.6743943229291887,0.303,0.2940699426831385,0.31208135267490794,0.1395,0.13284768538053285,0.14642917744472497,220.9398,0.5667669539361018,0.6970000000000001,,not reached within 252d,252,10000,10000
gaussian_ctrl,0.6,binary_student_t,0.15,B,252,252,-0.8945261380545353,0.709823324717697,0.2881,0.2793064569428409,0.2970562815666518,0.1362,0.12961684541447105,0.1430625518000332,223.0344,0.5457053977212524,0.7119,,not reached within 252d,252,10000,10000
gaussian_ctrl,0.6,ewma_student_t,0.15,B,252,252,-0.9323414066890794,0.7175500646206263,0.2861,0.2773256604630573,0.29503861403991816,0.1354,0.128833808862378,0.14224620274951938,223.5075,0.5412491010929656,0.7139,,not reached within 252d,252,10000,10000
gaussian_ctrl,0.6,ewma_trunc_student_t,0.15,B,252,252,-0.9323738704677047,0.7175566440721058,0.2862,0.2774246952587414,0.29513950244455983,0.1356,0.12902956069227722,0.14245029732027187,223.482,0.5414699867718038,0.7138,,not reached within 252d,252,10000,10000
gaussian_ctrl,0.6,binary_gaussian,0.15,B,504,504,-0.9782489587601149,0.7267606333482022,0.3771,0.3676497331573493,0.38664465364216294,0.1374,0.13079154559496972,0.14428693002344492,423.0107,1.2647813351459505,0.6229,,not reached within 504d,504,10000,10000
gaussian_ctrl,0.6,binary_student_t,0.15,B,504,504,-1.2060058615975522,0.7695914694136325,0.3557,0.34637421376992733,0.3651366081598499,0.1365,0.12991050416292352,0.1433686626525584,428.4459,1.2294131010267857,0.6443,,not reached within 504d,504,10000,10000
gaussian_ctrl,0.6,ewma_student_t,0.15,B,504,504,-1.2681557083803576,0.7804268721382092,0.3478,0.33852529140756327,0.3571915976964706,0.137,0.13039995958322761,0.1438788232338836,430.7104,1.2115480502447291,0.6522,,not reached within 504d,504,10000,10000
gaussian_ctrl,0.6,ewma_trunc_student_t,0.15,B,504,504,-1.2681557083803576,0.7804268721382092,0.3484,0.3391213133843893,0.3577951149215997,0.137,0.13039995958322761,0.1438788232338836,430.6262,1.21197426355412,0.6516,,not reached within 504d,504,10000,10000
gaussian_ctrl,1.0,binary_gaussian,0.05,A,63,504,-2.0820612857231775,0.8891473655602092,0.0002,5.484892732085772e-05,0.0007289958440074673,0.0,0.0,0.00038399837067659573,62.9993,0.000499975997023617,0.9998,,not reached within 63d,63,10000,10000
gaussian_ctrl,1.0,binary_student_t,0.05,A,63,504,-2.526856588881281,0.9260032512226124,0.0,0.0,0.00038399837067659573,0.0,0.0,0.00038399837067659573,63.0,0.0,1.0,,not reached within 63d,63,10000,10000
gaussian_ctrl,1.0,ewma_student_t,0.05,A,63,504,-2.686599084431972,0.9362312401458265,0.0,0.0,0.00038399837067659573,0.0,0.0,0.00038399837067659573,63.0,0.0,1.0,,not reached within 63d,63,10000,10000
gaussian_ctrl,1.0,ewma_trunc_student_t,0.05,A,63,504,-2.686599084431972,0.9362312401458265,0.0,0.0,0.00038399837067659573,0.0,0.0,0.00038399837067659573,63.0,0.0,1.0,,not reached within 63d,63,10000,10000
gaussian_ctrl,1.0,binary_gaussian,0.05,A,126,504,-2.0820612857231775,0.8891473655602092,0.0074,0.005899086359582839,0.009279228835207744,0.0011,0.0006143506542303221,0.0019688029200307855,125.8552,0.021625680636833157,0.9926,,not reached within 126d,126,10000,10000
gaussian_ctrl,1.0,binary_student_t,0.05,A,126,504,-2.526856588881281,0.9260032512226124,0.0066,0.005191478817931518,0.008387450774252148,0.0007,0.0003391263316879597,0.0014443344412696886,125.8666,0.01979847574850641,0.9934,,not reached within 126d,126,10000,10000
gaussian_ctrl,1.0,ewma_student_t,0.05,A,126,504,-2.686599084431972,0.9362312401458265,0.0051,0.003881311083561614,0.00669877050373408,0.0009,0.00047357706058500574,0.0017097301130243718,125.8989,0.01770308501142929,0.9949,,not reached within 126d,126,10000,10000
gaussian_ctrl,1.0,ewma_trunc_student_t,0.05,A,126,504,-2.686599084431972,0.9362312401458265,0.0051,0.003881311083561614,0.00669877050373408,0.0009,0.00047357706058500574,0.0017097301130243718,125.8989,0.01770308501142929,0.9949,,not reached within 126d,126,10000,10000
gaussian_ctrl,1.0,binary_gaussian,0.05,A,252,504,-2.0820612857231775,0.8891473655602092,0.0942,0.08862961792177163,0.1000820351558695,0.0098,0.008048716055211168,0.011927755947400165,246.3984,0.2146955452768319,0.9057999999999999,,not reached within 252d,252,10000,10000
gaussian_ctrl,1.0,binary_student_t,0.05,A,252,504,-2.526856588881281,0.9260032512226124,0.0883,0.08289589326583381,0.09402029099258129,0.0093,0.007598063501358217,0.011378792499623794,246.7563,0.20824516233459925,0.9117,,not reached within 252d,252,10000,10000
gaussian_ctrl,1.0,ewma_student_t,0.05,A,252,504,-2.686599084431972,0.9362312401458265,0.0782,0.07309825843498588,0.08362568259051689,0.0104,0.008591159114003776,0.012584852090562745,247.4516,0.19161925147999553,0.9218,,not reached within 252d,252,10000,10000
gaussian_ctrl,1.0,ewma_trunc_student_t,0.05,A,252,504,-2.686599084431972,0.9362312401458265,0.0783,0.07319514536363607,0.08372871886219256,0.0104,0.008591159114003776,0.012584852090562745,247.4499,0.19164316243782586,0.9217,,not reached within 252d,252,10000,10000
gaussian_ctrl,1.0,binary_gaussian,0.05,A,504,504,-2.0820612857231775,0.8891473655602092,0.3346,0.3254169722612255,0.3439100543997942,0.0395,0.03585582726190139,0.04349783523749174,444.4368,1.0410119169140744,0.6654,,not reached within 504d,504,10000,10000
gaussian_ctrl,1.0,binary_student_t,0.05,A,504,504,-2.526856588881281,0.9260032512226124,0.3165,0.3074559440392215,0.3256849833628167,0.0404,0.03671411143577194,0.04443885986655398,447.4699,1.0222783548048302,0.6835,,not reached within 504d,504,10000,10000
gaussian_ctrl,1.0,ewma_student_t,0.05,A,504,504,-2.686599084431972,0.9362312401458265,0.2982,0.28931267410254535,0.3072423076398597,0.0395,0.03585582726190139,0.04349783523749174,451.8804,0.980654249906554,0.7018,,not reached within 504d,504,10000,10000
gaussian_ctrl,1.0,ewma_trunc_student_t,0.05,A,504,504,-2.686599084431972,0.9362312401458265,0.2983,0.28941177190154505,0.3073431330411858,0.0395,0.03585582726190139,0.04349783523749174,451.8642,0.9807369679664543,0.7017,,not reached within 504d,504,10000,10000
gaussian_ctrl,1.0,binary_gaussian,0.05,B,63,63,-0.8693616317341702,0.7046128494813646,0.1121,0.10606486666730497,0.11843303926866594,0.043,0.03919645311021771,0.04715452140058068,61.0491,0.06800008323621387,0.8879,,not reached within 63d,63,10000,10000
gaussian_ctrl,1.0,binary_student_t,0.05,B,63,63,-1.070352110712225,0.7446638717813597,0.1013,0.09553854164064352,0.10736765866013401,0.0378,0.03423609837226937,0.04171886972158407,61.2922,0.06271933742896806,0.8987,,not reached within 63d,63,10000,10000
gaussian_ctrl,1.0,ewma_student_t,0.05,B,63,63,-1.1220835281214385,0.7543749849714424,0.0978,0.0921315573460083,0.10377733094336396,0.038,0.0344265516422164,0.04192826285228877,61.3926,0.06013474987737357,0.9022,,not reached within 63d,63,10000,10000
gaussian_ctrl,1.0,ewma_trunc_student_t,0.05,B,63,63,-1.1220835281214385,0.7543749849714424,0.098,0.09232618158514345,0.10398255310488054,0.038,0.0344265516422164,0.04192826285228877,61.3918,0.06014275510066952,0.902,,not reached within 63d,63,10000,10000
gaussian_ctrl,1.0,binary_gaussian,0.05,B,126,126,-1.201332115706354,0.7687616747050203,0.1475,0.14068527185090007,0.15458544700042692,0.041,0.037286589733032234,0.04506592077124887,120.5091,0.1626521358320544,0.8525,,not reached within 126d,126,10000,10000
gaussian_ctrl,1.0,binary_student_t,0.05,B,126,126,-1.4543440472509204,0.8106660869310298,0.1414,0.13470844978198393,0.1483669538494653,0.0422,0.03843221799684181,0.046319370911349675,120.8272,0.1563855481173564,0.8586,,not reached within 126d,126,10000,10000
gaussian_ctrl,1.0,ewma_student_t,0.05,B,126,126,-1.5160449854908506,0.8199553461055079,0.1374,0.13079154559496972,0.14428693002344492,0.0433,0.03948313833238368,0.04746760577939231,121.0758,0.15209463736066237,0.8626,,not reached within 126d,126,10000,10000
gaussian_ctrl,1.0,ewma_trunc_student_t,0.05,B,126,126,-1.5160449854908506,0.8199553461055079,0.1375,0.13088944509917524,0.1443889537195653,0.0433,0.03948313833238368,0.04746760577939231,121.0692,0.1521514250397089,0.8625,,not reached within 126d,126,10000,10000
gaussian_ctrl,1.0,binary_gaussian,0.05,B,252,252,-1.5892620264256552,0.8305122500215293,0.2185,0.21050980050927479,0.2267063905734161,0.0428,0.03900535884286428,0.046945769267282375,234.2699,0.4092929726647494,0.7815,,not reached within 252d,252,10000,10000
gaussian_ctrl,1.0,binary_student_t,0.05,B,252,252,-1.948742863411744,0.8753094991547637,0.2026,0.19483706820858201,0.21059133402229643,0.0421,0.03833671543427698,0.04621495027358863,235.5552,0.39388004448682656,0.7974,,not reached within 252d,252,10000,10000
gaussian_ctrl,1.0,ewma_student_t,0.05,B,252,252,-2.0570208857707684,0.886655120141672,0.1942,0.18656473063500323,0.20207012276850256,0.0407,0.03700032210807924,0.044752418795224264,236.7109,0.37991054910535477,0.8058,,not reached within 252d,252,10000,10000
gaussian_ctrl,1.0,ewma_trunc_student_t,0.05,B,252,252,-2.0570208857707684,0.886655120141672,0.1942,0.18656473063500323,0.20207012276850256,0.0407,0.03700032210807924,0.044752418795224264,236.7055,0.3799427491402651,0.8058,,not reached within 252d,252,10000,10000
gaussian_ctrl,1.0,binary_gaussian,0.05,B,504,504,-2.0820612857231775,0.8891473655602092,0.3346,0.3254169722612255,0.3439100543997942,0.0395,0.03585582726190139,0.04349783523749174,444.4368,1.0410119169140744,0.6654,,not reached within 504d,504,10000,10000
gaussian_ctrl,1.0,binary_student_t,0.05,B,504,504,-2.526856588881281,0.9260032512226124,0.3165,0.3074559440392215,0.3256849833628167,0.0404,0.03671411143577194,0.04443885986655398,447.4699,1.0222783548048302,0.6835,,not reached within 504d,504,10000,10000
gaussian_ctrl,1.0,ewma_student_t,0.05,B,504,504,-2.686599084431972,0.9362312401458265,0.2982,0.28931267410254535,0.3072423076398597,0.0395,0.03585582726190139,0.04349783523749174,451.8804,0.980654249906554,0.7018,,not reached within 504d,504,10000,10000
gaussian_ctrl,1.0,ewma_trunc_student_t,0.05,B,504,504,-2.686599084431972,0.9362312401458265,0.2983,0.28941177190154505,0.3073431330411858,0.0395,0.03585582726190139,0.04349783523749174,451.8642,0.9807369679664543,0.7017,,not reached within 504d,504,10000,10000
gaussian_ctrl,1.0,binary_gaussian,0.15,A,63,504,-1.381049786033732,0.7991595475678746,0.0114,0.009498871053053342,0.013676372154771826,0.0017,0.0010617073611205118,0.0027209854150957833,62.8806,0.014466350318209252,0.9886,,not reached within 63d,63,10000,10000
gaussian_ctrl,1.0,binary_student_t,0.15,A,63,504,-1.7089217126712484,0.846696373105255,0.009,0.007328320093401381,0.011048766306603034,0.0018,0.0011389279915130562,0.0028436879850291027,62.9162,0.01169920694510164,0.991,,not reached within 63d,63,10000,10000
gaussian_ctrl,1.0,ewma_student_t,0.15,A,63,504,-1.8060670697168448,0.8588858719323355,0.0062,0.0048397848118849635,0.007939451978995241,0.0017,0.0010617073611205118,0.0027209854150957833,62.9394,0.009880411239043912,0.9938,,not reached within 63d,63,10000,10000
gaussian_ctrl,1.0,ewma_trunc_student_t,0.15,A,63,504,-1.8061904684251417,0.8589008273083226,0.0062,0.0048397848118849635,0.007939451978995241,0.0017,0.0010617073611205118,0.0027209854150957833,62.9394,0.009880411239043912,0.9938,,not reached within 63d,63,10000,10000
gaussian_ctrl,1.0,binary_gaussian,0.15,A,126,504,-1.381049786033732,0.7991595475678746,0.0932,0.08765730293382704,0.09905511814055545,0.021,0.018368184046646134,0.023999686392462048,123.0412,0.11592840115959308,0.9068,,not reached within 126d,126,10000,10000
gaussian_ctrl,1.0,binary_student_t,0.15,A,126,504,-1.7089217126712484,0.846696373105255,0.0783,0.07319514536363607,0.08372871886219256,0.0198,0.01724822590054425,0.022720566134653557,123.572,0.1046584776293539,0.9217,,not reached within 126d,126,10000,10000
gaussian_ctrl,1.0,ewma_student_t,0.15,A,126,504,-1.8060670697168448,0.8588858719323355,0.0723,0.06738656096047341,0.07754191124580337,0.0198,0.01724822590054425,0.022720566134653557,123.8455,0.09626468544573548,0.9277,,not reached within 126d,126,10000,10000
gaussian_ctrl,1.0,ewma_trunc_student_t,0.15,A,126,504,-1.8061904684251417,0.8589008273083226,0.0723,0.06738656096047341,0.07754191124580337,0.0198,0.01724822590054425,0.022720566134653557,123.8454,0.09625651362708687,0.9277,,not reached within 126d,126,10000,10000
gaussian_ctrl,1.0,binary_gaussian,0.15,A,252,504,-1.381049786033732,0.7991595475678746,0.2959,0.287033566188243,0.30492318194666707,0.0719,0.06699967006474782,0.0771291093402255,224.47,0.5180510859874432,0.7041,,not reached within 252d,252,10000,10000
gaussian_ctrl,1.0,binary_student_t,0.15,A,252,504,-1.7089217126712484,0.846696373105255,0.2748,0.26613818642223264,0.28363476644392005,0.068,0.06322991734737674,0.07310185724488785,227.0207,0.49242869103310305,0.7252000000000001,,not reached within 252d,252,10000,10000
gaussian_ctrl,1.0,ewma_student_t,0.15,A,252,504,-1.8060670697168448,0.8588858719323355,0.2638,0.25525447547742036,0.2725269253528871,0.0688,0.06400283172344769,0.07392832847142382,228.6392,0.4747428360829062,0.7362,,not reached within 252d,252,10000,10000
gaussian_ctrl,1.0,ewma_trunc_student_t,0.15,A,252,504,-1.8061904684251417,0.8589008273083226,0.2642,0.2556501271368747,0.2729309664947363,0.0689,0.0640994596515586,0.07403162374363877,228.624,0.4747663243178381,0.7358,,not reached within 252d,252,10000,10000
gaussian_ctrl,1.0,binary_gaussian,0.15,A,504,504,-1.381049786033732,0.7991595475678746,0.5665,0.556763536863427,0.576185391353273,0.1376,0.13098734580168783,0.14449097621737858,364.4101,1.5233174000808691,0.4335,426,,504,10000,10000
gaussian_ctrl,1.0,binary_student_t,0.15,A,504,504,-1.7089217126712484,0.846696373105255,0.5417,0.5319201704860715,0.551447804049814,0.1369,0.1303020660870816,0.14377679352970368,373.1905,1.495712959327648,0.45830000000000004,452,,504,10000,10000
gaussian_ctrl,1.0,ewma_student_t,0.15,A,504,504,-1.8060670697168448,0.8588858719323355,0.5283,0.5185068953561951,0.5380713703360245,0.1392,0.13255391912253311,0.14612317410174708,378.066,1.4756205508195526,0.4717,470,,504,10000,10000
gaussian_ctrl,1.0,ewma_trunc_student_t,0.15,A,504,504,-1.8061904684251417,0.8589008273083226,0.5286,0.5188071150722546,0.5383709202209426,0.1392,0.13255391912253311,0.14612317410174708,377.9879,1.4757820532266483,0.47140000000000004,469,,504,10000,10000
gaussian_ctrl,1.0,binary_gaussian,0.15,B,63,63,-0.616569982995335,0.6494380433649066,0.259,0.2505073733922971,0.26767771382236893,0.1361,0.12951896158898943,0.142960512425189,56.732,0.12804240346740048,0.741,,not reached within 63d,63,10000,10000
gaussian_ctrl,1.0,binary_student_t,0.15,B,63,63,-0.7502432374418966,0.6792316970862101,0.2588,0.2503096064236323,0.2674756343903819,0.1361,0.12951896158898943,0.142960512425189,56.8583,0.12573791438270054,0.7412000000000001,,not reached within 63d,63,10000,10000
gaussian_ctrl,1.0,ewma_student_t,0.15,B,63,63,-0.7814536796746765,0.6859933305921505,0.2551,0.24665133985439355,0.2637367425475638,0.1363,0.12971473045270238,0.14316458996212778,57.1026,0.12234371304816705,0.7449,,not reached within 63d,63,10000,10000
gaussian_ctrl,1.0,ewma_trunc_student_t,0.15,B,63,63,-0.7815868440207394,0.6860220143448549,0.2551,0.24665133985439355,0.2637367425475638,0.1362,0.12961684541447105,0.1430625518000332,57.1029,0.12234193031741564,0.7449,,not reached within 63d,63,10000,10000
gaussian_ctrl,1.0,binary_gaussian,0.15,B,126,126,-0.8257941092327701,0.695464882606511,0.3326,0.32343156609410767,0.3418969965603948,0.1377,0.13108524770141053,0.1445929975179817,108.8781,0.2944330707008169,0.6674,,not reached within 126d,126,10000,10000
gaussian_ctrl,1.0,binary_student_t,0.15,B,126,126,-1.0110335980074472,0.7332223773085932,0.3204,0.31132467629849103,0.3296132559162559,0.1364,0.1298126167025602,0.1432666269125958,109.774,0.28699196650583075,0.6796,,not reached within 126d,126,10000,10000
gaussian_ctrl,1.0,ewma_student_t,0.15,B,126,126,-1.0634844934346281,0.7433558732150332,0.3125,0.3034887825383364,0.3216552168506673,0.1347,0.1281487160047896,0.14153183320482665,110.3798,0.2810628663297287,0.6875,,not reached within 126d,126,10000,10000
gaussian_ctrl,1.0,ewma_trunc_student_t,0.15,B,126,126,-1.0649928656056358,0.7436435316731701,0.312,0.3029929425013479,0.32115144088602643,0.1343,0.12775726140318067,0.14112359500513222,110.3987,0.2809389017164582,0.688,,not reached within 126d,126,10000,10000
gaussian_ctrl,1.0,binary_gaussian,0.15,B,252,252,-1.0780911803428,0.746132587006897,0.4334,0.4237149101071742,0.44313623847579986,0.1399,0.1332393901939391,0.14683716543262215,203.4568,0.6784286844790632,0.5666,,not reached within 252d,252,10000,10000
gaussian_ctrl,1.0,binary_student_t,0.15,B,252,252,-1.328297545898932,0.79055888948096,0.413,0.40338487299089765,0.4226819427255999,0.1376,0.13098734580168783,0.14449097621737858,206.2457,0.6632422952324576,0.587,,not reached within 252d,252,10000,10000
gaussian_ctrl,1.0,ewma_student_t,0.15,B,252,252,-1.4050099716656166,0.8029776919734741,0.4055,0.3959148686145858,0.415157707077472,0.1332,0.1266808633190313,0.1400008378856971,208.0713,0.6509625771568486,0.5945,,not reached within 252d,252,10000,10000
gaussian_ctrl,1.0,ewma_trunc_student_t,0.15,B,252,252,-1.4047710744870376,0.8029398946248338,0.4055,0.3959148686145858,0.415157707077472,0.1335,0.1269744115300464,0.14030705927565956,208.0471,0.6511755301883753,0.5945,,not reached within 252d,252,10000,10000
gaussian_ctrl,1.0,binary_gaussian,0.15,B,504,504,-1.381049786033732,0.7991595475678746,0.5665,0.556763536863427,0.576185391353273,0.1376,0.13098734580168783,0.14449097621737858,364.4101,1.5233174000808691,0.4335,426,,504,10000,10000
gaussian_ctrl,1.0,binary_student_t,0.15,B,504,504,-1.7089217126712484,0.846696373105255,0.5417,0.5319201704860715,0.551447804049814,0.1369,0.1303020660870816,0.14377679352970368,373.1905,1.495712959327648,0.45830000000000004,452,,504,10000,10000
gaussian_ctrl,1.0,ewma_student_t,0.15,B,504,504,-1.8060670697168448,0.8588858719323355,0.5283,0.5185068953561951,0.5380713703360245,0.1392,0.13255391912253311,0.14612317410174708,378.066,1.4756205508195526,0.4717,470,,504,10000,10000
gaussian_ctrl,1.0,ewma_trunc_student_t,0.15,B,504,504,-1.8061904684251417,0.8589008273083226,0.5286,0.5188071150722546,0.5383709202209426,0.1392,0.13255391912253311,0.14612317410174708,377.9879,1.4757820532266483,0.47140000000000004,469,,504,10000,10000
sv_jump,0.6,binary_gaussian,0.05,A,63,504,-1.4597200684157916,0.8114898562464535,0.0009,0.00047357706058500574,0.0017097301130243718,0.0003,0.00010203219941781012,0.0008817357722363795,62.9871,0.0054586022600903415,0.9991,,not reached within 63d,63,10000,10000
sv_jump,0.6,binary_student_t,0.05,A,63,504,-1.432316273469725,0.8072619614688216,0.0001,1.765267360112231e-05,0.0005662688974013381,0.0001,1.765267360112231e-05,0.0005662688974013381,62.9988,0.0012000000000000001,0.9999,,not reached within 63d,63,10000,10000
sv_jump,0.6,ewma_student_t,0.05,A,63,504,-2.1512772591616773,0.895788071615957,0.0001,1.765267360112231e-05,0.0005662688974013381,0.0001,1.765267360112231e-05,0.0005662688974013381,63.0,0.0,0.9999,,not reached within 63d,63,10000,10000
sv_jump,0.6,ewma_trunc_student_t,0.05,A,63,504,-2.243190883379143,0.9040615742018202,0.0,0.0,0.00038399837067659573,0.0,0.0,0.00038399837067659573,63.0,0.0,1.0,,not reached within 63d,63,10000,10000
sv_jump,0.6,binary_gaussian,0.05,A,126,504,-1.4597200684157916,0.8114898562464535,0.006,0.0046645228934497195,0.007714867496778757,0.0025,0.0016939976111583195,0.0036880807676648924,125.7958,0.03248223738560134,0.994,,not reached within 126d,126,10000,10000
sv_jump,0.6,binary_student_t,0.05,A,126,504,-1.432316273469725,0.8072619614688216,0.0031,0.002184864524503692,0.004396753056274708,0.0008,0.0004054337198968799,0.0015779502533866333,125.9261,0.017087804958736824,0.9969,,not reached within 126d,126,10000,10000
sv_jump,0.6,ewma_student_t,0.05,A,126,504,-2.1512772591616773,0.895788071615957,0.0135,0.011417697708664352,0.015955932706003973,0.0015,0.0009092618255931228,0.002473584549971443,125.6796,0.0336471038391074,0.9865,,not reached within 126d,126,10000,10000
sv_jump,0.6,ewma_trunc_student_t,0.05,A,126,504,-2.243190883379143,0.9040615742018202,0.0138,0.01169303356334014,0.01628036645230578,0.0012,0.0006866043187699607,0.002096472455817011,125.7071,0.031146556307190362,0.9862,,not reached within 126d,126,10000,10000
sv_jump,0.6,binary_gaussian,0.05,A,252,504,-1.4597200684157916,0.8114898562464535,0.0344,0.031002883969362332,0.03815469531341171,0.0118,0.009863119376493548,0.014111816632635079,249.6685,0.15899505878445339,0.9656,,not reached within 252d,252,10000,10000
sv_jump,0.6,binary_student_t,0.05,A,252,504,-1.432316273469725,0.8072619614688216,0.0455,0.04158705701454217,0.04976199750440284,0.009,0.007328320093401381,0.011048766306603034,249.4815,0.1456728795410573,0.9545,,not reached within 252d,252,10000,10000
sv_jump,0.6,ewma_student_t,0.05,A,252,504,-2.1512772591616773,0.895788071615957,0.0847,0.07940097150064285,0.09031797754604112,0.0102,0.008410152377830622,0.01236601242608417,245.9323,0.242154982551583,0.9153,,not reached within 252d,252,10000,10000
sv_jump,0.6,ewma_trunc_student_t,0.05,A,252,504,-2.243190883379143,0.9040615742018202,0.0892,0.08377006348345019,0.09494542957789771,0.0107,0.008863014753198816,0.012912766052345299,245.6701,0.24442966510863307,0.9108,,not reached within 252d,252,10000,10000
sv_jump,0.6,binary_gaussian,0.05,A,504,504,-1.4597200684157916,0.8114898562464535,0.1512,0.1443125614525312,0.1583553158108528,0.0403,0.03661872063908074,0.04433432746291932,479.558,0.7176089184618496,0.8488,,not reached within 504d,504,10000,10000
sv_jump,0.6,binary_student_t,0.05,A,504,504,-1.432316273469725,0.8072619614688216,0.2232,0.21514604497645673,0.23146653652154986,0.0392,0.0355698505848916,0.04318404231352394,468.5854,0.8130176323125134,0.7767999999999999,,not reached within 504d,504,10000,10000
sv_jump,0.6,ewma_student_t,0.05,A,504,504,-2.1512772591616773,0.895788071615957,0.292,0.2831696153997778,0.3009901279224235,0.0385,0.03490280656189386,0.04245162393424062,450.3172,1.0273596863847252,0.708,,not reached within 504d,504,10000,10000
sv_jump,0.6,ewma_trunc_student_t,0.05,A,504,504,-2.243190883379143,0.9040615742018202,0.2998,0.29089830016101226,0.30885545278660653,0.0373,0.03376008880295818,0.041195263289265927,448.5247,1.0425391157034718,0.7001999999999999,,not reached within 504d,504,10000,10000
sv_jump,0.6,binary_gaussian,0.05,B,63,63,-0.5887298918216212,0.6430736708655604,0.057,0.05262376832268912,0.06171645423373034,0.0401,0.036427958323164145,0.04412524337818417,61.8213,0.058794237023969645,0.943,,not reached within 63d,63,10000,10000
sv_jump,0.6,binary_student_t,0.05,B,63,63,-0.586477507503864,0.6425565148242378,0.0732,0.06825722961892496,0.0784705513902846,0.0388,0.035188641958211225,0.04276555813890086,61.7128,0.055806478587214506,0.9268,,not reached within 63d,63,10000,10000
sv_jump,0.6,ewma_student_t,0.05,B,63,63,-0.7722278957967079,0.6840026351700932,0.0984,0.0927154523795904,0.10439297511173702,0.0422,0.03843221799684181,0.046319370911349675,61.6786,0.04952449365260745,0.9016,,not reached within 63d,63,10000,10000
sv_jump,0.6,ewma_trunc_student_t,0.05,B,63,63,-0.7852845580853787,0.6868179380736374,0.1013,0.09553854164064352,0.10736765866013401,0.0426,0.03881428812903491,0.04673699358046003,61.6706,0.04910000656888456,0.8987,,not reached within 63d,63,10000,10000
sv_jump,0.6,binary_gaussian,0.05,B,126,126,-0.8037405560397767,0.6907740532185357,0.0731,0.06816047751850315,0.07836738029038051,0.0445,0.04063039538203104,0.048719427133655326,123.111,0.12808320901212258,0.9269000000000001,,not reached within 126d,126,10000,10000
sv_jump,0.6,binary_student_t,0.05,B,126,126,-0.8047112063732023,0.6909813508333863,0.0958,0.09018572898320541,0.10172469529964955,0.0421,0.03833671543427698,0.04621495027358863,122.6482,0.12732260121627287,0.9042,,not reached within 126d,126,10000,10000
sv_jump,0.6,ewma_student_t,0.05,B,126,126,-1.15875947960967,0.761107232752407,0.1301,0.12364819512347855,0.13683588687114798,0.0428,0.03900535884286428,0.046945769267282375,121.4346,0.14182271909805297,0.8699,,not reached within 126d,126,10000,10000
sv_jump,0.6,ewma_trunc_student_t,0.05,B,126,126,-1.1880230614144889,0.7663873039014085,0.1365,0.12991050416292352,0.1433686626525584,0.0421,0.03833671543427698,0.04621495027358863,121.2557,0.14279247431175077,0.8634999999999999,,not reached within 126d,126,10000,10000
sv_jump,0.6,binary_gaussian,0.05,B,252,252,-1.0943704964145997,0.749203820839609,0.1011,0.09534379707844429,0.10716255682168149,0.0415,0.037763827388615986,0.04558829911729445,243.9102,0.29757400529088973,0.8989,,not reached within 252d,252,10000,10000
sv_jump,0.6,binary_student_t,0.05,B,252,252,-1.1012677546719185,0.750497569263764,0.1327,0.126191641264928,0.13949044393817106,0.0365,0.03299884792033432,0.04035711856928287,242.4361,0.30034998366950016,0.8673,,not reached within 252d,252,10000,10000
sv_jump,0.6,ewma_student_t,0.05,B,252,252,-1.6172863225755871,0.8344205404342485,0.1899,0.1823322243737553,0.19770593141573833,0.0384,0.0348075417687003,0.04234696552710831,236.4261,0.39164702554502034,0.8101,,not reached within 252d,252,10000,10000
sv_jump,0.6,ewma_trunc_student_t,0.05,B,252,252,-1.6647596227982158,0.8408758915797462,0.2009,0.19316246709011686,0.20886724073522184,0.0396,0.03595116606388123,0.04360241963583777,235.4804,0.39988412360986714,0.7991,,not reached within 252d,252,10000,10000
sv_jump,0.6,binary_gaussian,0.05,B,504,504,-1.4597200684157916,0.8114898562464535,0.1512,0.1443125614525312,0.1583553158108528,0.0403,0.03661872063908074,0.04433432746291932,479.558,0.7176089184618496,0.8488,,not reached within 504d,504,10000,10000
sv_jump,0.6,binary_student_t,0.05,B,504,504,-1.432316273469725,0.8072619614688216,0.2232,0.21514604497645673,0.23146653652154986,0.0392,0.0355698505848916,0.04318404231352394,468.5854,0.8130176323125134,0.7767999999999999,,not reached within 504d,504,10000,10000
sv_jump,0.6,ewma_student_t,0.05,B,504,504,-2.1512772591616773,0.895788071615957,0.292,0.2831696153997778,0.3009901279224235,0.0385,0.03490280656189386,0.04245162393424062,450.3172,1.0273596863847252,0.708,,not reached within 504d,504,10000,10000
sv_jump,0.6,ewma_trunc_student_t,0.05,B,504,504,-2.243190883379143,0.9040615742018202,0.2998,0.29089830016101226,0.30885545278660653,0.0373,0.03376008880295818,0.041195263289265927,448.5247,1.0425391157034718,0.7001999999999999,,not reached within 504d,504,10000,10000
sv_jump,0.6,binary_gaussian,0.15,A,63,504,-0.9688243373725827,0.724885101280903,0.0083,0.006700968940935741,0.010276655056787622,0.0054,0.0041413174551035775,0.007038533733169711,62.864,0.018951156023616692,0.9917,,not reached within 63d,63,10000,10000
sv_jump,0.6,binary_student_t,0.15,A,63,504,-0.9579500363542126,0.7227111805775339,0.0045,0.003364971291591769,0.006015571093748737,0.0023,0.001533154495882851,0.0034490774822886323,62.9587,0.007838722826937802,0.9955,,not reached within 63d,63,10000,10000
sv_jump,0.6,ewma_student_t,0.15,A,63,504,-1.4129213853362925,0.8042263139244538,0.0044,0.0032794410394017762,0.0059011781456128655,0.0011,0.0006143506542303221,0.0019688029200307855,62.9697,0.005735981271597285,0.9956,,not reached within 63d,63,10000,10000
sv_jump,0.6,ewma_trunc_student_t,0.15,A,63,504,-1.4611727297434762,0.8117119752157803,0.0039,0.0028543608687738773,0.0053266423146114406,0.0007,0.0003391263316879597,0.0014443344412696886,62.9755,0.004942915965482741,0.9961,,not reached within 63d,63,10000,10000
sv_jump,0.6,binary_gaussian,0.15,A,126,504,-0.9688243373725827,0.724885101280903,0.038,0.0344265516422164,0.04192826285228877,0.0233,0.02052126182064658,0.026444842225956482,124.5481,0.09057057437100743,0.962,,not reached within 126d,126,10000,10000
sv_jump,0.6,binary_student_t,0.15,A,126,504,-0.9579500363542126,0.7227111805775339,0.0466,0.04264000749008216,0.05090820223244737,0.0187,0.016223869902920365,0.02154576692869293,124.6499,0.07639683662734123,0.9534,,not reached within 126d,126,10000,10000
sv_jump,0.6,ewma_student_t,0.15,A,126,504,-1.4129213853362925,0.8042263139244538,0.0718,0.0669029544182109,0.07702590178643653,0.0176,0.015201882893054925,0.020368598734973858,123.8016,0.09527765492051488,0.9282,,not reached within 126d,126,10000,10000
sv_jump,0.6,ewma_trunc_student_t,0.15,A,126,504,-1.4611727297434762,0.8117119752157803,0.0736,0.068644265639401,0.07888320817111201,0.0181,0.015666115469572122,0.020903982160085984,123.8209,0.09310321766681316,0.9264,,not reached within 126d,126,10000,10000
sv_jump,0.6,binary_gaussian,0.15,A,252,504,-0.9688243373725827,0.724885101280903,0.1413,0.13461050433900432,0.14826497609211906,0.0624,0.0578251970299051,0.06731087834411104,239.6559,0.374281415751327,0.8587,,not reached within 252d,252,10000,10000
sv_jump,0.6,binary_student_t,0.15,A,252,504,-0.9579500363542126,0.7227111805775339,0.2024,0.19464004496368897,0.2103885108665377,0.0624,0.0578251970299051,0.06731087834411104,235.4758,0.4030451413608623,0.7976,,not reached within 252d,252,10000,10000
sv_jump,0.6,ewma_student_t,0.15,A,252,504,-1.4129213853362925,0.8042263139244538,0.2533,0.24487193448313196,0.2619175303129598,0.0639,0.05927188108679942,0.06886304229210469,229.3776,0.47119777647868394,0.7466999999999999,,not reached within 252d,252,10000,10000
sv_jump,0.6,ewma_trunc_student_t,0.15,A,252,504,-1.4611727297434762,0.8117119752157803,0.2628,0.2542653864039992,0.27151678242304966,0.0646,0.05994725911845423,0.06958712666273098,228.7459,0.47410702490693657,0.7372000000000001,,not reached within 252d,252,10000,10000
sv_jump,0.6,binary_gaussian,0.15,A,504,504,-0.9688243373725827,0.724885101280903,0.3615,0.35213848949161813,0.37096787805705916,0.1356,0.12902956069227722,0.14245029732027187,427.3164,1.2549814528305567,0.6385000000000001,,not reached within 504d,504,10000,10000
sv_jump,0.6,binary_student_t,0.15,A,504,504,-0.9579500363542126,0.7227111805775339,0.4547,0.44495973679834044,0.4644750534540427,0.1307,0.12423506790872595,0.13744855328785577,401.9065,1.3662219629402106,0.5453,,not reached within 504d,504,10000,10000
sv_jump,0.6,ewma_student_t,0.15,A,504,504,-1.4129213853362925,0.8042263139244538,0.5212,0.511402728797496,0.5309809896715874,0.1329,0.126387326334787,0.1396946052689637,381.1768,1.46356085463281,0.4788,478,,504,10000,10000
sv_jump,0.6,ewma_trunc_student_t,0.15,A,504,504,-1.4611727297434762,0.8117119752157803,0.5353,0.5255129460018687,0.5450599437131615,0.1358,0.12922531740030382,0.14265438701289698,377.2012,1.469738862889768,0.4647,460,,504,10000,10000
sv_jump,0.6,binary_gaussian,0.15,B,63,63,-0.36830738558244885,0.5910499198893723,0.1858,0.17829797554474056,0.19354332903139257,0.1362,0.12961684541447105,0.1430625518000332,58.2047,0.1214015388055787,0.8142,,not reached within 63d,63,10000,10000
sv_jump,0.6,binary_student_t,0.15,B,63,63,-0.39907850369600606,0.5984662406029649,0.2174,0.2094249420541781,0.22559209382492829,0.1364,0.1298126167025602,0.1432666269125958,57.7904,0.1188014232314419,0.7826,,not reached within 63d,63,10000,10000
sv_jump,0.6,ewma_student_t,0.15,B,63,63,-0.528207811439179,0.6290650155281007,0.24,0.2317301758583749,0.2484695032943769,0.1366,0.13000839283267326,0.14347069718313446,58.1351,0.10399878063533902,0.76,,not reached within 63d,63,10000,10000
sv_jump,0.6,ewma_trunc_student_t,0.15,B,63,63,-0.537598732259442,0.6312536450671619,0.247,0.23864554349277825,0.2555487596827841,0.1377,0.13108524770141053,0.1445929975179817,58.1366,0.10263414354269282,0.753,,not reached within 63d,63,10000,10000
sv_jump,0.6,binary_gaussian,0.15,B,126,126,-0.5163587133333066,0.6262959182571477,0.2267,0.21859954253374606,0.23501035097566578,0.1364,0.1298126167025602,0.1432666269125958,114.3444,0.26045015318142783,0.7733,,not reached within 126d,126,10000,10000
sv_jump,0.6,binary_student_t,0.15,B,126,126,-0.5438799962536687,0.632714541246058,0.2721,0.26346610357089767,0.2809089228864567,0.141,0.1343166749619956,0.14795903586815015,112.4663,0.2683854495049063,0.7279,,not reached within 126d,126,10000,10000
sv_jump,0.6,ewma_student_t,0.15,B,126,126,-0.7705428146494162,0.6836383037465372,0.2949,0.2860427345541503,0.3039147815775012,0.1354,0.128833808862378,0.14224620274951938,111.9773,0.2580554160074403,0.7051000000000001,,not reached within 126d,126,10000,10000
sv_jump,0.6,ewma_trunc_student_t,0.15,B,126,126,-0.7947839171115616,0.6888576062155672,0.2993,0.29040277798913905,0.3083513589568505,0.1395,0.13284768538053285,0.14642917744472497,111.7951,0.2578702799997136,0.7007,,not reached within 126d,126,10000,10000
sv_jump,0.6,binary_gaussian,0.15,B,252,252,-0.7179427278695631,0.6721538309524852,0.2784,0.2697015870721843,0.2872686010056995,0.1339,0.12736582655334353,0.14071533705366587,223.5946,0.5581171154475156,0.7216,,not reached within 252d,252,10000,10000
sv_jump,0.6,binary_student_t,0.15,B,252,252,-0.7217783088247411,0.6729984925288678,0.3554,0.34607610227740837,0.3648349500513912,0.1438,0.13705948516535357,0.15081407527391646,214.9299,0.608041865408961,0.6446000000000001,,not reached within 252d,252,10000,10000
sv_jump,0.6,ewma_student_t,0.15,B,252,252,-1.063361573542763,0.7433324221123931,0.3881,0.3785934583725122,0.39769248046284517,0.1375,0.13088944509917524,0.1443889537195653,210.8837,0.6274715686690105,0.6119,,not reached within 252d,252,10000,10000
sv_jump,0.6,ewma_trunc_student_t,0.15,B,252,252,-1.1105011377531695,0.7522225272023436,0.3941,0.38456492641792167,0.4037164044369876,0.1366,0.13000839283267326,0.14347069718313446,210.5641,0.6250948115856882,0.6059,,not reached within 252d,252,10000,10000
sv_jump,0.6,binary_gaussian,0.15,B,504,504,-0.9688243373725827,0.724885101280903,0.3615,0.35213848949161813,0.37096787805705916,0.1356,0.12902956069227722,0.14245029732027187,427.3164,1.2549814528305567,0.6385000000000001,,not reached within 504d,504,10000,10000
sv_jump,0.6,binary_student_t,0.15,B,504,504,-0.9579500363542126,0.7227111805775339,0.4547,0.44495973679834044,0.4644750534540427,0.1307,0.12423506790872595,0.13744855328785577,401.9065,1.3662219629402106,0.5453,,not reached within 504d,504,10000,10000
sv_jump,0.6,ewma_student_t,0.15,B,504,504,-1.4129213853362925,0.8042263139244538,0.5212,0.511402728797496,0.5309809896715874,0.1329,0.126387326334787,0.1396946052689637,381.1768,1.46356085463281,0.4788,478,,504,10000,10000
sv_jump,0.6,ewma_trunc_student_t,0.15,B,504,504,-1.4611727297434762,0.8117119752157803,0.5353,0.5255129460018687,0.5450599437131615,0.1358,0.12922531740030382,0.14265438701289698,377.2012,1.469738862889768,0.4647,460,,504,10000,10000
sv_jump,1.0,binary_gaussian,0.05,A,63,504,-2.1570252450450162,0.8963234370362363,0.002,0.0012951117125432855,0.0030873506646506045,0.0008,0.0004054337198968799,0.0015779502533866333,62.9745,0.007901342804980187,0.998,,not reached within 63d,63,10000,10000
sv_jump,1.0,binary_student_t,0.05,A,63,504,-2.0410332450234274,0.885038437715469,0.0005,0.00021358842616382576,0.0011700259461420934,0.0001,1.765267360112231e-05,0.0005662688974013381,62.9977,0.00183570367456136,0.9995,,not reached within 63d,63,10000,10000
sv_jump,1.0,ewma_student_t,0.05,A,63,504,-2.8340231025072673,0.9444869164828849,0.0023,0.001533154495882851,0.0034490774822886323,0.0001,1.765267360112231e-05,0.0005662688974013381,62.9872,0.003487811990811478,0.9977,,not reached within 63d,63,10000,10000
sv_jump,1.0,ewma_trunc_student_t,0.05,A,63,504,-2.932056461309882,0.9494085422778724,0.0016,0.000985132659693478,0.0025976369161969525,0.0001,1.765267360112231e-05,0.0005662688974013381,62.9914,0.002678305683101392,0.9984,,not reached within 63d,63,10000,10000
sv_jump,1.0,binary_gaussian,0.05,A,126,504,-2.1570252450450162,0.8963234370362363,0.0128,0.010776367996168327,0.015197800016218947,0.0041,0.0030238546563457033,0.005556994927691345,125.5784,0.04624044941299978,0.9872,,not reached within 126d,126,10000,10000
sv_jump,1.0,binary_student_t,0.05,A,126,504,-2.0410332450234274,0.885038437715469,0.0162,0.01390494978185447,0.0188666070416122,0.0026,0.0017749883701664527,0.0038070132089826243,125.6597,0.034754717378192045,0.9838,,not reached within 126d,126,10000,10000
sv_jump,1.0,ewma_student_t,0.05,A,126,504,-2.8340231025072673,0.9444869164828849,0.0576,0.05320116648345306,0.06233859527492157,0.0034,0.0024341818163000862,0.004747205365455908,124.397,0.07878134138217627,0.9424,,not reached within 126d,126,10000,10000
sv_jump,1.0,ewma_trunc_student_t,0.05,A,126,504,-2.932056461309882,0.9494085422778724,0.0609,0.056379290241712454,0.06575793712741572,0.0033,0.002350823409618217,0.004630640571811913,124.395,0.07683884382779377,0.9391,,not reached within 126d,126,10000,10000
sv_jump,1.0,binary_gaussian,0.05,A,252,504,-2.1570252450450162,0.8963234370362363,0.0754,0.0703864668306932,0.08073962458568536,0.0155,0.013258222525509154,0.018113871895676464,246.6201,0.23614684866077135,0.9246,,not reached within 252d,252,10000,10000
sv_jump,1.0,binary_student_t,0.05,A,252,504,-2.0410332450234274,0.885038437715469,0.1417,0.13500229304849884,0.14867288018392796,0.0142,0.012060574139796656,0.016712518677152722,242.9081,0.2790483689940219,0.8583000000000001,,not reached within 252d,252,10000,10000
sv_jump,1.0,ewma_student_t,0.05,A,252,504,-2.8340231025072673,0.9444869164828849,0.246,0.23765744868037036,0.2545376224919333,0.0153,0.013073671515406563,0.017898576505127325,231.6103,0.43731063038730833,0.754,,not reached within 252d,252,10000,10000
sv_jump,1.0,ewma_trunc_student_t,0.05,A,252,504,-2.932056461309882,0.9494085422778724,0.2555,0.24704678932489052,0.2641409858783702,0.0156,0.013350536779147534,0.018221480842363948,230.8225,0.4427993298319792,0.7444999999999999,,not reached within 252d,252,10000,10000
sv_jump,1.0,binary_gaussian,0.05,A,504,504,-2.1570252450450162,0.8963234370362363,0.2892,0.2803959849711735,0.2981659087419037,0.0392,0.0355698505848916,0.04318404231352394,454.0461,0.9874438525886936,0.7108,,not reached within 504d,504,10000,10000
sv_jump,1.0,binary_student_t,0.05,A,504,504,-2.0410332450234274,0.885038437715469,0.447,0.4372775927846153,0.4567631110426763,0.0384,0.0348075417687003,0.04234696552710831,418.5918,1.1877697407206909,0.5529999999999999,,not reached within 504d,504,10000,10000
sv_jump,1.0,ewma_student_t,0.05,A,504,504,-2.8340231025072673,0.9444869164828849,0.5661,0.5563626422439336,0.575786593171463,0.0391,0.035474538349595804,0.04307943134849388,378.5753,1.4109928004987504,0.43389999999999995,441,,504,10000,10000
sv_jump,1.0,ewma_trunc_student_t,0.05,A,504,504,-2.932056461309882,0.9494085422778724,0.5819,0.5722028963689806,0.5915342046979025,0.039,0.035379232816902695,0.04297481368086112,374.0929,1.417744133051405,0.4181,425,,504,10000,10000
sv_jump,1.0,binary_gaussian,0.05,B,63,63,-0.9431677733559306,0.7197390885358049,0.0731,0.06816047751850315,0.07836738029038051,0.0401,0.036427958323164145,0.04412524337818417,61.4564,0.06675549066221712,0.9269000000000001,,not reached within 63d,63,10000,10000
sv_jump,1.0,binary_student_t,0.05,B,63,63,-0.932840791194989,0.7176512648653064,0.1084,0.10245645550232378,0.11464429202159011,0.0381,0.03452178876493106,0.04203294892989998,61.0481,0.06869199733629679,0.8916,,not reached within 63d,63,10000,10000
sv_jump,1.0,ewma_student_t,0.05,B,63,63,-1.1806699811750025,0.7650682467776886,0.161,0.1539269080251769,0.16833344287014185,0.0421,0.03833671543427698,0.04621495027358863,60.5618,0.06819327758885645,0.839,,not reached within 63d,63,10000,10000
sv_jump,1.0,ewma_trunc_student_t,0.05,B,63,63,-1.1963026661610874,0.7678663954492669,0.1669,0.15971975139269945,0.17433606832184528,0.0418,0.03805024400211621,0.0459016521047718,60.528,0.06771159491555785,0.8331,,not reached within 63d,63,10000,10000
sv_jump,1.0,binary_gaussian,0.05,B,126,126,-1.2613939395685876,0.7792659733804489,0.1098,0.1038215433954816,0.11607812893299439,0.0445,0.04063039538203104,0.048719427133655326,121.6828,0.15340512289090255,0.8902,,not reached within 126d,126,10000,10000
sv_jump,1.0,binary_student_t,0.05,B,126,126,-1.2384820584841925,0.775299684061558,0.1634,0.1562829132034274,0.17077559449971202,0.0425,0.03871876165407628,0.04663259685509281,119.8058,0.17208431054861945,0.8366,,not reached within 126d,126,10000,10000
sv_jump,1.0,ewma_student_t,0.05,B,126,126,-1.675334347981078,0.8422857330094404,0.2354,0.22718746277332913,0.24381574916443288,0.0437,0.03986546628744224,0.04788497062563722,116.4675,0.20644703052512348,0.7646,,not reached within 126d,126,10000,10000
sv_jump,1.0,ewma_trunc_student_t,0.05,B,126,126,-1.734035963997568,0.849927936596781,0.2374,0.2291623903059433,0.24583928563833604,0.0422,0.03843221799684181,0.046319370911349675,116.4945,0.2039540063315008,0.7626,,not reached within 126d,126,10000,10000
sv_jump,1.0,binary_gaussian,0.05,B,252,252,-1.6764316890392208,0.8424314495726383,0.1672,0.16001439175345022,0.17464119756207208,0.0421,0.03833671543427698,0.04621495027358863,238.1208,0.3855331429545735,0.8328,,not reached within 252d,252,10000,10000
sv_jump,1.0,binary_student_t,0.05,B,252,252,-1.6449195426431955,0.8382032293452352,0.2631,0.25456210710668414,0.27181983132134235,0.0374,0.033855276482213766,0.04129999881033621,230.9747,0.43784848648900465,0.7369,,not reached within 252d,252,10000,10000
sv_jump,1.0,ewma_student_t,0.05,B,252,252,-2.258364916085747,0.9053696373089248,0.3588,0.3494549339978697,0.3682535071420093,0.0391,0.035474538349595804,0.04307943134849388,217.5886,0.5625042187429444,0.6412,,not reached within 252d,252,10000,10000
sv_jump,1.0,ewma_trunc_student_t,0.05,B,252,252,-2.315809090522683,0.9101779051580825,0.3748,0.3653621547004867,0.3843339984915306,0.0412,0.03747746616189304,0.045274890743039795,215.988,0.5707158989056871,0.6252,,not reached within 252d,252,10000,10000
sv_jump,1.0,binary_gaussian,0.05,B,504,504,-2.1570252450450162,0.8963234370362363,0.2892,0.2803959849711735,0.2981659087419037,0.0392,0.0355698505848916,0.04318404231352394,454.0461,0.9874438525886936,0.7108,,not reached within 504d,504,10000,10000
sv_jump,1.0,binary_student_t,0.05,B,504,504,-2.0410332450234274,0.885038437715469,0.447,0.4372775927846153,0.4567631110426763,0.0384,0.0348075417687003,0.04234696552710831,418.5918,1.1877697407206909,0.5529999999999999,,not reached within 504d,504,10000,10000
sv_jump,1.0,ewma_student_t,0.05,B,504,504,-2.8340231025072673,0.9444869164828849,0.5661,0.5563626422439336,0.575786593171463,0.0391,0.035474538349595804,0.04307943134849388,378.5753,1.4109928004987504,0.43389999999999995,441,,504,10000,10000
sv_jump,1.0,ewma_trunc_student_t,0.05,B,504,504,-2.932056461309882,0.9494085422778724,0.5819,0.5722028963689806,0.5915342046979025,0.039,0.035379232816902695,0.04297481368086112,374.0929,1.417744133051405,0.4181,425,,504,10000,10000
sv_jump,1.0,binary_gaussian,0.15,A,63,504,-1.363592455717506,0.7963429455664578,0.018,0.015573227249600538,0.020796947179731698,0.0115,0.009589873754053874,0.01378529265409716,62.6778,0.029901640871575617,0.982,,not reached within 63d,63,10000,10000
sv_jump,1.0,binary_student_t,0.15,A,63,504,-1.298149394017567,0.7855233643387737,0.0245,0.02164766048220529,0.02771752196830815,0.0088,0.0071487758942133965,0.010828464105139289,62.6793,0.024992551165524825,0.9755,,not reached within 63d,63,10000,10000
sv_jump,1.0,ewma_student_t,0.15,A,63,504,-1.8018278469036968,0.8583712920712525,0.0383,0.034712283854238454,0.0422423002412443,0.0059,0.004577046502138715,0.007602420687763897,62.6338,0.023225066121964795,0.9617,,not reached within 63d,63,10000,10000
sv_jump,1.0,ewma_trunc_student_t,0.15,A,63,504,-1.8551247691236656,0.8647276875336869,0.0358,0.03233315015352837,0.039623353933807774,0.0052,0.003967852921628256,0.006812151865993303,62.6868,0.0211290136902306,0.9642,,not reached within 63d,63,10000,10000
sv_jump,1.0,binary_gaussian,0.15,A,126,504,-1.363592455717506,0.7963429455664578,0.0845,0.07920689375256253,0.09011220889346973,0.0348,0.03138280279392551,0.038574469290151986,122.7704,0.13363245918344369,0.9155,,not reached within 126d,126,10000,10000
sv_jump,1.0,binary_student_t,0.15,A,126,504,-1.298149394017567,0.7855233643387737,0.1435,0.13676556977562515,0.1505082210626672,0.0346,0.031192827397953683,0.03836459828547208,120.7992,0.15674822147792827,0.8565,,not reached within 126d,126,10000,10000
sv_jump,1.0,ewma_student_t,0.15,A,126,504,-1.8018278469036968,0.8583712920712525,0.2021,0.19434451575807277,0.21008427047117634,0.0328,0.029484520412646858,0.03647428766491334,118.2032,0.1865036442993372,0.7979,,not reached within 126d,126,10000,10000
sv_jump,1.0,ewma_trunc_student_t,0.15,A,126,504,-1.8551247691236656,0.8647276875336869,0.2084,0.20055204086416037,0.21647190698561822,0.033,0.02967419810234849,0.03668445637586344,118.0584,0.1855220762822549,0.7916,,not reached within 126d,126,10000,10000
sv_jump,1.0,binary_gaussian,0.15,A,252,504,-1.363592455717506,0.7963429455664578,0.2725,0.2638619422352064,0.28131277702345137,0.0764,0.07135473014135223,0.08177059327828497,226.559,0.5140287875785227,0.7275,,not reached within 252d,252,10000,10000
sv_jump,1.0,binary_student_t,0.15,A,252,504,-1.298149394017567,0.7855233643387737,0.4075,0.3979066430575874,0.4171643966409876,0.0822,0.07697566063788176,0.0877452084006556,211.4536,0.6067870497599431,0.5925,,not reached within 252d,252,10000,10000
sv_jump,1.0,ewma_student_t,0.15,A,252,504,-1.8018278469036968,0.8583712920712525,0.4762,0.4664223028922161,0.485995975430228,0.0824,0.07716963202033106,0.08795108341885804,200.3491,0.6707302071772837,0.5238,,not reached within 252d,252,10000,10000
sv_jump,1.0,ewma_trunc_student_t,0.15,A,252,504,-1.8551247691236656,0.8647276875336869,0.489,0.4792086562747762,0.49879979168937855,0.0832,0.07794561133220078,0.08877448970959521,198.9541,0.6728137834183511,0.511,,not reached within 252d,252,10000,10000
sv_jump,1.0,binary_gaussian,0.15,A,504,504,-1.363592455717506,0.7963429455664578,0.5599,0.5501495974189788,0.569604399576214,0.1377,0.13108524770141053,0.1445929975179817,370.6486,1.5001933441430078,0.44010000000000005,440,,504,10000,10000
sv_jump,1.0,binary_student_t,0.15,A,504,504,-1.298149394017567,0.7855233643387737,0.6948,0.6857011411219766,0.7037492531128077,0.1336,0.12707226342302283,0.14040913058300894,319.691,1.5825024117796247,0.3052,312,,504,10000,10000
sv_jump,1.0,ewma_student_t,0.15,A,504,504,-1.8018278469036968,0.8583712920712525,0.7573,0.7487995664748273,0.7656028279636224,0.1321,0.12560461617507385,0.13887792982607,291.555,1.600869062626787,0.24270000000000003,268,,504,10000,10000
sv_jump,1.0,ewma_trunc_student_t,0.15,A,504,504,-1.8551247691236656,0.8647276875336869,0.7653,0.7568925490778982,0.7735037013866208,0.1344,0.12785512320476278,0.1412256564038759,287.24,1.5946045203615962,0.23470000000000002,259,,504,10000,10000
sv_jump,1.0,binary_gaussian,0.15,B,63,63,-0.5785334301671526,0.6407298788665933,0.2335,0.2253115191430566,0.241893151988514,0.1361,0.12951896158898943,0.142960512425189,56.8238,0.13577598781775366,0.7665,,not reached within 63d,63,10000,10000
sv_jump,1.0,binary_student_t,0.15,B,63,63,-0.6243090583435575,0.6511979411428692,0.2862,0.2774246952587414,0.29513950244455983,0.1359,0.12932319758077757,0.1427564300327491,55.8766,0.13635364489315116,0.7138,,not reached within 63d,63,10000,10000
sv_jump,1.0,ewma_student_t,0.15,B,63,63,-0.7958998033844114,0.6890967268320585,0.3306,0.3214463472136437,0.3398837514343415,0.1336,0.12707226342302283,0.14040913058300894,55.5519,0.12779281567981018,0.6694,,not reached within 63d,63,10000,10000
sv_jump,1.0,ewma_trunc_student_t,0.15,B,63,63,-0.8113225986205199,0.6923912704174309,0.3379,0.3286932996680645,0.3472311926037087,0.1353,0.12873593477957124,0.14214415363200028,55.5683,0.12616649836438734,0.6621,,not reached within 63d,63,10000,10000
sv_jump,1.0,binary_gaussian,0.15,B,126,126,-0.7946271549963504,0.6888240059570719,0.3037,0.2947638085137645,0.31278694924656314,0.1374,0.13079154559496972,0.14428693002344492,109.769,0.29896160573587105,0.6962999999999999,,not reached within 126d,126,10000,10000
sv_jump,1.0,binary_student_t,0.15,B,126,126,-0.8183638239034476,0.6938889150002595,0.3931,0.38356957649300133,0.40271252235864924,0.141,0.1343166749619956,0.14795903586815015,105.132,0.31915676979248053,0.6069,,not reached within 126d,126,10000,10000
sv_jump,1.0,ewma_student_t,0.15,B,126,126,-1.1122987805238473,0.7525574267515296,0.4291,0.41942825404177353,0.4388261969271883,0.135,0.12844231987342905,0.1418379989371649,103.1736,0.31832894878719964,0.5709,,not reached within 126d,126,10000,10000
sv_jump,1.0,ewma_trunc_student_t,0.15,B,126,126,-1.1483776896684814,0.7592144706005277,0.4349,0.425210430436896,0.444639566150966,0.1364,0.1298126167025602,0.1432666269125958,103.1041,0.31523509264573246,0.5650999999999999,,not reached within 126d,126,10000,10000
sv_jump,1.0,binary_gaussian,0.15,B,252,252,-1.0685597711236916,0.7443229276473311,0.4026,0.39302708973179307,0.4122477131508147,0.1324,0.12589812306353074,0.13918419253859068,207.8843,0.6643284764207074,0.5973999999999999,,not reached within 252d,252,10000,10000
sv_jump,1.0,binary_student_t,0.15,B,252,252,-1.0448882315906678,0.7397920918551785,0.5289,0.5191073383315865,0.5386704665625885,0.1408,0.13412079451422496,0.14775506991526913,190.2767,0.7276905984494421,0.47109999999999996,236,,252,10000,10000
sv_jump,1.0,ewma_student_t,0.15,B,252,252,-1.467443756790305,0.8126685386949007,0.5716,0.5618755083505884,0.5812695030827306,0.1359,0.12932319758077757,0.1427564300327491,182.6067,0.7508315765314026,0.4284,212,,252,10000,10000
sv_jump,1.0,ewma_trunc_student_t,0.15,B,252,252,-1.5121247549132382,0.8193758819667653,0.5802,0.5704980788756839,0.5898403277856596,0.1363,0.12971473045270238,0.14316458996212778,181.3133,0.7492647690105335,0.41979999999999995,206,,252,10000,10000
sv_jump,1.0,binary_gaussian,0.15,B,504,504,-1.363592455717506,0.7963429455664578,0.5599,0.5501495974189788,0.569604399576214,0.1377,0.13108524770141053,0.1445929975179817,370.6486,1.5001933441430078,0.44010000000000005,440,,504,10000,10000
sv_jump,1.0,binary_student_t,0.15,B,504,504,-1.298149394017567,0.7855233643387737,0.6948,0.6857011411219766,0.7037492531128077,0.1336,0.12707226342302283,0.14040913058300894,319.691,1.5825024117796247,0.3052,312,,504,10000,10000
sv_jump,1.0,ewma_student_t,0.15,B,504,504,-1.8018278469036968,0.8583712920712525,0.7573,0.7487995664748273,0.7656028279636224,0.1321,0.12560461617507385,0.13887792982607,291.555,1.600869062626787,0.24270000000000003,268,,504,10000,10000
sv_jump,1.0,ewma_trunc_student_t,0.15,B,504,504,-1.8551247691236656,0.8647276875336869,0.7653,0.7568925490778982,0.7735037013866208,0.1344,0.12785512320476278,0.1412256564038759,287.24,1.5946045203615962,0.23470000000000002,259,,504,10000,10000
