scenario,sharpe_valid,method,true_state,day,n_paths,median_q,q10,q90,mean_q
gaussian_ctrl,1.0,binary_gaussian,valid,63,10000,0.4681251810447739,0.3160016068625453,0.6257355135460414,0.47008457918759705
gaussian_ctrl,1.0,binary_gaussian,valid,126,10000,0.43529884816160525,0.23825789892218055,0.6582219596819885,0.44260362997907615
gaussian_ctrl,1.0,binary_gaussian,valid,252,10000,0.3735208128034849,0.14240336442752277,0.6826995319864319,0.3947437665428657
gaussian_ctrl,1.0,binary_gaussian,valid,504,10000,0.2680669713302688,0.05608915173669672,0.6901068301873818,0.32250305432321086
gaussian_ctrl,1.0,binary_gaussian,invalid,63,10000,0.5320909369478191,0.3778967910727064,0.6840900190458565,0.5309913633133801
gaussian_ctrl,1.0,binary_gaussian,invalid,126,10000,0.5640161731029457,0.34373777935926764,0.761513371125337,0.5588258587502271
gaussian_ctrl,1.0,binary_gaussian,invalid,252,10000,0.6268523389506067,0.3160743604366,0.8555280267286478,0.604429645988051
gaussian_ctrl,1.0,binary_gaussian,invalid,504,10000,0.7340949741932411,0.3165862383700542,0.943587513126006,0.6778686936256824
gaussian_ctrl,1.0,binary_student_t,valid,63,10000,0.46380959070753314,0.28651866987363567,0.6506885099588646,0.46663582578782936
gaussian_ctrl,1.0,binary_student_t,valid,126,10000,0.4252598589597424,0.19999349476141956,0.6925786208250341,0.43696327180089445
gaussian_ctrl,1.0,binary_student_t,valid,252,10000,0.35526063534666813,0.10612516497905175,0.7249447006732862,0.38762049205550386
gaussian_ctrl,1.0,binary_student_t,valid,504,10000,0.24196081748307352,0.03292231452664773,0.7353480063837092,0.31632795594550867
gaussian_ctrl,1.0,binary_student_t,invalid,63,10000,0.5372644954523558,0.3503921229980857,0.7138997552383197,0.5344819077714378
gaussian_ctrl,1.0,binary_student_t,invalid,126,10000,0.5735687277358554,0.3156457248329296,0.7964612580711075,0.5641285795801985
gaussian_ctrl,1.0,binary_student_t,invalid,252,10000,0.6410421620512413,0.28010182383573967,0.8901355024026802,0.610969406590191
gaussian_ctrl,1.0,binary_student_t,invalid,504,10000,0.758092665637921,0.26805871734277664,0.9661882146523281,0.6846243341771724
gaussian_ctrl,1.0,ewma_gaussian,valid,63,10000,0.4657003333685991,0.30360498163143973,0.6362142489152673,0.46864054436037067
gaussian_ctrl,1.0,ewma_gaussian,valid,126,10000,0.4325899899446421,0.22305089648326257,0.6752327535876289,0.4402332710500346
gaussian_ctrl,1.0,ewma_gaussian,valid,252,10000,0.36569536040802253,0.12638646120912572,0.7002705090101099,0.392022672044506
gaussian_ctrl,1.0,ewma_gaussian,valid,504,10000,0.25416358917601967,0.04428534506095521,0.7112708358057025,0.3194701782038924
gaussian_ctrl,1.0,ewma_gaussian,invalid,63,10000,0.5329787433137396,0.3670899787688815,0.6954699026169777,0.5320828935354817
gaussian_ctrl,1.0,ewma_gaussian,invalid,126,10000,0.565788433176081,0.33106758154310717,0.7797411318575219,0.5610620417955775
gaussian_ctrl,1.0,ewma_gaussian,invalid,252,10000,0.6346798429125056,0.3001959530190144,0.8721152468154123,0.6079921483224022
gaussian_ctrl,1.0,ewma_gaussian,invalid,504,10000,0.7457384429306809,0.28803645444686726,0.9538670014748204,0.6807685902399159
gaussian_ctrl,1.0,ewma_student_t,valid,63,10000,0.46274590027242213,0.27996362272179404,0.6549841926984293,0.46587457960042683
gaussian_ctrl,1.0,ewma_student_t,valid,126,10000,0.42280976747706783,0.1917251894084959,0.7004400500362008,0.435951413647198
gaussian_ctrl,1.0,ewma_student_t,valid,252,10000,0.3514719778545974,0.09826408274258784,0.73559392730781,0.38688122070537495
gaussian_ctrl,1.0,ewma_student_t,valid,504,10000,0.23789201753177353,0.029834495649513522,0.7485259964785175,0.3160301488702042
gaussian_ctrl,1.0,ewma_student_t,invalid,63,10000,0.537791296792137,0.3450553746634085,0.7219998405143095,0.5347903520752356
gaussian_ctrl,1.0,ewma_student_t,invalid,126,10000,0.5746759979440852,0.3070507186831678,0.806699773315637,0.5650197734791944
gaussian_ctrl,1.0,ewma_student_t,invalid,252,10000,0.6451128715034051,0.26773734220491574,0.8981824095353466,0.6125053301586215
gaussian_ctrl,1.0,ewma_student_t,invalid,504,10000,0.7650354541695465,0.2557325698649256,0.9696039479817282,0.6850181113827027
gaussian_ctrl,1.0,ewma_trunc_gaussian,valid,63,10000,0.4656449914396219,0.3035847293545314,0.6362203457983693,0.4686306229107344
gaussian_ctrl,1.0,ewma_trunc_gaussian,valid,126,10000,0.4325023957826556,0.22268272230668845,0.6752327535876289,0.4402222176816176
gaussian_ctrl,1.0,ewma_trunc_gaussian,valid,252,10000,0.36534830031909404,0.12638646120912572,0.7002210192373993,0.39198717736556626
gaussian_ctrl,1.0,ewma_trunc_gaussian,valid,504,10000,0.2542204197958555,0.04420233039925546,0.7117605783248886,0.3194398593729188
gaussian_ctrl,1.0,ewma_trunc_gaussian,invalid,63,10000,0.5329787433137396,0.3670899787688815,0.6954699026169777,0.532088928173269
gaussian_ctrl,1.0,ewma_trunc_gaussian,invalid,126,10000,0.5657383050587892,0.3310298611119555,0.779799160949616,0.5610861969387763
gaussian_ctrl,1.0,ewma_trunc_gaussian,invalid,252,10000,0.6346798429125056,0.3001650418828244,0.8722850722098541,0.6080258038473471
gaussian_ctrl,1.0,ewma_trunc_gaussian,invalid,504,10000,0.7456241333376039,0.28803645444686726,0.9538670014748204,0.6808338619288634
gaussian_ctrl,1.0,ewma_trunc_student_t,valid,63,10000,0.46274590027242213,0.27996362272179404,0.6549841926984293,0.46586581829317275
gaussian_ctrl,1.0,ewma_trunc_student_t,valid,126,10000,0.4228050476237246,0.1916846917680026,0.7006346228415278,0.4359467310959539
gaussian_ctrl,1.0,ewma_trunc_student_t,valid,252,10000,0.3516402729019439,0.0982743633584549,0.73559392730781,0.3868598877342283
gaussian_ctrl,1.0,ewma_trunc_student_t,valid,504,10000,0.23803714667412226,0.02979290886734005,0.7485403310675757,0.3160122020829293
gaussian_ctrl,1.0,ewma_trunc_student_t,invalid,63,10000,0.5378268593339068,0.3450553746634085,0.7219998405143095,0.5347963029620731
gaussian_ctrl,1.0,ewma_trunc_student_t,invalid,126,10000,0.5747115927734473,0.3070456562564651,0.806699773315637,0.5650356617828013
gaussian_ctrl,1.0,ewma_trunc_student_t,invalid,252,10000,0.6452323804011091,0.26773734220491574,0.8981824095353466,0.6125287269480308
gaussian_ctrl,1.0,ewma_trunc_student_t,invalid,504,10000,0.765348815217114,0.2556335341132731,0.9696314034181606,0.685054847135984
gaussian_ctrl,0.6,binary_gaussian,valid,63,10000,0.48835124550193076,0.3933326414941404,0.5837967168141395,0.48873361133342114
gaussian_ctrl,0.6,binary_gaussian,valid,126,10000,0.47597892686611865,0.3458452296546621,0.6114065418474035,0.47752995679353055
gaussian_ctrl,0.6,binary_gaussian,valid,252,10000,0.45257174712055503,0.2774226841730239,0.6410037580088153,0.45631611232617325
gaussian_ctrl,0.6,binary_gaussian,valid,504,10000,0.4103130722561843,0.18940920441116393,0.6726887687722699,0.42077092128647076
gaussian_ctrl,0.6,binary_gaussian,invalid,63,10000,0.5117788866804387,0.41846182921572384,0.6067280541963299,0.5119588355376959
gaussian_ctrl,0.6,binary_gaussian,invalid,126,10000,0.5236041084498951,0.3898342951430325,0.6539837338090962,0.5233634400706728
gaussian_ctrl,0.6,binary_gaussian,invalid,252,10000,0.5476653336704287,0.3582143046391575,0.7205476983169821,0.5428951856782971
gaussian_ctrl,0.6,binary_gaussian,invalid,504,10000,0.5912897116377863,0.33143478400364007,0.8100290814033392,0.5791400369961646
gaussian_ctrl,0.6,binary_student_t,valid,63,10000,0.4868516586286546,0.3743299366150772,0.6007285516545167,0.48727647024337895
gaussian_ctrl,0.6,binary_student_t,valid,126,10000,0.47162955016785313,0.3180800983292928,0.6350243204788877,0.4747318841949977
gaussian_ctrl,0.6,binary_student_t,valid,252,10000,0.44525985133652113,0.24223574691753677,0.6722891906424698,0.4518786839177172
gaussian_ctrl,0.6,binary_student_t,valid,504,10000,0.39820011927414134,0.14787471499864593,0.7087482421557518,0.41485612582193787
gaussian_ctrl,0.6,binary_student_t,invalid,63,10000,0.5138687650099105,0.40016144480410276,0.6260367691933134,0.5134850266583043
gaussian_ctrl,0.6,binary_student_t,invalid,126,10000,0.5275088852086813,0.3696300266134334,0.6794038507768436,0.5258854576569645
gaussian_ctrl,0.6,binary_student_t,invalid,252,10000,0.552250515398238,0.33153453824346496,0.7538163982590496,0.546873878999818
gaussian_ctrl,0.6,binary_student_t,invalid,504,10000,0.6015054925117203,0.29343826501852655,0.8503223262282036,0.5858279170402813
gaussian_ctrl,0.6,ewma_gaussian,valid,63,10000,0.4874665594117307,0.38504866464250115,0.590989391476338,0.48810887425935134
gaussian_ctrl,0.6,ewma_gaussian,valid,126,10000,0.4752131291371008,0.334198920087219,0.6234040992139893,0.47640555339090523
gaussian_ctrl,0.6,ewma_gaussian,valid,252,10000,0.44915553916933504,0.26191797215963275,0.6540139292975842,0.45465590823379554
gaussian_ctrl,0.6,ewma_gaussian,valid,504,10000,0.40395472335160953,0.16910008417067096,0.6891784563099839,0.4179032176465384
gaussian_ctrl,0.6,ewma_gaussian,invalid,63,10000,0.5117845176419455,0.4113128905579126,0.6142298340320522,0.5123647800354832
gaussian_ctrl,0.6,ewma_gaussian,invalid,126,10000,0.5241098619172919,0.38020933788809,0.667098520588677,0.5244396844364047
gaussian_ctrl,0.6,ewma_gaussian,invalid,252,10000,0.5502992202730994,0.3466692545104073,0.7357638288663101,0.5449458981831656
gaussian_ctrl,0.6,ewma_gaussian,invalid,504,10000,0.5965829501151605,0.3103200909924372,0.8279257632838285,0.5818160803584864
gaussian_ctrl,0.6,ewma_student_t,valid,63,10000,0.486282622998948,0.3698709902198428,0.6032886641695993,0.4868932686563342
gaussian_ctrl,0.6,ewma_student_t,valid,126,10000,0.4707115810225987,0.31117724174095746,0.6407205465636815,0.47418945344902474
gaussian_ctrl,0.6,ewma_student_t,valid,252,10000,0.4429464797039383,0.23309755410251665,0.6802732408635356,0.45127047648001434
gaussian_ctrl,0.6,ewma_student_t,valid,504,10000,0.3979049157109913,0.1413302649107996,0.7185575212908829,0.4139756104064789
gaussian_ctrl,0.6,ewma_student_t,invalid,63,10000,0.514002570836299,0.39610731915403957,0.6313076026809127,0.5135885968210008
gaussian_ctrl,0.6,ewma_student_t,invalid,126,10000,0.5276244512494791,0.3632857449684038,0.6874178567873718,0.5264173290657198
gaussian_ctrl,0.6,ewma_student_t,invalid,252,10000,0.5540599823785675,0.322204314041978,0.7627932931120469,0.5479871806648553
gaussian_ctrl,0.6,ewma_student_t,invalid,504,10000,0.6049907720701495,0.28487435691599455,0.8581107459010944,0.5867012232908204
gaussian_ctrl,0.6,ewma_trunc_gaussian,valid,63,10000,0.4874593651579924,0.3850168808490442,0.590989391476338,0.48810451100630153
gaussian_ctrl,0.6,ewma_trunc_gaussian,valid,126,10000,0.47521997409592054,0.3340785064994948,0.6234040992139893,0.47640250020978564
gaussian_ctrl,0.6,ewma_trunc_gaussian,valid,252,10000,0.44900809448476997,0.26191797215963275,0.6539787520281068,0.4546372112588906
gaussian_ctrl,0.6,ewma_trunc_gaussian,valid,504,10000,0.40395472335160953,0.16899643724123262,0.689205606750817,0.41788447929924877
gaussian_ctrl,0.6,ewma_trunc_gaussian,invalid,63,10000,0.5117845176419455,0.4113128905579126,0.6143629801079566,0.5123675258346502
gaussian_ctrl,0.6,ewma_trunc_gaussian,invalid,126,10000,0.5240555079595036,0.380136475486246,0.6671851652525769,0.5244537466766944
gaussian_ctrl,0.6,ewma_trunc_gaussian,invalid,252,10000,0.5503818980718571,0.3466692545104073,0.7358255376749372,0.5449660592585417
gaussian_ctrl,0.6,ewma_trunc_gaussian,invalid,504,10000,0.5965768505245999,0.3103200909924372,0.8279680296598695,0.5818573733108191
gaussian_ctrl,0.6,ewma_trunc_student_t,valid,63,10000,0.486282622998948,0.3698709902198428,0.6032737688507741,0.48688878956095805
gaussian_ctrl,0.6,ewma_trunc_student_t,valid,126,10000,0.47065142011448696,0.3111624319826,0.6407205465636815,0.4741886633485985
gaussian_ctrl,0.6,ewma_trunc_student_t,valid,252,10000,0.4429464797039383,0.23309755410251665,0.6802732408635356,0.45125795931896956
gaussian_ctrl,0.6,ewma_trunc_student_t,valid,504,10000,0.39782205229432444,0.1409049046094284,0.7185575212908829,0.4139622917352965
gaussian_ctrl,0.6,ewma_trunc_student_t,invalid,63,10000,0.514022011773811,0.39610731915403957,0.6313076026809127,0.5135913547336365
gaussian_ctrl,0.6,ewma_trunc_student_t,invalid,126,10000,0.5276663329479567,0.3632373953522073,0.6874178567873718,0.5264262657053
gaussian_ctrl,0.6,ewma_trunc_student_t,invalid,252,10000,0.5541016069669622,0.3221882286103445,0.7627932931120469,0.548002203239186
gaussian_ctrl,0.6,ewma_trunc_student_t,invalid,504,10000,0.6053790483623549,0.28471489658937044,0.8583560181530661,0.5867287537866192
sv_ctrl,1.0,binary_gaussian,valid,63,10000,0.46875506003732936,0.33022185997288644,0.6044848044220209,0.4696646681388151
sv_ctrl,1.0,binary_gaussian,valid,126,10000,0.4379516891294474,0.2523074978302612,0.6424691732563101,0.44304973587078456
sv_ctrl,1.0,binary_gaussian,valid,252,10000,0.372887674345706,0.14995279462037786,0.6706008087637066,0.3939769020715533
sv_ctrl,1.0,binary_gaussian,valid,504,10000,0.2652331258756971,0.056190637721439375,0.677921134993485,0.3189946722866678
sv_ctrl,1.0,binary_gaussian,invalid,63,10000,0.5316831663198992,0.38624027573299324,0.6673860784118748,0.5294867072973564
sv_ctrl,1.0,binary_gaussian,invalid,126,10000,0.5637618464717296,0.3546155039522998,0.7448363309642009,0.555407220810072
sv_ctrl,1.0,binary_gaussian,invalid,252,10000,0.6208127770429209,0.3316268252780209,0.8447005765504446,0.6019763490781679
sv_ctrl,1.0,binary_gaussian,invalid,504,10000,0.7293770462685331,0.3229395546507271,0.9377563157037858,0.6779321049791971
sv_ctrl,1.0,binary_student_t,valid,63,10000,0.45820463580474047,0.3027051732448623,0.6257069789096601,0.4619913236897825
sv_ctrl,1.0,binary_student_t,valid,126,10000,0.4188962177304463,0.21727944115087666,0.6552432579358176,0.42823428257992535
sv_ctrl,1.0,binary_student_t,valid,252,10000,0.3351099309876874,0.11788299679566032,0.673390596362452,0.36850376754862274
sv_ctrl,1.0,binary_student_t,valid,504,10000,0.2091135953670636,0.03648073420307008,0.6575169526139943,0.2818627107140654
sv_ctrl,1.0,binary_student_t,invalid,63,10000,0.5433469213412262,0.3727512651807597,0.697005294529001,0.5381711372271464
sv_ctrl,1.0,binary_student_t,invalid,126,10000,0.584093682307245,0.3419099542551351,0.7822057670399687,0.5716439949618439
sv_ctrl,1.0,binary_student_t,invalid,252,10000,0.6572692576051745,0.3253023921903769,0.8793462000976608,0.6287976439020292
sv_ctrl,1.0,binary_student_t,invalid,504,10000,0.7876004778125517,0.34777237804995287,0.9607205409024208,0.7175894286467532
sv_ctrl,1.0,ewma_gaussian,valid,63,10000,0.4538442404707287,0.26999598769915767,0.6363491264611941,0.4532223965162242
sv_ctrl,1.0,ewma_gaussian,valid,126,10000,0.3973173604334377,0.14297863476964603,0.6800741841471244,0.4066944795551537
sv_ctrl,1.0,ewma_gaussian,valid,252,10000,0.28396638226771787,0.043970179849363154,0.7051230282896307,0.3327518037529639
sv_ctrl,1.0,ewma_gaussian,valid,504,10000,0.12424604961292997,0.005272428868327622,0.6782120347690008,0.23587857149631464
sv_ctrl,1.0,ewma_gaussian,invalid,63,10000,0.548178615025598,0.3542579987167896,0.7340411932819513,0.5458996729721788
sv_ctrl,1.0,ewma_gaussian,invalid,126,10000,0.6052898617372876,0.3177465389044596,0.8581053848524015,0.5944890276016668
sv_ctrl,1.0,ewma_gaussian,invalid,252,10000,0.7126179000166981,0.29144972448538536,0.9592463641293869,0.6663803568683767
sv_ctrl,1.0,ewma_gaussian,invalid,504,10000,0.8786255911176957,0.3400509645215843,0.9949192000823229,0.7687211172994519
sv_ctrl,1.0,ewma_student_t,valid,63,10000,0.4469070217465571,0.23656901973886343,0.6525721467130992,0.4460567309836252
sv_ctrl,1.0,ewma_student_t,valid,126,10000,0.3856897571215707,0.1137483645190788,0.6940136709351443,0.3960766105725511
sv_ctrl,1.0,ewma_student_t,valid,252,10000,0.2607693888456184,0.030959274003942747,0.7155256897115653,0.31905332332554154
sv_ctrl,1.0,ewma_student_t,valid,504,10000,0.09589508806228526,0.002893158025619312,0.6762166477454082,0.22069705243143725
sv_ctrl,1.0,ewma_student_t,invalid,63,10000,0.5572909514085225,0.34007263111611924,0.7704574055383745,0.5556282862354698
sv_ctrl,1.0,ewma_student_t,invalid,126,10000,0.6184903935854157,0.3052414091862435,0.8916837684145957,0.606413973409533
sv_ctrl,1.0,ewma_student_t,invalid,252,10000,0.7408676888702287,0.28417216028247694,0.9713259684527307,0.6808805696761538
sv_ctrl,1.0,ewma_student_t,invalid,504,10000,0.9057848908362147,0.340403611794426,0.9974436131934824,0.7840857738681987
sv_ctrl,1.0,ewma_trunc_gaussian,valid,63,10000,0.45360757410092595,0.2697914251675645,0.6364860840333036,0.45316987557260857
sv_ctrl,1.0,ewma_trunc_gaussian,valid,126,10000,0.3969983168687178,0.1422235665862511,0.6805167415380975,0.4065884033464753
sv_ctrl,1.0,ewma_trunc_gaussian,valid,252,10000,0.28383849070786915,0.04373661287472823,0.705228191051796,0.33254554735352826
sv_ctrl,1.0,ewma_trunc_gaussian,valid,504,10000,0.12400645622099202,0.005183496491420827,0.6786685685060226,0.23565918133587974
sv_ctrl,1.0,ewma_trunc_gaussian,invalid,63,10000,0.548178615025598,0.35386286416695356,0.7340411932819513,0.5459695080980009
sv_ctrl,1.0,ewma_trunc_gaussian,invalid,126,10000,0.6055568996420222,0.31769677693260057,0.8588889567171992,0.5947022133185397
sv_ctrl,1.0,ewma_trunc_gaussian,invalid,252,10000,0.7130496918353959,0.29303686021208025,0.9597110334579244,0.6666135669421729
sv_ctrl,1.0,ewma_trunc_gaussian,invalid,504,10000,0.8791859871465117,0.3426806344281299,0.9949818387606653,0.768997107961021
sv_ctrl,1.0,ewma_trunc_student_t,valid,63,10000,0.4468435777988075,0.23632441784969288,0.6525885892471184,0.4460302077617027
sv_ctrl,1.0,ewma_trunc_student_t,valid,126,10000,0.38564272162829993,0.1134548677694948,0.6941666104201308,0.39602299088928267
sv_ctrl,1.0,ewma_trunc_student_t,valid,252,10000,0.2604514188611886,0.03080666608475392,0.7152463009743335,0.3189410658099239
sv_ctrl,1.0,ewma_trunc_student_t,valid,504,10000,0.09585648300597416,0.00283245911329052,0.6781893333725485,0.22058572756166372
sv_ctrl,1.0,ewma_trunc_student_t,invalid,63,10000,0.5574159726281409,0.33967915013492417,0.7707907559022555,0.5556686683176504
sv_ctrl,1.0,ewma_trunc_student_t,invalid,126,10000,0.6192045684487997,0.30495900852714164,0.8919582121938128,0.6065211623662782
sv_ctrl,1.0,ewma_trunc_student_t,invalid,252,10000,0.7418782540606912,0.28445556399990435,0.9714543419354859,0.6809950149791851
sv_ctrl,1.0,ewma_trunc_student_t,invalid,504,10000,0.9062917199946312,0.339628775198979,0.9974654770570652,0.7842134505641618
sv_ctrl,0.6,binary_gaussian,valid,63,10000,0.48873048532558694,0.4026804095015023,0.5706521487970831,0.48850880200953317
sv_ctrl,0.6,binary_gaussian,valid,126,10000,0.4775931373108713,0.35622059592512545,0.6014854532466872,0.4779834888024152
sv_ctrl,0.6,binary_gaussian,valid,252,10000,0.4521694403536376,0.28475768296706866,0.6333329859890048,0.4564073386278538
sv_ctrl,0.6,binary_gaussian,valid,504,10000,0.4082108749712035,0.18958569654056423,0.6651969500847458,0.4191575883673588
sv_ctrl,0.6,binary_gaussian,invalid,63,10000,0.5115333585839794,0.42363074717203697,0.5957606334266585,0.5109624792030154
sv_ctrl,0.6,binary_gaussian,invalid,126,10000,0.5234493231086934,0.3966873089339072,0.6417012227010293,0.5208770931575886
sv_ctrl,0.6,binary_gaussian,invalid,252,10000,0.5438370787195546,0.36807085522373373,0.7101631018398471,0.5404786821607253
sv_ctrl,0.6,binary_gaussian,invalid,504,10000,0.5878001156097683,0.33532961642419057,0.8001864120203708,0.5772480710331376
sv_ctrl,0.6,binary_student_t,valid,63,10000,0.48501734229573956,0.3863760301573573,0.5854417589982502,0.48578128562806633
sv_ctrl,0.6,binary_student_t,valid,126,10000,0.4703216336145387,0.3341640878115298,0.6136303349218328,0.4722461363101169
sv_ctrl,0.6,binary_student_t,valid,252,10000,0.43776231741800453,0.25846475685644715,0.6435798944639105,0.4452869264411538
sv_ctrl,0.6,binary_student_t,valid,504,10000,0.3816048308104637,0.15991997158640175,0.6685435172314359,0.3994187290705379
sv_ctrl,0.6,binary_student_t,invalid,63,10000,0.5163901230303232,0.41310833232278976,0.6138681785518518,0.5142541732244176
sv_ctrl,0.6,binary_student_t,invalid,126,10000,0.5309252318252669,0.3846745762381715,0.6661049004296047,0.527649745781272
sv_ctrl,0.6,binary_student_t,invalid,252,10000,0.5578857713911265,0.3578605059683058,0.7377803318355933,0.5526520685563839
sv_ctrl,0.6,binary_student_t,invalid,504,10000,0.6155439899657781,0.33451630809592037,0.8324331482419355,0.5986441598389772
sv_ctrl,0.6,ewma_gaussian,valid,63,10000,0.48335331269465576,0.36758751613232693,0.594896133302382,0.48192747186584545
sv_ctrl,0.6,ewma_gaussian,valid,126,10000,0.46258214862432223,0.2834317085283128,0.6351906511359517,0.46121188425335874
sv_ctrl,0.6,ewma_gaussian,valid,252,10000,0.4155135975636023,0.1771527840792754,0.676981790990275,0.42308871943774395
sv_ctrl,0.6,ewma_gaussian,valid,504,10000,0.3310115906944227,0.07281056874681188,0.7122049109932528,0.3638350563231287
sv_ctrl,0.6,ewma_gaussian,invalid,63,10000,0.5175695700772331,0.39936591619281014,0.635593947465201,0.5174327000229784
sv_ctrl,0.6,ewma_gaussian,invalid,126,10000,0.5394647124735887,0.36431753607248,0.7194996489344522,0.5398356737798031
sv_ctrl,0.6,ewma_gaussian,invalid,252,10000,0.5797773702130886,0.32021159971146373,0.8290246980392606,0.5769705953450397
sv_ctrl,0.6,ewma_gaussian,invalid,504,10000,0.6731250423146202,0.2949593536738425,0.9268684957125471,0.6396375459455325
sv_ctrl,0.6,ewma_student_t,valid,63,10000,0.48050608775919035,0.3469137347895085,0.6085522115910846,0.4789606596665839
sv_ctrl,0.6,ewma_student_t,valid,126,10000,0.45850347191078333,0.2558333357776326,0.6492922092328761,0.455655462313474
sv_ctrl,0.6,ewma_student_t,valid,252,10000,0.40591284010962325,0.1534313596754613,0.6915966605685512,0.4148252231081122
sv_ctrl,0.6,ewma_student_t,valid,504,10000,0.3087054087111082,0.05810892000172314,0.7252235525650873,0.3519890498412807
sv_ctrl,0.6,ewma_student_t,invalid,63,10000,0.5212919409293955,0.3870125206513837,0.6569518674612997,0.5219430522568148
sv_ctrl,0.6,ewma_student_t,invalid,126,10000,0.5448052404416027,0.34879574308205863,0.7495604410546721,0.5462937676463988
sv_ctrl,0.6,ewma_student_t,invalid,252,10000,0.595785603225335,0.3069827806421151,0.8511231358219091,0.5857035244696214
sv_ctrl,0.6,ewma_student_t,invalid,504,10000,0.6961731888065645,0.2853755192243103,0.945644818413892,0.6517112763035491
sv_ctrl,0.6,ewma_trunc_gaussian,valid,63,10000,0.48338151474637475,0.36763439402891407,0.5952269061931524,0.481904366792379
sv_ctrl,0.6,ewma_trunc_gaussian,valid,126,10000,0.46258214862432223,0.28292153596060826,0.6355450648155001,0.461166935186945
sv_ctrl,0.6,ewma_trunc_gaussian,valid,252,10000,0.41483965927230515,0.17675778072862847,0.6779046908537819,0.4229413700429877
sv_ctrl,0.6,ewma_trunc_gaussian,valid,504,10000,0.330416928426641,0.07179774707508411,0.7129266614872988,0.363655422699523
sv_ctrl,0.6,ewma_trunc_gaussian,invalid,63,10000,0.517456430597614,0.3991618545733105,0.6357460243452013,0.5174664188616312
sv_ctrl,0.6,ewma_trunc_gaussian,invalid,126,10000,0.5396316750221339,0.36354561130846647,0.7198746334655781,0.5399622766091376
sv_ctrl,0.6,ewma_trunc_gaussian,invalid,252,10000,0.5798501825227093,0.31990883287812233,0.8295045213976141,0.5771314863782769
sv_ctrl,0.6,ewma_trunc_gaussian,invalid,504,10000,0.6744149320113786,0.29372823649292207,0.9273995313214515,0.639885255271134
sv_ctrl,0.6,ewma_trunc_student_t,valid,63,10000,0.48049017587213516,0.34689803798153857,0.6086704578757562,0.47895212245499735
sv_ctrl,0.6,ewma_trunc_student_t,valid,126,10000,0.45846648696752645,0.2558333357776326,0.6492888726099044,0.45562682125600507
sv_ctrl,0.6,ewma_trunc_student_t,valid,252,10000,0.4054663704195084,0.15315930715104667,0.6918037484305467,0.41474037480645903
sv_ctrl,0.6,ewma_trunc_student_t,valid,504,10000,0.3087527788085191,0.0576558510379588,0.7255228291179867,0.3518965910700597
sv_ctrl,0.6,ewma_trunc_student_t,invalid,63,10000,0.5213224438996971,0.38696230488692185,0.6569518674612997,0.5219617043044069
sv_ctrl,0.6,ewma_trunc_student_t,invalid,126,10000,0.5447842769965601,0.3486949506058703,0.7495921012394139,0.5463588044822191
sv_ctrl,0.6,ewma_trunc_student_t,invalid,252,10000,0.5961060007123307,0.30721368556934703,0.8515728186355783,0.585786612196665
sv_ctrl,0.6,ewma_trunc_student_t,invalid,504,10000,0.6963304062828524,0.284527819872468,0.9457603269736788,0.651837907380255
jump_ctrl,1.0,binary_gaussian,valid,63,10000,0.470225348246201,0.32035825038967036,0.625814693917875,0.47180130630604533
jump_ctrl,1.0,binary_gaussian,valid,126,10000,0.43757258444411595,0.24000221581899644,0.6602681658891454,0.4431871928087345
jump_ctrl,1.0,binary_gaussian,valid,252,10000,0.3730568624421357,0.14112806046808435,0.6850400125254912,0.395679664273303
jump_ctrl,1.0,binary_gaussian,valid,504,10000,0.26826868233881934,0.05588268961284583,0.6879980302526084,0.32226822118097637
jump_ctrl,1.0,binary_gaussian,invalid,63,10000,0.530665280324256,0.3724407578854172,0.6852861171891279,0.5298966460703083
jump_ctrl,1.0,binary_gaussian,invalid,126,10000,0.5645071222743032,0.34079225679652236,0.7603323638461054,0.5566935465943882
jump_ctrl,1.0,binary_gaussian,invalid,252,10000,0.6262695476606865,0.3129127332544914,0.856554917649146,0.6019933203258719
jump_ctrl,1.0,binary_gaussian,invalid,504,10000,0.731755846509111,0.3044617575175894,0.9427742009195655,0.6755017954809512
jump_ctrl,1.0,binary_student_t,valid,63,10000,0.4632692376216153,0.29173357700964736,0.6462119179707999,0.4664593095691911
jump_ctrl,1.0,binary_student_t,valid,126,10000,0.4229547287870907,0.2077626409482684,0.6773655312373923,0.43398791948678755
jump_ctrl,1.0,binary_student_t,valid,252,10000,0.3481916766355835,0.11093493059472459,0.707733760681937,0.380943363724791
jump_ctrl,1.0,binary_student_t,valid,504,10000,0.2294773786079889,0.03515499841866837,0.7047199712396348,0.3015705749160632
jump_ctrl,1.0,binary_student_t,invalid,63,10000,0.5368659742242878,0.3548114848557943,0.7129166169671851,0.5348951952158039
jump_ctrl,1.0,binary_student_t,invalid,126,10000,0.576293169150297,0.31969958479089555,0.7968322459374424,0.5659363576216911
jump_ctrl,1.0,binary_student_t,invalid,252,10000,0.647707604027738,0.2888262639003322,0.8892836473144288,0.6174015625362539
jump_ctrl,1.0,binary_student_t,invalid,504,10000,0.7713478547641566,0.2873792182763155,0.9636162235052677,0.6964779622222008
jump_ctrl,1.0,ewma_gaussian,valid,63,10000,0.46531791155493446,0.28890199005958744,0.6524591525594369,0.4687065085806648
jump_ctrl,1.0,ewma_gaussian,valid,126,10000,0.4257552838190858,0.20131739809148333,0.6933381147433678,0.4369087559299393
jump_ctrl,1.0,ewma_gaussian,valid,252,10000,0.35683761226582056,0.10339240231122797,0.7234320746537436,0.3869889714050919
jump_ctrl,1.0,ewma_gaussian,valid,504,10000,0.23406108208018628,0.03312743332920793,0.737092272094349,0.3128412643132012
jump_ctrl,1.0,ewma_gaussian,invalid,63,10000,0.5345670049495559,0.3499211397429089,0.7135015103801834,0.5332806023010372
jump_ctrl,1.0,ewma_gaussian,invalid,126,10000,0.5739187949133758,0.3062422359380167,0.79896437534948,0.5626064961463809
jump_ctrl,1.0,ewma_gaussian,invalid,252,10000,0.6452443558828452,0.27296954082084507,0.8933413038728537,0.6108073316658854
jump_ctrl,1.0,ewma_gaussian,invalid,504,10000,0.7611697540953357,0.2633157644600439,0.9674931358161394,0.6841181898360045
jump_ctrl,1.0,ewma_student_t,valid,63,10000,0.46107738429511624,0.27769216889025866,0.6589143106959966,0.4648973848269958
jump_ctrl,1.0,ewma_student_t,valid,126,10000,0.4181114076517546,0.1893374937325756,0.6979388568056104,0.4310181491397571
jump_ctrl,1.0,ewma_student_t,valid,252,10000,0.33782074658255956,0.09212928771552929,0.7302342162663874,0.37745723571316403
jump_ctrl,1.0,ewma_student_t,valid,504,10000,0.2094971592664811,0.02551228624348136,0.7314484471100645,0.29863666434551894
jump_ctrl,1.0,ewma_student_t,invalid,63,10000,0.5387199711608547,0.3411093507696652,0.7289572517759777,0.5365817456642135
jump_ctrl,1.0,ewma_student_t,invalid,126,10000,0.5808734356443991,0.30316825354299615,0.8154450828119751,0.5686199509429852
jump_ctrl,1.0,ewma_student_t,invalid,252,10000,0.6606718017623421,0.26794604601787386,0.9091743420888204,0.6212345096403716
jump_ctrl,1.0,ewma_student_t,invalid,504,10000,0.787167085548673,0.2605884246437584,0.974519985210919,0.699983292030656
jump_ctrl,1.0,ewma_trunc_gaussian,valid,63,10000,0.4648491149445252,0.28753230045560857,0.6516416537856454,0.46801702343657514
jump_ctrl,1.0,ewma_trunc_gaussian,valid,126,10000,0.4237745862702043,0.19785322425613763,0.693353123259438,0.43533370609524075
jump_ctrl,1.0,ewma_trunc_gaussian,valid,252,10000,0.35264510876102667,0.09958312081101532,0.7244165722836897,0.3841493426683184
jump_ctrl,1.0,ewma_trunc_gaussian,valid,504,10000,0.22751827225662838,0.03058035841215352,0.7381315846263781,0.3088686181124024
jump_ctrl,1.0,ewma_trunc_gaussian,invalid,63,10000,0.535095869364502,0.3492213618475964,0.7157380897219836,0.5339041617460283
jump_ctrl,1.0,ewma_trunc_gaussian,invalid,126,10000,0.5767717003514417,0.3072278800290617,0.8017693466947385,0.5643326276629943
jump_ctrl,1.0,ewma_trunc_gaussian,invalid,252,10000,0.6490178402103812,0.2717764300536617,0.8982031583228013,0.6134314359403928
jump_ctrl,1.0,ewma_trunc_gaussian,invalid,504,10000,0.7698536793379742,0.26077748632748515,0.9699619570333264,0.6880968796072244
jump_ctrl,1.0,ewma_trunc_student_t,valid,63,10000,0.4599806000310659,0.27370729276119915,0.6605305857503844,0.4642176011188333
jump_ctrl,1.0,ewma_trunc_student_t,valid,126,10000,0.4151642208204395,0.18419819811484628,0.7006832009064405,0.42953974493015173
jump_ctrl,1.0,ewma_trunc_student_t,valid,252,10000,0.33379720648731287,0.08819514954393765,0.7373102555814031,0.3749959576163249
jump_ctrl,1.0,ewma_trunc_student_t,valid,504,10000,0.20334766003075916,0.023244989371097518,0.7371420815558831,0.2957010704344656
jump_ctrl,1.0,ewma_trunc_student_t,invalid,63,10000,0.5392645358822393,0.3399241867741408,0.7309213662197622,0.5371067428935319
jump_ctrl,1.0,ewma_trunc_student_t,invalid,126,10000,0.5837460805487056,0.29901964097355366,0.8190071349615101,0.5700004682022002
jump_ctrl,1.0,ewma_trunc_student_t,invalid,252,10000,0.6657998210159259,0.2614131803538885,0.9133864676642163,0.6233742828002868
jump_ctrl,1.0,ewma_trunc_student_t,invalid,504,10000,0.7943859470801204,0.2535986512764863,0.9763808415923646,0.7028446223270342
jump_ctrl,0.6,binary_gaussian,valid,63,10000,0.4896155404547655,0.39621156119972933,0.5838460082795511,0.48980049766713274
jump_ctrl,0.6,binary_gaussian,valid,126,10000,0.4773625634529925,0.347147736703562,0.6127042371495545,0.4779043837403199
jump_ctrl,0.6,binary_gaussian,valid,252,10000,0.45227696653845817,0.27616373637003594,0.6424971358640872,0.4568670745046589
jump_ctrl,0.6,binary_gaussian,valid,504,10000,0.41046229105575593,0.18904960186854022,0.6713872050576645,0.42060612939609565
jump_ctrl,0.6,binary_gaussian,invalid,63,10000,0.5109205525205489,0.4150673164866235,0.6075209532491562,0.5113056389362566
jump_ctrl,0.6,binary_gaussian,invalid,126,10000,0.5239029494899816,0.3879685489692379,0.6531017727855711,0.5220740049207472
jump_ctrl,0.6,binary_gaussian,invalid,252,10000,0.5472950899911484,0.35619393867259197,0.7215533282491694,0.5413638592356409
jump_ctrl,0.6,binary_gaussian,invalid,504,10000,0.5895558516922554,0.32394858694576933,0.8086238820383167,0.5774777890456049
jump_ctrl,0.6,binary_student_t,valid,63,10000,0.4869526169137717,0.3781802743581394,0.5979820816903908,0.4876545181150359
jump_ctrl,0.6,binary_student_t,valid,126,10000,0.47157859527490775,0.3250732905108427,0.6263815356399444,0.47406115278262967
jump_ctrl,0.6,binary_student_t,valid,252,10000,0.4425952116356131,0.24831621500115783,0.6626114435660503,0.4496944393393329
jump_ctrl,0.6,binary_student_t,valid,504,10000,0.3919110355495143,0.15528397451462986,0.6923131080422259,0.4082543904049071
jump_ctrl,0.6,binary_student_t,invalid,63,10000,0.5129035244495366,0.4024201804342432,0.6249529113098928,0.5132448852510292
jump_ctrl,0.6,binary_student_t,invalid,126,10000,0.5280924082515985,0.3715201783139171,0.6789533412762616,0.5260474584421889
jump_ctrl,0.6,binary_student_t,invalid,252,10000,0.5552615343373524,0.3348405824395852,0.7512859851156197,0.5491648886836082
jump_ctrl,0.6,binary_student_t,invalid,504,10000,0.6083517875802975,0.3032499159155691,0.8425086553042858,0.5904898285421699
jump_ctrl,0.6,ewma_gaussian,valid,63,10000,0.48807823573692455,0.37561611397132355,0.601133947808304,0.4885079926574548
jump_ctrl,0.6,ewma_gaussian,valid,126,10000,0.4721303636019476,0.3182897581173025,0.6357674232630445,0.4748295878434843
jump_ctrl,0.6,ewma_gaussian,valid,252,10000,0.44674153413392265,0.23874309410614308,0.6718527155363571,0.45157344104825736
jump_ctrl,0.6,ewma_gaussian,valid,504,10000,0.3936660165941219,0.14789279196139485,0.7111281757756959,0.41257576969430804
jump_ctrl,0.6,ewma_gaussian,invalid,63,10000,0.5122513886296449,0.4001613987278753,0.6262061437567285,0.5127581630177368
jump_ctrl,0.6,ewma_gaussian,invalid,126,10000,0.5275506639524981,0.3640201681877022,0.6812954826550673,0.5249173900894296
jump_ctrl,0.6,ewma_gaussian,invalid,252,10000,0.5545801484520123,0.3271438063319432,0.757992033679026,0.5466383929777762
jump_ctrl,0.6,ewma_gaussian,invalid,504,10000,0.602104570229183,0.289637144666527,0.852523025693661,0.5850796780763405
jump_ctrl,0.6,ewma_student_t,valid,63,10000,0.4864603430554338,0.36887946478405376,0.6066398247948503,0.48695857693601774
jump_ctrl,0.6,ewma_student_t,valid,126,10000,0.47000186578328157,0.3108752258832262,0.6408951525485838,0.4725283457810557
jump_ctrl,0.6,ewma_student_t,valid,252,10000,0.43849514627761393,0.2279358884375293,0.6804919311353892,0.44724869092104136
jump_ctrl,0.6,ewma_student_t,valid,504,10000,0.3819146759375604,0.1327230497649674,0.7141663975444563,0.4047444750959965
jump_ctrl,0.6,ewma_student_t,invalid,63,10000,0.5135259521550773,0.39358180198964,0.6352982662466423,0.513982720657204
jump_ctrl,0.6,ewma_student_t,invalid,126,10000,0.529546729145249,0.3592136952255917,0.6929961550695569,0.5274014468005813
jump_ctrl,0.6,ewma_student_t,invalid,252,10000,0.5605388596304046,0.3185106513346231,0.7738410991946233,0.5519174960310781
jump_ctrl,0.6,ewma_student_t,invalid,504,10000,0.6164961538011849,0.280935353377689,0.8674542165043174,0.594758858243931
jump_ctrl,0.6,ewma_trunc_gaussian,valid,63,10000,0.4877954123849742,0.3749138150649988,0.6010269779972124,0.4882343204015027
jump_ctrl,0.6,ewma_trunc_gaussian,valid,126,10000,0.4718677216706032,0.3160869882985865,0.6365605190548002,0.4741262258661047
jump_ctrl,0.6,ewma_trunc_gaussian,valid,252,10000,0.44431147490093326,0.23469387750920043,0.6741009380120766,0.4501166425051595
jump_ctrl,0.6,ewma_trunc_gaussian,valid,504,10000,0.390308450650497,0.14288607594492564,0.7130808093057045,0.41018364197335505
jump_ctrl,0.6,ewma_trunc_gaussian,invalid,63,10000,0.512557033791032,0.3993380640590282,0.6270551146163157,0.5130148762568115
jump_ctrl,0.6,ewma_trunc_gaussian,invalid,126,10000,0.5285959983708497,0.3636678538521914,0.683210148544699,0.5257402996811706
jump_ctrl,0.6,ewma_trunc_gaussian,invalid,252,10000,0.5562232499318676,0.3236764049457275,0.762006157324635,0.547902087180384
jump_ctrl,0.6,ewma_trunc_gaussian,invalid,504,10000,0.6078018040537327,0.28688146121797936,0.8573593218096411,0.5874127969915309
jump_ctrl,0.6,ewma_trunc_student_t,valid,63,10000,0.4858648165412316,0.3664454221641316,0.6079853025903688,0.48668161509459734
jump_ctrl,0.6,ewma_trunc_student_t,valid,126,10000,0.4687833061438105,0.3070402618813488,0.6438843378314539,0.47185872955528596
jump_ctrl,0.6,ewma_trunc_student_t,valid,252,10000,0.4361843523785919,0.22397873476776203,0.6851380857178897,0.445932184849518
jump_ctrl,0.6,ewma_trunc_student_t,valid,504,10000,0.37814879938571466,0.12743157661714677,0.7188289413154045,0.4027930524710805
jump_ctrl,0.6,ewma_trunc_student_t,invalid,63,10000,0.5137128553459467,0.39244136225497234,0.6368268889225034,0.5141757068729385
jump_ctrl,0.6,ewma_trunc_student_t,invalid,126,10000,0.5306036857302545,0.35656271248319066,0.696620952181168,0.5280362654244536
jump_ctrl,0.6,ewma_trunc_student_t,invalid,252,10000,0.5629371199464271,0.3136552975749704,0.7780903537698112,0.5529932218861244
jump_ctrl,0.6,ewma_trunc_student_t,invalid,504,10000,0.620603200241542,0.27617246712928156,0.871149757182651,0.5965974980464154
sv_jump,1.0,binary_gaussian,valid,63,10000,0.4712576781325566,0.32834595660573246,0.6115673454538938,0.47087196664075437
sv_jump,1.0,binary_gaussian,valid,126,10000,0.4400168695973278,0.25406470734525943,0.642834155135414,0.44581494387606274
sv_jump,1.0,binary_gaussian,valid,252,10000,0.38005083909537307,0.15612568761356913,0.6719440916590684,0.39838547741098385
sv_jump,1.0,binary_gaussian,valid,504,10000,0.26930279810049274,0.06166249333756059,0.6741441509895951,0.32254028875551866
sv_jump,1.0,binary_gaussian,invalid,63,10000,0.5306962297084408,0.38449315931895867,0.6694211289302983,0.5291937385252089
sv_jump,1.0,binary_gaussian,invalid,126,10000,0.5611516955318355,0.35184472421025703,0.7437421891051281,0.5542581562775329
sv_jump,1.0,binary_gaussian,invalid,252,10000,0.6216662328035597,0.3309085882012213,0.8451599198068962,0.6022384126432567
sv_jump,1.0,binary_gaussian,invalid,504,10000,0.7308463881014857,0.3227851762318624,0.9423179877339433,0.6771327064827334
sv_jump,1.0,binary_student_t,valid,63,10000,0.45829049369101016,0.3055285489356714,0.6197126423012942,0.46198380465342687
sv_jump,1.0,binary_student_t,valid,126,10000,0.418683402043472,0.22918343959596826,0.6487488677778074,0.429306854086909
sv_jump,1.0,binary_student_t,valid,252,10000,0.3387780897779238,0.12353737807653373,0.6587303105665542,0.36694063746547156
sv_jump,1.0,binary_student_t,valid,504,10000,0.20494447147167416,0.04033897706035172,0.6303016346649876,0.2724838864974763
sv_jump,1.0,binary_student_t,invalid,63,10000,0.5440451853502407,0.3793460034582829,0.693590928857316,0.5395235247475252
sv_jump,1.0,binary_student_t,invalid,126,10000,0.5866590947103048,0.3536464000928558,0.7736365476093906,0.5737649534148237
sv_jump,1.0,binary_student_t,invalid,252,10000,0.6619893327399017,0.34348641482442355,0.8803509190408004,0.6343847727174996
sv_jump,1.0,binary_student_t,invalid,504,10000,0.7990444445029765,0.36543963391378664,0.9616968810354674,0.7284503130615508
sv_jump,1.0,ewma_gaussian,valid,63,10000,0.45342512722575146,0.249012447605936,0.6581581945893515,0.4538050651865098
sv_jump,1.0,ewma_gaussian,valid,126,10000,0.397104910274789,0.12361761709862462,0.7190961790219426,0.4114799923533412
sv_jump,1.0,ewma_gaussian,valid,252,10000,0.2880062786819376,0.030836120192232364,0.7640330562766487,0.3469969117827114
sv_jump,1.0,ewma_gaussian,valid,504,10000,0.12369238287265699,0.0030054967290719836,0.7742478488922399,0.25862200421301507
sv_jump,1.0,ewma_gaussian,invalid,63,10000,0.5497249368973556,0.3338272008322764,0.753436993834524,0.5459977883651802
sv_jump,1.0,ewma_gaussian,invalid,126,10000,0.6003919681651418,0.2790014880472913,0.8823429522593762,0.5887390048402449
sv_jump,1.0,ewma_gaussian,invalid,252,10000,0.719256711555299,0.22675448991039626,0.9706272479031509,0.6564195831153651
sv_jump,1.0,ewma_gaussian,invalid,504,10000,0.8773014325149113,0.21548617478265647,0.9971158609322508,0.7409739703858631
sv_jump,1.0,ewma_student_t,valid,63,10000,0.44346696477688485,0.23511164744628926,0.6524628695937748,0.44362839998696807
sv_jump,1.0,ewma_student_t,valid,126,10000,0.3831728525161117,0.11719623881775583,0.68306107151164,0.3942701849906174
sv_jump,1.0,ewma_student_t,valid,252,10000,0.25570799778847214,0.030316745399276188,0.6989440276498287,0.31265402220751537
sv_jump,1.0,ewma_student_t,valid,504,10000,0.08725052247421514,0.0028444222600894327,0.6367654832150536,0.20631771550691383
sv_jump,1.0,ewma_student_t,invalid,63,10000,0.5574559435495781,0.3469817512734664,0.7688870810932921,0.5572968355076988
sv_jump,1.0,ewma_student_t,invalid,126,10000,0.6204056000422411,0.3113675307062675,0.8872483158033958,0.6079328064043406
sv_jump,1.0,ewma_student_t,invalid,252,10000,0.7507698603030619,0.3018533087152525,0.9712630061135271,0.6889343889157407
sv_jump,1.0,ewma_student_t,invalid,504,10000,0.9146547184575697,0.3631091412531725,0.9975109652302528,0.7931722757920855
sv_jump,1.0,ewma_trunc_gaussian,valid,63,10000,0.45211789266577646,0.24601338334866266,0.6576994238261432,0.4524973047601703
sv_jump,1.0,ewma_trunc_gaussian,valid,126,10000,0.3942974940839147,0.11575395765296285,0.7169564437932556,0.40783031962777977
sv_jump,1.0,ewma_trunc_gaussian,valid,252,10000,0.27762686693473027,0.025834534034979095,0.7629579223125024,0.34017869417070223
sv_jump,1.0,ewma_trunc_gaussian,valid,504,10000,0.1083305044042169,0.001976553846642674,0.7657364741321221,0.2487289229224858
sv_jump,1.0,ewma_trunc_gaussian,invalid,63,10000,0.5502574698753409,0.3345902787474358,0.756113304451248,0.547215037553639
sv_jump,1.0,ewma_trunc_gaussian,invalid,126,10000,0.603386899099009,0.278939667236531,0.8894022577991246,0.5921652487037747
sv_jump,1.0,ewma_trunc_gaussian,invalid,252,10000,0.7288037355940251,0.22902819117058873,0.9753987685074961,0.6626082055086161
sv_jump,1.0,ewma_trunc_gaussian,invalid,504,10000,0.8931285294204298,0.22368203720856392,0.9981316065482598,0.749931984182613
sv_jump,1.0,ewma_trunc_student_t,valid,63,10000,0.44182590784040765,0.22831357321750353,0.6559633418663139,0.4422023688065772
sv_jump,1.0,ewma_trunc_student_t,valid,126,10000,0.37552473009737164,0.1091173935590133,0.6905939823586705,0.39048547406542944
sv_jump,1.0,ewma_trunc_student_t,valid,252,10000,0.24240692907056932,0.02509979606041116,0.7035396808824153,0.30628505236598996
sv_jump,1.0,ewma_trunc_student_t,valid,504,10000,0.07630728400247758,0.0019692622544930467,0.6330282134330726,0.1986634277142385
sv_jump,1.0,ewma_trunc_student_t,invalid,63,10000,0.5602139865953891,0.3444329854086008,0.772964784657415,0.5590055108983927
sv_jump,1.0,ewma_trunc_student_t,invalid,126,10000,0.6256367497245651,0.3048145890571671,0.8971417057843665,0.6117514719934721
sv_jump,1.0,ewma_trunc_student_t,invalid,252,10000,0.7618825534652782,0.2966185315372592,0.9765223813608134,0.6947379028467693
sv_jump,1.0,ewma_trunc_student_t,invalid,504,10000,0.926669570785405,0.3626253385804046,0.9983208580487611,0.8004505498273443
sv_jump,0.6,binary_gaussian,valid,63,10000,0.49023681453471724,0.4014552169931507,0.5750152226003226,0.4892755139621533
sv_jump,0.6,binary_gaussian,valid,126,10000,0.47884859163490634,0.3575003517953857,0.6017140047060195,0.4798661487086732
sv_jump,0.6,binary_gaussian,valid,252,10000,0.4567087993850454,0.2906137043367418,0.6341807516283926,0.459640039119334
sv_jump,0.6,binary_gaussian,valid,504,10000,0.4112264331827489,0.198855889762536,0.6628885560140392,0.4225985598033947
sv_jump,0.6,binary_gaussian,invalid,63,10000,0.5109391835170607,0.4225504973702996,0.5970866810509275,0.5107960203683369
sv_jump,0.6,binary_gaussian,invalid,126,10000,0.5218616726179497,0.3949470661115879,0.6409077625378691,0.5202898659913074
sv_jump,0.6,binary_gaussian,invalid,252,10000,0.5443769085860521,0.3676185033837004,0.7105958783567172,0.5411751730106005
sv_jump,0.6,binary_gaussian,invalid,504,10000,0.5888837139078951,0.3352351998138366,0.8078404731788746,0.5779279616036149
sv_jump,0.6,binary_student_t,valid,63,10000,0.48540134157627357,0.38880539398331243,0.5821852167338927,0.4862550229234523
sv_jump,0.6,binary_student_t,valid,126,10000,0.4717793567274472,0.34401333311583643,0.6093110099305681,0.4739579186560518
sv_jump,0.6,binary_student_t,valid,252,10000,0.4407854819752871,0.26697918765736284,0.6352946835073711,0.4464071268144634
sv_jump,0.6,binary_student_t,valid,504,10000,0.3814479418869936,0.17138215109741387,0.6534201862110971,0.3977674420128134
sv_jump,0.6,binary_student_t,invalid,63,10000,0.5156480458964161,0.4173756868586071,0.6106987386824294,0.5146773263218012
sv_jump,0.6,binary_student_t,invalid,126,10000,0.5317035543963154,0.3911465519567722,0.6580377391218427,0.527886975803739
sv_jump,0.6,binary_student_t,invalid,252,10000,0.5596506084130789,0.3659509503763209,0.7374034509121,0.5546926937596
sv_jump,0.6,binary_student_t,invalid,504,10000,0.6219629987907531,0.3417469086137276,0.8344932549479824,0.6041668597675147
sv_jump,0.6,ewma_gaussian,valid,63,10000,0.4831639086480791,0.35346131123325597,0.6087439695728497,0.48211744020099434
sv_jump,0.6,ewma_gaussian,valid,126,10000,0.4625370318902572,0.2632904867570579,0.6633044677680315,0.4633205514081228
sv_jump,0.6,ewma_gaussian,valid,252,10000,0.4182527874772347,0.14696299416941364,0.7192040741949226,0.42911855127540494
sv_jump,0.6,ewma_gaussian,valid,504,10000,0.33258216630748294,0.05349053079337556,0.773936806182939,0.37483110321184465
sv_jump,0.6,ewma_gaussian,invalid,63,10000,0.5185552153163685,0.3868136622012435,0.649050663776517,0.517685322596659
sv_jump,0.6,ewma_gaussian,invalid,126,10000,0.5362647653601413,0.3356210113204001,0.7425899861282254,0.5370971171207093
sv_jump,0.6,ewma_gaussian,invalid,252,10000,0.5853588447324233,0.2758441771718251,0.8571320538388089,0.5735963787711671
sv_jump,0.6,ewma_gaussian,invalid,504,10000,0.6688744449746469,0.22366259186535564,0.9477943189450139,0.6259932397014764
sv_jump,0.6,ewma_student_t,valid,63,10000,0.48037719318816596,0.3466441309042324,0.607834578826845,0.4783187202486378
sv_jump,0.6,ewma_student_t,valid,126,10000,0.4598870248733678,0.263780901961219,0.6457454871392561,0.4567035707217904
sv_jump,0.6,ewma_student_t,valid,252,10000,0.4047294527717918,0.1539983036269108,0.6846121083998635,0.4132912475982401
sv_jump,0.6,ewma_student_t,valid,504,10000,0.3004475941655957,0.059410450546145695,0.7064617247960079,0.344581713487883
sv_jump,0.6,ewma_student_t,invalid,63,10000,0.5211048262312676,0.391594426020365,0.6560876669123895,0.5223967951719124
sv_jump,0.6,ewma_student_t,invalid,126,10000,0.5436385189710939,0.3512157314862101,0.7417927599737888,0.5453159537830039
sv_jump,0.6,ewma_student_t,invalid,252,10000,0.5969256364853199,0.31364210946434173,0.8490671661208321,0.5882077179382676
sv_jump,0.6,ewma_student_t,invalid,504,10000,0.7014689132017112,0.28842511776901125,0.9457713487092084,0.6563001684645959
sv_jump,0.6,ewma_trunc_gaussian,valid,63,10000,0.482868097669899,0.35190881454915507,0.6086696498413655,0.4815264667847848
sv_jump,0.6,ewma_trunc_gaussian,valid,126,10000,0.462019697307794,0.2566850379934793,0.6643514531492442,0.46156219586592745
sv_jump,0.6,ewma_trunc_gaussian,valid,252,10000,0.41536970126738726,0.13666785729086156,0.7207001583759926,0.42527571543853876
sv_jump,0.6,ewma_trunc_gaussian,valid,504,10000,0.32163589416994365,0.045616338268446875,0.7762563630543456,0.36814891537807837
sv_jump,0.6,ewma_trunc_gaussian,invalid,63,10000,0.5185552153163685,0.38710500626856825,0.6507485261820678,0.518217450189719
sv_jump,0.6,ewma_trunc_gaussian,invalid,126,10000,0.5369516105202986,0.333489917195482,0.7488636623331603,0.5388561673008502
sv_jump,0.6,ewma_trunc_gaussian,invalid,252,10000,0.5897636556525627,0.271945615954218,0.8680206997953376,0.577236662285922
sv_jump,0.6,ewma_trunc_gaussian,invalid,504,10000,0.6818555950374486,0.21755679552923526,0.9563088740933816,0.6321845501272284
sv_jump,0.6,ewma_trunc_student_t,valid,63,10000,0.47970383684852874,0.34288304033252215,0.6116862957899148,0.4777970278790768
sv_jump,0.6,ewma_trunc_student_t,valid,126,10000,0.4568592455738364,0.2558985555883865,0.6503649632768539,0.45484531198684347
sv_jump,0.6,ewma_trunc_student_t,valid,252,10000,0.3977014595331758,0.14160030413854915,0.6924794650274765,0.4091327637484158
sv_jump,0.6,ewma_trunc_student_t,valid,504,10000,0.28871567964714506,0.05013398703649408,0.7118276561471122,0.3380438681042243
sv_jump,0.6,ewma_trunc_student_t,invalid,63,10000,0.5223231091717856,0.3889188932709957,0.6592672911924453,0.5230862475077267
sv_jump,0.6,ewma_trunc_student_t,invalid,126,10000,0.5459230153978505,0.3454383939660815,0.7513423123105106,0.5473254308997576
sv_jump,0.6,ewma_trunc_student_t,invalid,252,10000,0.601852977064438,0.305781239439091,0.8620860085186487,0.5919830271622487
sv_jump,0.6,ewma_trunc_student_t,invalid,504,10000,0.7142539090556543,0.2840692714615039,0.9537499984446567,0.662583454956867
sv_jump_big,1.0,binary_gaussian,valid,63,10000,0.4686735865787915,0.327562825509877,0.6142372892899678,0.4700986503475734
sv_jump_big,1.0,binary_gaussian,valid,126,10000,0.4381427623731474,0.24938104858457344,0.6476726063343219,0.4443868331768339
sv_jump_big,1.0,binary_gaussian,valid,252,10000,0.3731850675138183,0.1484449550818361,0.6777190708506065,0.3954392173902316
sv_jump_big,1.0,binary_gaussian,valid,504,10000,0.26492836494187566,0.05843653099772588,0.6854389570048572,0.3233186066276376
sv_jump_big,1.0,binary_gaussian,invalid,63,10000,0.5324560912716687,0.38670204173434064,0.6742040817595091,0.5303316329952078
sv_jump_big,1.0,binary_gaussian,invalid,126,10000,0.5648968677792436,0.3556085583453048,0.7527751879792709,0.5588661146154127
sv_jump_big,1.0,binary_gaussian,invalid,252,10000,0.622789086859199,0.32607133217414086,0.851774114280106,0.6040298091590731
sv_jump_big,1.0,binary_gaussian,invalid,504,10000,0.735635488937884,0.3158765153751227,0.9398259535207316,0.6790047197646268
sv_jump_big,1.0,binary_student_t,valid,63,10000,0.4523796919303587,0.3119713592961651,0.606330651717702,0.4569803321500848
sv_jump_big,1.0,binary_student_t,valid,126,10000,0.4099620098248342,0.2282693046964164,0.6314448940454154,0.4205209889933174
sv_jump_big,1.0,binary_student_t,valid,252,10000,0.3222695961956419,0.12326851951210997,0.6322023309534381,0.35297073299475595
sv_jump_big,1.0,binary_student_t,valid,504,10000,0.18953114632745965,0.040041676646219625,0.5770138725099865,0.25576563211100883
sv_jump_big,1.0,binary_student_t,invalid,63,10000,0.5480135515615008,0.39212044981790395,0.6872220239800482,0.5430050202302403
sv_jump_big,1.0,binary_student_t,invalid,126,10000,0.5887021419684368,0.3724076743141827,0.7756139821666389,0.581911242182249
sv_jump_big,1.0,binary_student_t,invalid,252,10000,0.6758890777521238,0.36571022938417697,0.8762105545368135,0.645315519385375
sv_jump_big,1.0,binary_student_t,invalid,504,10000,0.8110048355565967,0.4114824164538485,0.9603770075539396,0.7433468591452064
sv_jump_big,1.0,ewma_gaussian,valid,63,10000,0.44055655247697756,0.218735221931649,0.6873619497359901,0.4485564864506934
sv_jump_big,1.0,ewma_gaussian,valid,126,10000,0.380420259141433,0.08283286238743004,0.7692821371676073,0.40429491257170086
sv_jump_big,1.0,ewma_gaussian,valid,252,10000,0.2522014091187098,0.013914758164757781,0.8361816293887645,0.3409815530790577
sv_jump_big,1.0,ewma_gaussian,valid,504,10000,0.091441714840126,0.0006773920596844767,0.8756080989082861,0.26623123487244416
sv_jump_big,1.0,ewma_gaussian,invalid,63,10000,0.5572084564104924,0.31619168033534645,0.782771304143234,0.552249403960002
sv_jump_big,1.0,ewma_gaussian,invalid,126,10000,0.6225489300017892,0.2319754996239587,0.9230436005566894,0.5980538131108553
sv_jump_big,1.0,ewma_gaussian,invalid,252,10000,0.7551827097431377,0.15818307936362963,0.9859068576033373,0.6602583230608907
sv_jump_big,1.0,ewma_gaussian,invalid,504,10000,0.9154405384414204,0.1304355113487783,0.999311180773098,0.7388123056305848
sv_jump_big,1.0,ewma_student_t,valid,63,10000,0.43422625148100574,0.21768035850153786,0.6417592558577573,0.4330727352743746
sv_jump_big,1.0,ewma_student_t,valid,126,10000,0.36265063287644594,0.09087062974682111,0.6786853489889523,0.3770851430013512
sv_jump_big,1.0,ewma_student_t,valid,252,10000,0.21679681659077782,0.018072394745710978,0.6879275049718917,0.2886345893529933
sv_jump_big,1.0,ewma_student_t,valid,504,10000,0.05838588131524851,0.0012718141991334407,0.5873063855602505,0.18105274358286028
sv_jump_big,1.0,ewma_student_t,invalid,63,10000,0.5657075211857171,0.353400023882023,0.7842701596000252,0.56618140094252
sv_jump_big,1.0,ewma_student_t,invalid,126,10000,0.6389979673165814,0.32227887028924157,0.9083727503334975,0.6252525783283475
sv_jump_big,1.0,ewma_student_t,invalid,252,10000,0.7878575223670039,0.3169781154803166,0.9801629961349136,0.7124231051898149
sv_jump_big,1.0,ewma_student_t,invalid,504,10000,0.9423653248116166,0.3944347002592338,0.9988694566687096,0.8184545832271612
sv_jump_big,1.0,ewma_trunc_gaussian,valid,63,10000,0.4399388058486904,0.2127872271004526,0.6857108782933156,0.4462908220377797
sv_jump_big,1.0,ewma_trunc_gaussian,valid,126,10000,0.371887169429749,0.07301315932535346,0.7640162538072175,0.39762863798992265
sv_jump_big,1.0,ewma_trunc_gaussian,valid,252,10000,0.2311764950962208,0.009301370333920393,0.8294413001635623,0.32857470578206077
sv_jump_big,1.0,ewma_trunc_gaussian,valid,504,10000,0.06740708499316135,0.0002974937584334504,0.8696990838332226,0.24968881111271277
sv_jump_big,1.0,ewma_trunc_gaussian,invalid,63,10000,0.5584758564015657,0.318595435188413,0.7883376891968381,0.554258300873757
sv_jump_big,1.0,ewma_trunc_gaussian,invalid,126,10000,0.6290398966190135,0.23584887034986224,0.9320918600148697,0.6044601903761662
sv_jump_big,1.0,ewma_trunc_gaussian,invalid,252,10000,0.7752052754872483,0.16539566150687054,0.990388984239285,0.6725298457863287
sv_jump_big,1.0,ewma_trunc_gaussian,invalid,504,10000,0.9338062992414171,0.13728965475130075,0.9997066734709874,0.7548612179684007
sv_jump_big,1.0,ewma_trunc_student_t,valid,63,10000,0.4286473505511075,0.20818673113499964,0.648183476409018,0.4296313867356035
sv_jump_big,1.0,ewma_trunc_student_t,valid,126,10000,0.3484608108837659,0.07741937638379506,0.6867849734096155,0.3685728089995573
sv_jump_big,1.0,ewma_trunc_student_t,valid,252,10000,0.19169022896458643,0.011789241542976255,0.693110093423039,0.2750458966570262
sv_jump_big,1.0,ewma_trunc_student_t,valid,504,10000,0.04141910371749547,0.0005295204132116379,0.5661986345552393,0.16569428123404828
sv_jump_big,1.0,ewma_trunc_student_t,invalid,63,10000,0.5715490127110032,0.34592357536519946,0.7926325018079206,0.569392372403015
sv_jump_big,1.0,ewma_trunc_student_t,invalid,126,10000,0.6537872118683827,0.3151826339042796,0.9234071849136847,0.6343300454826913
sv_jump_big,1.0,ewma_trunc_student_t,invalid,252,10000,0.814359763298573,0.30922198106572885,0.9867411422843251,0.7264391701060862
sv_jump_big,1.0,ewma_trunc_student_t,invalid,504,10000,0.9584405452510768,0.41087481624546063,0.9994893907290586,0.8330568516493136
sv_jump_big,0.6,binary_gaussian,valid,63,10000,0.48868143416416887,0.4009430455118748,0.5766644251439653,0.48878533635508864
sv_jump_big,0.6,binary_gaussian,valid,126,10000,0.4777093358385686,0.3540807132279653,0.604749527524971,0.47886917491233755
sv_jump_big,0.6,binary_gaussian,valid,252,10000,0.4523584361369699,0.28330832009807233,0.6378363473443861,0.4573192176280103
sv_jump_big,0.6,binary_gaussian,valid,504,10000,0.4079841360740881,0.19344789214677185,0.6698106522738059,0.422277372037311
sv_jump_big,0.6,binary_gaussian,invalid,63,10000,0.5119987713734124,0.42391607757204175,0.6002140383957254,0.5114681791566426
sv_jump_big,0.6,binary_gaussian,invalid,126,10000,0.5241402304351742,0.3973101571531498,0.6475029571482122,0.5232452988674684
sv_jump_big,0.6,binary_gaussian,invalid,252,10000,0.5450877038826246,0.3645650184396789,0.7169028890190575,0.5423118252899273
sv_jump_big,0.6,binary_gaussian,invalid,504,10000,0.5924356722099251,0.3309985477141093,0.8036195580815167,0.5790675358458486
sv_jump_big,0.6,binary_student_t,valid,63,10000,0.48248940620273095,0.3931784545585302,0.5741457130155516,0.48380249504451633
sv_jump_big,0.6,binary_student_t,valid,126,10000,0.4677230334582331,0.3444160329225067,0.5998707211693122,0.46967060442925856
sv_jump_big,0.6,binary_student_t,valid,252,10000,0.432462742252625,0.2676704996913963,0.6215367162397412,0.43939959237043574
sv_jump_big,0.6,binary_student_t,valid,504,10000,0.3711289240187955,0.17320793570370724,0.6274582973047913,0.3892006165663239
sv_jump_big,0.6,binary_student_t,invalid,63,10000,0.5177113152934258,0.42438055084440274,0.6060464734844969,0.5162029386392999
sv_jump_big,0.6,binary_student_t,invalid,126,10000,0.5326086608767305,0.4022758143155087,0.6591894561025053,0.5320065014195425
sv_jump_big,0.6,binary_student_t,invalid,252,10000,0.566039335704313,0.37748606397063006,0.7327797389204556,0.5594287185570698
sv_jump_big,0.6,binary_student_t,invalid,504,10000,0.6282146905016254,0.3648959955730156,0.8279674550090299,0.610447557891955
sv_jump_big,0.6,ewma_gaussian,valid,63,10000,0.4780768791116861,0.3313968867331891,0.6280674657552396,0.4795962999669402
sv_jump_big,0.6,ewma_gaussian,valid,126,10000,0.4567810403883866,0.21758482377664934,0.6995588477338979,0.45828650807452703
sv_jump_big,0.6,ewma_gaussian,valid,252,10000,0.40194505514583373,0.09929406016228097,0.7782604137586234,0.4218338940941122
sv_jump_big,0.6,ewma_gaussian,valid,504,10000,0.30575679235748865,0.02522146387647277,0.8503478850337102,0.37279243606275725
sv_jump_big,0.6,ewma_gaussian,invalid,63,10000,0.5212667054539373,0.37326634813933984,0.6695476840589054,0.5210820615081371
sv_jump_big,0.6,ewma_gaussian,invalid,126,10000,0.5448611103641152,0.29936792442320964,0.7907287412200942,0.5442703704969475
sv_jump_big,0.6,ewma_gaussian,invalid,252,10000,0.603052580737643,0.21924432067300562,0.9000197832871906,0.5788807704326073
sv_jump_big,0.6,ewma_gaussian,invalid,504,10000,0.7032761421391786,0.15234499011392133,0.9753422037909045,0.6311827559305013
sv_jump_big,0.6,ewma_student_t,valid,63,10000,0.4761565449031832,0.3373580487295404,0.6042007689875178,0.4730439414439868
sv_jump_big,0.6,ewma_student_t,valid,126,10000,0.45021745623114345,0.23685162631143888,0.6462084722234666,0.4467599122382246
sv_jump_big,0.6,ewma_student_t,valid,252,10000,0.385631706737008,0.12630376634958487,0.6836022070256613,0.3973675954056699
sv_jump_big,0.6,ewma_student_t,valid,504,10000,0.2697238680217071,0.0421773013729053,0.7017583755015199,0.3241342598917848
sv_jump_big,0.6,ewma_student_t,invalid,63,10000,0.5240472614457545,0.39414539848124924,0.6645568948308802,0.5263927053549611
sv_jump_big,0.6,ewma_student_t,invalid,126,10000,0.5504935126413157,0.3549329490258355,0.7605932015873175,0.55482501930299
sv_jump_big,0.6,ewma_student_t,invalid,252,10000,0.616534433658285,0.3163716937565723,0.8699182845197323,0.6024530879552419
sv_jump_big,0.6,ewma_student_t,invalid,504,10000,0.7345614803780216,0.29513786507700224,0.9592246779737857,0.6768096229963853
sv_jump_big,0.6,ewma_trunc_gaussian,valid,63,10000,0.4780283559143399,0.3282704625608419,0.6281099849227881,0.47854288507194626
sv_jump_big,0.6,ewma_trunc_gaussian,valid,126,10000,0.4539715104540186,0.208762919080324,0.6992606715115123,0.45481314221598024
sv_jump_big,0.6,ewma_trunc_gaussian,valid,252,10000,0.39272015595909593,0.08531525637230523,0.7815942323288259,0.4145716941514176
sv_jump_big,0.6,ewma_trunc_gaussian,valid,504,10000,0.2792242827331314,0.018133301498128012,0.8561514356990403,0.3611605298654746
sv_jump_big,0.6,ewma_trunc_gaussian,invalid,63,10000,0.5217459016390196,0.37326634813933984,0.6725920469592612,0.521928697879545
sv_jump_big,0.6,ewma_trunc_gaussian,invalid,126,10000,0.5477121132822186,0.29863811069159535,0.8001586709064952,0.5475710137876453
sv_jump_big,0.6,ewma_trunc_gaussian,invalid,252,10000,0.6119147697044529,0.21251703887051054,0.9150542122407287,0.5861125586422491
sv_jump_big,0.6,ewma_trunc_gaussian,invalid,504,10000,0.7215934648614026,0.14270618505878563,0.9824840540676782,0.6420891382614485
sv_jump_big,0.6,ewma_trunc_student_t,valid,63,10000,0.47397418783714795,0.3294762485230178,0.6085313126615023,0.471629000121425
sv_jump_big,0.6,ewma_trunc_student_t,valid,126,10000,0.4455099067585513,0.22197389510184717,0.6540700782290377,0.4422908816270423
sv_jump_big,0.6,ewma_trunc_student_t,valid,252,10000,0.37196140164330244,0.10574340823161704,0.6963797471293067,0.3877325879869442
sv_jump_big,0.6,ewma_trunc_student_t,valid,504,10000,0.2431613493297341,0.02845395888213766,0.7076578301601977,0.30966618084672765
sv_jump_big,0.6,ewma_trunc_student_t,invalid,63,10000,0.5262041656689658,0.388378384191963,0.6697771383830244,0.5275825621959752
sv_jump_big,0.6,ewma_trunc_student_t,invalid,126,10000,0.5561083139139591,0.34692635136343186,0.7778123570828461,0.5595029189756042
sv_jump_big,0.6,ewma_trunc_student_t,invalid,252,10000,0.6303087873042756,0.30417168152205704,0.8888444805808057,0.6115825118386085
sv_jump_big,0.6,ewma_trunc_student_t,invalid,504,10000,0.7574220642219253,0.28183446005478385,0.9708116032874955,0.6898959170016394
