scenario,sharpe_valid,method,far_target,threshold,first_eligible_day,far_alarms,far_lo,far_hi,far_d63,detect_d63,far_d126,detect_d126,far_d252,detect_d252,far_d504,detect_d504,far_total,trunc_mean_detect_days,trunc_mean_detect_se,median_detect_days,median_detect_note,undetected_at_H,n_test_valid,n_test_invalid,ewma_lambda,student_t_df,truncation_c,thresholds_apply_to
gaussian_ctrl,0.6,binary_gaussian,0.05,-1.3997588743969835,1,445,0.04063039538203104,0.048719427133655326,0.0,0.0,0.0003,0.0022,0.0085,0.0347,0.0445,0.1802,0.0445,476.4473,0.7221311858768886,,not reached within 504d,0.8198,10000,10000,0.94,5.0,4.0,"the whole 504-day horizon; the 63/126/252 day columns read the SAME threshold, they do not each spend a fresh budget"
gaussian_ctrl,0.6,binary_student_t,0.05,-1.7203704889174807,1,418,0.03805024400211621,0.0459016521047718,0.0,0.0,0.0004,0.0009,0.0079,0.0273,0.0418,0.1633,0.0418,479.4353,0.6782142130941259,,not reached within 504d,0.8367,10000,10000,0.94,5.0,4.0,"the whole 504-day horizon; the 63/126/252 day columns read the SAME threshold, they do not each spend a fresh budget"
gaussian_ctrl,0.6,trailing_sharpe_252,0.05,-1.9798994691911882,252,415,0.037763827388615986,0.04558829911729445,0.0,0.0,0.0,0.0,0.0041,0.0235,0.0415,0.1462,0.0415,480.7503,0.6409904694058929,,not reached within 504d,0.8538,10000,10000,0.94,5.0,4.0,"the whole 504-day horizon; the 63/126/252 day columns read the SAME threshold, they do not each spend a fresh budget"
gaussian_ctrl,0.6,known_vol_rolling_252,0.05,-1.9563207035908585,252,431,0.039292009027508144,0.047258888683616114,0.0,0.0,0.0,0.0,0.0045,0.0257,0.0431,0.1494,0.0431,480.3717,0.6448829516378389,,not reached within 504d,0.8506,10000,10000,0.94,5.0,4.0,"the whole 504-day horizon; the 63/126/252 day columns read the SAME threshold, they do not each spend a fresh budget"
gaussian_ctrl,0.6,ewma_gaussian,0.05,-1.5474100297028444,1,430,0.03919645311021771,0.04715452140058068,0.0,0.0,0.0004,0.0012,0.0086,0.0304,0.043,0.1699,0.043,478.59,0.6899090283847173,,not reached within 504d,0.8301000000000001,10000,10000,0.94,5.0,4.0,"the whole 504-day horizon; the 63/126/252 day columns read the SAME threshold, they do not each spend a fresh budget"
gaussian_ctrl,0.6,ewma_student_t,0.05,-1.7998472341946936,1,420,0.0382412189005821,0.04611052360695765,0.0,0.0,0.0006,0.0011,0.0082,0.0284,0.042,0.1631,0.042,479.9063,0.6718130434187259,,not reached within 504d,0.8369,10000,10000,0.94,5.0,4.0,"the whole 504-day horizon; the 63/126/252 day columns read the SAME threshold, they do not each spend a fresh budget"
gaussian_ctrl,0.6,ewma_trunc_gaussian,0.05,-1.5479985256897413,1,430,0.03919645311021771,0.04715452140058068,0.0,0.0,0.0004,0.0013,0.0085,0.0305,0.043,0.1695,0.043,478.6048,0.6900430259293715,,not reached within 504d,0.8305,10000,10000,0.94,5.0,4.0,"the whole 504-day horizon; the 63/126/252 day columns read the SAME threshold, they do not each spend a fresh budget"
gaussian_ctrl,0.6,ewma_trunc_student_t,0.05,-1.80014714816762,1,420,0.0382412189005821,0.04611052360695765,0.0,0.0,0.0006,0.0011,0.0082,0.0283,0.042,0.1631,0.042,479.8944,0.6718680119834198,,not reached within 504d,0.8369,10000,10000,0.94,5.0,4.0,"the whole 504-day horizon; the 63/126/252 day columns read the SAME threshold, they do not each spend a fresh budget"
gaussian_ctrl,0.6,binary_gaussian,0.15,-0.9753004649010643,1,1371,0.13049785428319532,0.14398085173424174,0.0003,0.0011,0.0117,0.0301,0.0564,0.1521,0.1371,0.3761,0.1371,424.498,1.2462183539085605,,not reached within 504d,0.6239,10000,10000,0.94,5.0,4.0,"the whole 504-day horizon; the 63/126/252 day columns read the SAME threshold, they do not each spend a fresh budget"
gaussian_ctrl,0.6,binary_student_t,0.15,-1.193466164305068,1,1359,0.12932319758077757,0.1427564300327491,0.0001,0.001,0.0104,0.0252,0.0552,0.1423,0.1359,0.3593,0.1359,428.9196,1.2168986801799822,,not reached within 504d,0.6407,10000,10000,0.94,5.0,4.0,"the whole 504-day horizon; the 63/126/252 day columns read the SAME threshold, they do not each spend a fresh budget"
gaussian_ctrl,0.6,trailing_sharpe_252,0.15,-1.4113355112635864,252,1403,0.13363111376762415,0.14724513466024058,0.0,0.0,0.0,0.0,0.0206,0.077,0.1403,0.3441,0.1403,445.8467,0.9340220980463814,,not reached within 504d,0.6558999999999999,10000,10000,0.94,5.0,4.0,"the whole 504-day horizon; the 63/126/252 day columns read the SAME threshold, they do not each spend a fresh budget"
gaussian_ctrl,0.6,known_vol_rolling_252,0.15,-1.411522714436914,252,1372,0.13059575018587788,0.14408287903188505,0.0,0.0,0.0,0.0,0.0194,0.0756,0.1372,0.3417,0.1372,446.1876,0.9327721946009659,,not reached within 504d,0.6583,10000,10000,0.94,5.0,4.0,"the whole 504-day horizon; the 63/126/252 day columns read the SAME threshold, they do not each spend a fresh budget"
gaussian_ctrl,0.6,ewma_gaussian,0.15,-1.0706468897490133,1,1408,0.13412079451422496,0.14775506991526913,0.0002,0.0006,0.0111,0.0275,0.0557,0.1499,0.1408,0.3725,0.1408,425.6462,1.2354374905819046,,not reached within 504d,0.6275,10000,10000,0.94,5.0,4.0,"the whole 504-day horizon; the 63/126/252 day columns read the SAME threshold, they do not each spend a fresh budget"
gaussian_ctrl,0.6,ewma_student_t,0.15,-1.2553347029132382,1,1370,0.13039995958322761,0.1438788232338836,0.0002,0.0012,0.0114,0.023,0.0574,0.1363,0.137,0.3541,0.137,431.21,1.1981710776817889,,not reached within 504d,0.6458999999999999,10000,10000,0.94,5.0,4.0,"the whole 504-day horizon; the 63/126/252 day columns read the SAME threshold, they do not each spend a fresh budget"
gaussian_ctrl,0.6,ewma_trunc_gaussian,0.15,-1.0714745609841436,1,1405,0.1338269825685901,0.1474491122599264,0.0002,0.0006,0.0111,0.0276,0.0556,0.1497,0.1405,0.3718,0.1405,425.7344,1.2350138021792134,,not reached within 504d,0.6282,10000,10000,0.94,5.0,4.0,"the whole 504-day horizon; the 63/126/252 day columns read the SAME threshold, they do not each spend a fresh budget"
gaussian_ctrl,0.6,ewma_trunc_student_t,0.15,-1.2558356219100482,1,1368,0.1302041737958663,0.1436747626205932,0.0002,0.0012,0.0113,0.023,0.0574,0.1363,0.1368,0.3543,0.1368,431.2008,1.1980531044407448,,not reached within 504d,0.6456999999999999,10000,10000,0.94,5.0,4.0,"the whole 504-day horizon; the 63/126/252 day columns read the SAME threshold, they do not each spend a fresh budget"
gaussian_ctrl,1.0,binary_gaussian,0.05,-2.022952282136807,1,459,0.04196987371736925,0.05017887360287923,0.0,0.0003,0.0012,0.0094,0.0128,0.0977,0.0459,0.3485,0.0459,441.5005,1.0606024456551912,,not reached within 504d,0.6515,10000,10000,0.94,5.0,4.0,"the whole 504-day horizon; the 63/126/252 day columns read the SAME threshold, they do not each spend a fresh budget"
gaussian_ctrl,1.0,binary_student_t,0.05,-2.515810884644255,1,412,0.03747746616189304,0.045274890743039795,0.0,0.0001,0.0012,0.0071,0.0108,0.0836,0.0412,0.314,0.0412,449.3339,0.9991022578350831,,not reached within 504d,0.6859999999999999,10000,10000,0.94,5.0,4.0,"the whole 504-day horizon; the 63/126/252 day columns read the SAME threshold, they do not each spend a fresh budget"
gaussian_ctrl,1.0,trailing_sharpe_252,0.05,-1.5750924007815563,252,414,0.03766836746394034,0.04548383584164423,0.0,0.0,0.0,0.0,0.0042,0.0556,0.0414,0.2747,0.0414,458.5115,0.853022292486045,,not reached within 504d,0.7253000000000001,10000,10000,0.94,5.0,4.0,"the whole 504-day horizon; the 63/126/252 day columns read the SAME threshold, they do not each spend a fresh budget"
gaussian_ctrl,1.0,known_vol_rolling_252,0.05,-1.5563207035908586,252,431,0.039292009027508144,0.047258888683616114,0.0,0.0,0.0,0.0,0.0045,0.0563,0.0431,0.2805,0.0431,457.52,0.8603059064223973,,not reached within 504d,0.7195,10000,10000,0.94,5.0,4.0,"the whole 504-day horizon; the 63/126/252 day columns read the SAME threshold, they do not each spend a fresh budget"
gaussian_ctrl,1.0,ewma_gaussian,0.05,-2.2633758487572586,1,429,0.03910090304217032,0.04705014826830221,0.0,0.0,0.0014,0.0065,0.0125,0.0848,0.0429,0.3262,0.0429,447.8109,1.0032613156330432,,not reached within 504d,0.6738,10000,10000,0.94,5.0,4.0,"the whole 504-day horizon; the 63/126/252 day columns read the SAME threshold, they do not each spend a fresh budget"
gaussian_ctrl,1.0,ewma_student_t,0.05,-2.6382573986973794,1,416,0.03785929346729353,0.04569275623894275,0.0,0.0,0.0013,0.0068,0.0113,0.0806,0.0416,0.3077,0.0416,450.6601,0.988023631229834,,not reached within 504d,0.6923,10000,10000,0.94,5.0,4.0,"the whole 504-day horizon; the 63/126/252 day columns read the SAME threshold, they do not each spend a fresh budget"
gaussian_ctrl,1.0,ewma_trunc_gaussian,0.05,-2.2633758487572586,1,429,0.03910090304217032,0.04705014826830221,0.0,0.0,0.0014,0.0065,0.0126,0.085,0.0429,0.3265,0.0429,447.7253,1.0040294774109728,,not reached within 504d,0.6735,10000,10000,0.94,5.0,4.0,"the whole 504-day horizon; the 63/126/252 day columns read the SAME threshold, they do not each spend a fresh budget"
gaussian_ctrl,1.0,ewma_trunc_student_t,0.05,-2.6382573986973794,1,416,0.03785929346729353,0.04569275623894275,0.0,0.0,0.0013,0.0068,0.0113,0.081,0.0416,0.308,0.0416,450.61,0.9885794853930027,,not reached within 504d,0.692,10000,10000,0.94,5.0,4.0,"the whole 504-day horizon; the 63/126/252 day columns read the SAME threshold, they do not each spend a fresh budget"
gaussian_ctrl,1.0,binary_gaussian,0.15,-1.3780807542068807,1,1362,0.12961684541447105,0.1430625518000332,0.0019,0.0098,0.0222,0.0893,0.0718,0.2959,0.1362,0.5654,0.1362,364.8081,1.521434725448772,430,,0.4346,10000,10000,0.94,5.0,4.0,"the whole 504-day horizon; the 63/126/252 day columns read the SAME threshold, they do not each spend a fresh budget"
gaussian_ctrl,1.0,binary_student_t,0.15,-1.6941503401391478,1,1376,0.13098734580168783,0.14449097621737858,0.0017,0.0081,0.0228,0.0788,0.0721,0.274,0.1376,0.5465,0.1376,372.6011,1.48989889514382,450,,0.4535,10000,10000,0.94,5.0,4.0,"the whole 504-day horizon; the 63/126/252 day columns read the SAME threshold, they do not each spend a fresh budget"
gaussian_ctrl,1.0,trailing_sharpe_252,0.15,-1.0096286942203367,252,1400,0.1333373193312127,0.14693915949567446,0.0,0.0,0.0,0.0,0.0202,0.1579,0.14,0.5305,0.14,408.0408,1.0722231016789265,475,,0.46950000000000003,10000,10000,0.94,5.0,4.0,"the whole 504-day horizon; the 63/126/252 day columns read the SAME threshold, they do not each spend a fresh budget"
gaussian_ctrl,1.0,known_vol_rolling_252,0.15,-1.011522714436914,252,1372,0.13059575018587788,0.14408287903188505,0.0,0.0,0.0,0.0,0.0194,0.1558,0.1372,0.5236,0.1372,409.3565,1.0703104209596024,483,,0.47640000000000005,10000,10000,0.94,5.0,4.0,"the whole 504-day horizon; the 63/126/252 day columns read the SAME threshold, they do not each spend a fresh budget"
gaussian_ctrl,1.0,ewma_gaussian,0.15,-1.5183981536615327,1,1411,0.1344146169279822,0.14806101710248945,0.0017,0.0074,0.0226,0.0833,0.0705,0.2861,0.1411,0.5552,0.1411,369.0293,1.50395506988614,440,,0.4448,10000,10000,0.94,5.0,4.0,"the whole 504-day horizon; the 63/126/252 day columns read the SAME threshold, they do not each spend a fresh budget"
gaussian_ctrl,1.0,ewma_student_t,0.15,-1.7886632867338625,1,1391,0.13245599939496294,0.1460211706289914,0.0019,0.0073,0.0221,0.0724,0.0727,0.266,0.1391,0.5349,0.1391,376.4175,1.475994158271138,463,,0.46509999999999996,10000,10000,0.94,5.0,4.0,"the whole 504-day horizon; the 63/126/252 day columns read the SAME threshold, they do not each spend a fresh budget"
gaussian_ctrl,1.0,ewma_trunc_gaussian,0.15,-1.5184082861844401,1,1412,0.13451256005399473,0.14816299717680279,0.0017,0.0074,0.0226,0.0832,0.0705,0.2864,0.1412,0.5553,0.1412,368.9197,1.5044245592639236,440,,0.4447,10000,10000,0.94,5.0,4.0,"the whole 504-day horizon; the 63/126/252 day columns read the SAME threshold, they do not each spend a fresh budget"
gaussian_ctrl,1.0,ewma_trunc_student_t,0.15,-1.7890463835489592,1,1390,0.1323580808483827,0.14591916597524585,0.0019,0.0073,0.0221,0.0724,0.0728,0.2661,0.139,0.5354,0.139,376.3709,1.47594777533033,462,,0.4646,10000,10000,0.94,5.0,4.0,"the whole 504-day horizon; the 63/126/252 day columns read the SAME threshold, they do not each spend a fresh budget"
jump_ctrl,0.6,binary_gaussian,0.05,-1.3783899733063099,1,452,0.041300001086809354,0.049449283831158056,0.0,0.0,0.0003,0.003,0.0094,0.0366,0.0452,0.1833,0.0452,474.8525,0.7507765985465267,,not reached within 504d,0.8167,10000,10000,0.94,5.0,4.0,"the whole 504-day horizon; the 63/126/252 day columns read the SAME threshold, they do not each spend a fresh budget"
jump_ctrl,0.6,binary_student_t,0.05,-1.6194181703377424,1,435,0.039674290803033356,0.04767629970939436,0.0,0.0,0.0005,0.0021,0.0075,0.0359,0.0435,0.184,0.0435,474.8049,0.7450096157310678,,not reached within 504d,0.8160000000000001,10000,10000,0.94,5.0,4.0,"the whole 504-day horizon; the 63/126/252 day columns read the SAME threshold, they do not each spend a fresh budget"
jump_ctrl,0.6,trailing_sharpe_252,0.05,-1.945691734608428,252,424,0.03862324112699029,0.046528194181852923,0.0,0.0,0.0,0.0,0.0043,0.0257,0.0424,0.157,0.0424,478.8149,0.6647106196080982,,not reached within 504d,0.843,10000,10000,0.94,5.0,4.0,"the whole 504-day horizon; the 63/126/252 day columns read the SAME threshold, they do not each spend a fresh budget"
jump_ctrl,0.6,known_vol_rolling_252,0.05,-1.953039653222382,252,433,0.03948313833238368,0.04746760577939231,0.0,0.0,0.0,0.0,0.0056,0.0254,0.0433,0.1472,0.0433,480.5684,0.6432343796709865,,not reached within 504d,0.8528,10000,10000,0.94,5.0,4.0,"the whole 504-day horizon; the 63/126/252 day columns read the SAME threshold, they do not each spend a fresh budget"
jump_ctrl,0.6,ewma_gaussian,0.05,-1.6943010381063026,1,431,0.039292009027508144,0.047258888683616114,0.0,0.0,0.0001,0.0018,0.0073,0.0317,0.0431,0.1746,0.0431,477.426,0.7061592727507366,,not reached within 504d,0.8254,10000,10000,0.94,5.0,4.0,"the whole 504-day horizon; the 63/126/252 day columns read the SAME threshold, they do not each spend a fresh budget"
jump_ctrl,0.6,ewma_student_t,0.05,-1.8017795408161001,1,452,0.041300001086809354,0.049449283831158056,0.0,0.0,0.0005,0.0026,0.009,0.0367,0.0452,0.1844,0.0452,474.5327,0.7496924015492581,,not reached within 504d,0.8156,10000,10000,0.94,5.0,4.0,"the whole 504-day horizon; the 63/126/252 day columns read the SAME threshold, they do not each spend a fresh budget"
jump_ctrl,0.6,ewma_trunc_gaussian,0.05,-1.7314538150285084,1,426,0.03881428812903491,0.04673699358046003,0.0,0.0,0.0001,0.0021,0.0078,0.0326,0.0426,0.1774,0.0426,476.8783,0.7157550275317273,,not reached within 504d,0.8226,10000,10000,0.94,5.0,4.0,"the whole 504-day horizon; the 63/126/252 day columns read the SAME threshold, they do not each spend a fresh budget"
jump_ctrl,0.6,ewma_trunc_student_t,0.05,-1.8298605562747525,1,461,0.0421613141098896,0.050387279611010596,0.0,0.0,0.0005,0.0022,0.0092,0.0376,0.0461,0.1877,0.0461,474.0461,0.755203145291428,,not reached within 504d,0.8123,10000,10000,0.94,5.0,4.0,"the whole 504-day horizon; the 63/126/252 day columns read the SAME threshold, they do not each spend a fresh budget"
jump_ctrl,0.6,binary_gaussian,0.15,-0.9719376432964033,1,1325,0.12599596120861004,0.13928627759383724,0.0019,0.0022,0.012,0.0328,0.0556,0.152,0.1325,0.3786,0.1325,423.5815,1.2577131549017848,,not reached within 504d,0.6214,10000,10000,0.94,5.0,4.0,"the whole 504-day horizon; the 63/126/252 day columns read the SAME threshold, they do not each spend a fresh budget"
jump_ctrl,0.6,binary_student_t,0.15,-1.1157519469672292,1,1373,0.1306936472901703,0.14418490512791848,0.0006,0.0014,0.0119,0.0348,0.0592,0.1628,0.1373,0.3949,0.1373,419.0481,1.2838905779468177,,not reached within 504d,0.6051,10000,10000,0.94,5.0,4.0,"the whole 504-day horizon; the 63/126/252 day columns read the SAME threshold, they do not each spend a fresh budget"
jump_ctrl,0.6,trailing_sharpe_252,0.15,-1.3997163286000955,252,1393,0.13265184003002725,0.14622517639457885,0.0,0.0,0.0,0.0,0.023,0.0814,0.1393,0.3519,0.1393,444.206,0.9422760024570723,,not reached within 504d,0.6481,10000,10000,0.94,5.0,4.0,"the whole 504-day horizon; the 63/126/252 day columns read the SAME threshold, they do not each spend a fresh budget"
jump_ctrl,0.6,known_vol_rolling_252,0.15,-1.39116238668293,252,1399,0.1332393901939391,0.14683716543262215,0.0,0.0,0.0,0.0,0.023,0.082,0.1399,0.3455,0.1399,444.8894,0.9415337621915288,,not reached within 504d,0.6545000000000001,10000,10000,0.94,5.0,4.0,"the whole 504-day horizon; the 63/126/252 day columns read the SAME threshold, they do not each spend a fresh budget"
jump_ctrl,0.6,ewma_gaussian,0.15,-1.182575277843414,1,1366,0.13000839283267326,0.14347069718313446,0.0002,0.0004,0.0092,0.0274,0.0574,0.1447,0.1366,0.3688,0.1366,426.5424,1.2278221919144057,,not reached within 504d,0.6312,10000,10000,0.94,5.0,4.0,"the whole 504-day horizon; the 63/126/252 day columns read the SAME threshold, they do not each spend a fresh budget"
jump_ctrl,0.6,ewma_student_t,0.15,-1.2560157455221859,1,1385,0.13186850586777127,0.14540912495422792,0.0005,0.0019,0.0111,0.0314,0.0575,0.1535,0.1385,0.3806,0.1385,422.5511,1.2636375100695156,,not reached within 504d,0.6194,10000,10000,0.94,5.0,4.0,"the whole 504-day horizon; the 63/126/252 day columns read the SAME threshold, they do not each spend a fresh budget"
jump_ctrl,0.6,ewma_trunc_gaussian,0.15,-1.2062638431526227,1,1363,0.12971473045270238,0.14316458996212778,0.0006,0.0006,0.0102,0.028,0.0578,0.147,0.1363,0.371,0.1363,425.6972,1.2343454184616263,,not reached within 504d,0.629,10000,10000,0.94,5.0,4.0,"the whole 504-day horizon; the 63/126/252 day columns read the SAME threshold, they do not each spend a fresh budget"
jump_ctrl,0.6,ewma_trunc_student_t,0.15,-1.2780894319609049,1,1372,0.13059575018587788,0.14408287903188505,0.0004,0.0019,0.0106,0.0311,0.0573,0.1542,0.1372,0.3854,0.1372,421.8729,1.264216420900665,,not reached within 504d,0.6146,10000,10000,0.94,5.0,4.0,"the whole 504-day horizon; the 63/126/252 day columns read the SAME threshold, they do not each spend a fresh budget"
jump_ctrl,1.0,binary_gaussian,0.05,-2.009091955903746,1,441,0.04024788569805465,0.04830224401632825,0.0001,0.0003,0.0012,0.0113,0.0136,0.1009,0.0441,0.3533,0.0441,440.0948,1.075382474305121,,not reached within 504d,0.6467,10000,10000,0.94,5.0,4.0,"the whole 504-day horizon; the 63/126/252 day columns read the SAME threshold, they do not each spend a fresh budget"
jump_ctrl,1.0,binary_student_t,0.05,-2.34046935647749,1,429,0.03910090304217032,0.04705014826830221,0.0,0.0002,0.0012,0.0108,0.0111,0.1039,0.0429,0.3657,0.0429,437.7244,1.0882200819497294,,not reached within 504d,0.6343,10000,10000,0.94,5.0,4.0,"the whole 504-day horizon; the 63/126/252 day columns read the SAME threshold, they do not each spend a fresh budget"
jump_ctrl,1.0,trailing_sharpe_252,0.05,-1.5438189403891636,252,425,0.03871876165407628,0.04663259685509281,0.0,0.0,0.0,0.0,0.0045,0.0623,0.0425,0.2914,0.0425,454.9578,0.8799461304166543,,not reached within 504d,0.7086,10000,10000,0.94,5.0,4.0,"the whole 504-day horizon; the 63/126/252 day columns read the SAME threshold, they do not each spend a fresh budget"
jump_ctrl,1.0,known_vol_rolling_252,0.05,-1.553039653222382,252,433,0.03948313833238368,0.04746760577939231,0.0,0.0,0.0,0.0,0.0056,0.0602,0.0433,0.2782,0.0433,457.415,0.863307423500312,,not reached within 504d,0.7218,10000,10000,0.94,5.0,4.0,"the whole 504-day horizon; the 63/126/252 day columns read the SAME threshold, they do not each spend a fresh budget"
jump_ctrl,1.0,ewma_gaussian,0.05,-2.497983023085661,1,409,0.03719116090032693,0.0449614264036283,0.0,0.0,0.0006,0.0056,0.0109,0.0841,0.0409,0.327,0.0409,446.8804,1.0092699401870724,,not reached within 504d,0.673,10000,10000,0.94,5.0,4.0,"the whole 504-day horizon; the 63/126/252 day columns read the SAME threshold, they do not each spend a fresh budget"
jump_ctrl,1.0,ewma_student_t,0.05,-2.6225993333647484,1,445,0.04063039538203104,0.048719427133655326,0.0,0.0,0.0013,0.0099,0.0124,0.0985,0.0445,0.3496,0.0445,440.7073,1.0676504720291387,,not reached within 504d,0.6504,10000,10000,0.94,5.0,4.0,"the whole 504-day horizon; the 63/126/252 day columns read the SAME threshold, they do not each spend a fresh budget"
jump_ctrl,1.0,ewma_trunc_gaussian,0.05,-2.5403685837590197,1,421,0.03833671543427698,0.04621495027358863,0.0,0.0,0.0008,0.0069,0.012,0.0868,0.0421,0.3312,0.0421,445.6613,1.021641117657433,,not reached within 504d,0.6688000000000001,10000,10000,0.94,5.0,4.0,"the whole 504-day horizon; the 63/126/252 day columns read the SAME threshold, they do not each spend a fresh budget"
jump_ctrl,1.0,ewma_trunc_student_t,0.05,-2.663078204229651,1,456,0.04168275313833824,0.04986622458093264,0.0,0.0,0.0012,0.0092,0.0128,0.1009,0.0456,0.356,0.0456,439.5931,1.0729911296163746,,not reached within 504d,0.644,10000,10000,0.94,5.0,4.0,"the whole 504-day horizon; the 63/126/252 day columns read the SAME threshold, they do not each spend a fresh budget"
jump_ctrl,1.0,binary_gaussian,0.15,-1.360293258584262,1,1355,0.1289316841669932,0.14234825064523005,0.0043,0.0123,0.0244,0.0917,0.0737,0.2989,0.1355,0.5647,0.1355,363.7109,1.5288969699471155,427,,0.4353,10000,10000,0.94,5.0,4.0,"the whole 504-day horizon; the 63/126/252 day columns read the SAME threshold, they do not each spend a fresh budget"
jump_ctrl,1.0,binary_student_t,0.15,-1.565029457181907,1,1368,0.1302041737958663,0.1436747626205932,0.003,0.0118,0.024,0.1,0.0763,0.313,0.1368,0.59,0.1368,355.925,1.5414804227395718,397,,0.41000000000000003,10000,10000,0.94,5.0,4.0,"the whole 504-day horizon; the 63/126/252 day columns read the SAME threshold, they do not each spend a fresh budget"
jump_ctrl,1.0,trailing_sharpe_252,0.15,-0.9969931345968651,252,1388,0.13216224730246506,0.1457151531205117,0.0,0.0,0.0,0.0,0.0225,0.1616,0.1388,0.5344,0.1388,406.5185,1.0760592251919092,473,,0.4656,10000,10000,0.94,5.0,4.0,"the whole 504-day horizon; the 63/126/252 day columns read the SAME threshold, they do not each spend a fresh budget"
jump_ctrl,1.0,known_vol_rolling_252,0.15,-0.9911623866829271,252,1399,0.1332393901939391,0.14683716543262215,0.0,0.0,0.0,0.0,0.023,0.1596,0.1399,0.5296,0.1399,407.3571,1.0745772236465643,476,,0.47040000000000004,10000,10000,0.94,5.0,4.0,"the whole 504-day horizon; the 63/126/252 day columns read the SAME threshold, they do not each spend a fresh budget"
jump_ctrl,1.0,ewma_gaussian,0.15,-1.682690784815932,1,1349,0.12834445068929393,0.1417359449209741,0.0012,0.0049,0.0181,0.0778,0.0706,0.2791,0.1349,0.5492,0.1349,371.2262,1.4908650546636075,446,,0.4508,10000,10000,0.94,5.0,4.0,"the whole 504-day horizon; the 63/126/252 day columns read the SAME threshold, they do not each spend a fresh budget"
jump_ctrl,1.0,ewma_student_t,0.15,-1.7676865283070038,1,1382,0.1315747751199206,0.14510308610110095,0.0025,0.0107,0.0212,0.0903,0.0746,0.2955,0.1382,0.5728,0.1382,362.6528,1.5223558263238572,418,,0.4272,10000,10000,0.94,5.0,4.0,"the whole 504-day horizon; the 63/126/252 day columns read the SAME threshold, they do not each spend a fresh budget"
jump_ctrl,1.0,ewma_trunc_gaussian,0.15,-1.7109495990088164,1,1353,0.12873593477957124,0.14214415363200028,0.002,0.0056,0.02,0.0778,0.0728,0.2806,0.1353,0.5546,0.1353,369.9497,1.4922640859449845,440,,0.4454,10000,10000,0.94,5.0,4.0,"the whole 504-day horizon; the 63/126/252 day columns read the SAME threshold, they do not each spend a fresh budget"
jump_ctrl,1.0,ewma_trunc_student_t,0.15,-1.8022369672034166,1,1374,0.13079154559496972,0.14428693002344492,0.0022,0.0091,0.0211,0.0897,0.0734,0.2992,0.1374,0.5787,0.1374,361.5458,1.5193649058760443,413,,0.4213,10000,10000,0.94,5.0,4.0,"the whole 504-day horizon; the 63/126/252 day columns read the SAME threshold, they do not each spend a fresh budget"
sv_ctrl,0.6,binary_gaussian,0.05,-1.4894703169658954,1,419,0.03814572841630529,0.04600609089090859,0.0008,0.0009,0.0036,0.0052,0.0131,0.029,0.0419,0.1299,0.0419,483.3763,0.6657229067185934,,not reached within 504d,0.8701,10000,10000,0.94,5.0,4.0,"the whole 504-day horizon; the 63/126/252 day columns read the SAME threshold, they do not each spend a fresh budget"
sv_ctrl,0.6,binary_student_t,0.05,-1.4721378954534727,1,412,0.03747746616189304,0.045274890743039795,0.0,0.0001,0.0009,0.0033,0.0112,0.0443,0.0412,0.2086,0.0412,470.6853,0.7976466074660132,,not reached within 504d,0.7914,10000,10000,0.94,5.0,4.0,"the whole 504-day horizon; the 63/126/252 day columns read the SAME threshold, they do not each spend a fresh budget"
sv_ctrl,0.6,trailing_sharpe_252,0.05,-1.9559403755381384,252,413,0.03757291371455923,0.04537936639069948,0.0,0.0,0.0,0.0,0.0058,0.0254,0.0413,0.1562,0.0413,479.6747,0.6521291860042179,,not reached within 504d,0.8438,10000,10000,0.94,5.0,4.0,"the whole 504-day horizon; the 63/126/252 day columns read the SAME threshold, they do not each spend a fresh budget"
sv_ctrl,0.6,known_vol_rolling_252,0.05,-2.160857387159008,252,417,0.037954765678807054,0.0457972072277551,0.0,0.0,0.0,0.0,0.007,0.0188,0.0417,0.0947,0.0417,488.9787,0.528493212007982,,not reached within 504d,0.9053,10000,10000,0.94,5.0,4.0,"the whole 504-day horizon; the 63/126/252 day columns read the SAME threshold, they do not each spend a fresh budget"
sv_ctrl,0.6,ewma_gaussian,0.05,-2.004966143825145,1,421,0.03833671543427698,0.04621495027358863,0.0,0.0,0.0013,0.0114,0.0126,0.0796,0.0421,0.2645,0.0421,455.3541,0.9938696036190561,,not reached within 504d,0.7355,10000,10000,0.94,5.0,4.0,"the whole 504-day horizon; the 63/126/252 day columns read the SAME threshold, they do not each spend a fresh budget"
sv_ctrl,0.6,ewma_student_t,0.05,-2.169188442141556,1,437,0.03986546628744224,0.04788497062563722,0.0,0.0001,0.0013,0.0158,0.0142,0.0874,0.0437,0.2802,0.0437,451.3672,1.0352022511500247,,not reached within 504d,0.7198,10000,10000,0.94,5.0,4.0,"the whole 504-day horizon; the 63/126/252 day columns read the SAME threshold, they do not each spend a fresh budget"
sv_ctrl,0.6,ewma_trunc_gaussian,0.05,-2.014532723392362,1,417,0.037954765678807054,0.0457972072277551,0.0,0.0,0.0013,0.0111,0.0126,0.0794,0.0417,0.2643,0.0417,455.3982,0.9933120912216143,,not reached within 504d,0.7357,10000,10000,0.94,5.0,4.0,"the whole 504-day horizon; the 63/126/252 day columns read the SAME threshold, they do not each spend a fresh budget"
sv_ctrl,0.6,ewma_trunc_student_t,0.05,-2.1809603821041934,1,434,0.03957871168152834,0.047571955630573516,0.0,0.0001,0.0013,0.0156,0.0142,0.087,0.0434,0.2779,0.0434,451.765,1.0320521065600639,,not reached within 504d,0.7221,10000,10000,0.94,5.0,4.0,"the whole 504-day horizon; the 63/126/252 day columns read the SAME threshold, they do not each spend a fresh budget"
sv_ctrl,0.6,binary_gaussian,0.15,-0.9738379221958022,1,1362,0.12961684541447105,0.1430625518000332,0.0064,0.0084,0.0236,0.0368,0.0643,0.133,0.1362,0.3497,0.1362,430.5003,1.2353571267913062,,not reached within 504d,0.6503,10000,10000,0.94,5.0,4.0,"the whole 504-day horizon; the 63/126/252 day columns read the SAME threshold, they do not each spend a fresh budget"
sv_ctrl,0.6,binary_student_t,0.15,-1.0032990583824983,1,1375,0.13088944509917524,0.1443889537195653,0.0016,0.0039,0.0171,0.0428,0.0621,0.181,0.1375,0.4315,0.1375,409.6135,1.3323304178052908,,not reached within 504d,0.5685,10000,10000,0.94,5.0,4.0,"the whole 504-day horizon; the 63/126/252 day columns read the SAME threshold, they do not each spend a fresh budget"
sv_ctrl,0.6,trailing_sharpe_252,0.15,-1.3842108252880838,252,1318,0.12531112063220426,0.13857165576796196,0.0,0.0,0.0,0.0,0.0233,0.0823,0.1318,0.3711,0.1318,441.1004,0.9562073756453272,,not reached within 504d,0.6289,10000,10000,0.94,5.0,4.0,"the whole 504-day horizon; the 63/126/252 day columns read the SAME threshold, they do not each spend a fresh budget"
sv_ctrl,0.6,known_vol_rolling_252,0.15,-1.3921929059755351,252,1297,0.12325697228995852,0.13642741690336457,0.0,0.0,0.0,0.0,0.0263,0.0688,0.1297,0.3081,0.1297,451.9143,0.9004958994007045,,not reached within 504d,0.6919,10000,10000,0.94,5.0,4.0,"the whole 504-day horizon; the 63/126/252 day columns read the SAME threshold, they do not each spend a fresh budget"
sv_ctrl,0.6,ewma_gaussian,0.15,-1.3481380241149592,1,1297,0.12325697228995852,0.13642741690336457,0.0003,0.0014,0.0127,0.0587,0.0567,0.2159,0.1297,0.4718,0.1297,396.287,1.408848752911702,,not reached within 504d,0.5282,10000,10000,0.94,5.0,4.0,"the whole 504-day horizon; the 63/126/252 day columns read the SAME threshold, they do not each spend a fresh budget"
sv_ctrl,0.6,ewma_student_t,0.15,-1.478838046075813,1,1303,0.12384381425728681,0.13704011413799141,0.0006,0.005,0.0157,0.0712,0.0598,0.2289,0.1303,0.4878,0.1303,390.2495,1.44631487845758,,not reached within 504d,0.5122,10000,10000,0.94,5.0,4.0,"the whole 504-day horizon; the 63/126/252 day columns read the SAME threshold, they do not each spend a fresh budget"
sv_ctrl,0.6,ewma_trunc_gaussian,0.15,-1.355176879235166,1,1294,0.12296356870948937,0.1361210508828561,0.0002,0.0012,0.0129,0.0588,0.0564,0.2145,0.1294,0.4707,0.1294,396.6851,1.4062572203320323,,not reached within 504d,0.5293,10000,10000,0.94,5.0,4.0,"the whole 504-day horizon; the 63/126/252 day columns read the SAME threshold, they do not each spend a fresh budget"
sv_ctrl,0.6,ewma_trunc_student_t,0.15,-1.4814730813546295,1,1300,0.12355038748394492,0.13673377131035575,0.0005,0.005,0.0153,0.0712,0.0595,0.2299,0.13,0.4883,0.13,390.0657,1.4469147018972668,,not reached within 504d,0.5117,10000,10000,0.94,5.0,4.0,"the whole 504-day horizon; the 63/126/252 day columns read the SAME threshold, they do not each spend a fresh budget"
sv_ctrl,1.0,binary_gaussian,0.05,-2.2197151214116464,1,407,0.03700032210807924,0.044752418795224264,0.0013,0.0023,0.0053,0.0107,0.016,0.0605,0.0407,0.259,0.0407,460.8088,0.9207935981212262,,not reached within 504d,0.741,10000,10000,0.94,5.0,4.0,"the whole 504-day horizon; the 63/126/252 day columns read the SAME threshold, they do not each spend a fresh budget"
sv_ctrl,1.0,binary_student_t,0.05,-2.109273878437386,1,404,0.03671411143577194,0.04443885986655398,0.0,0.0006,0.0029,0.0159,0.015,0.1251,0.0404,0.4217,0.0404,425.4991,1.154162176191845,,not reached within 504d,0.5783,10000,10000,0.94,5.0,4.0,"the whole 504-day horizon; the 63/126/252 day columns read the SAME threshold, they do not each spend a fresh budget"
sv_ctrl,1.0,trailing_sharpe_252,0.05,-1.5522666544990145,252,423,0.03852772656784895,0.046423785540668394,0.0,0.0,0.0,0.0,0.0065,0.0598,0.0423,0.2985,0.0423,454.7391,0.8756036268141704,,not reached within 504d,0.7015,10000,10000,0.94,5.0,4.0,"the whole 504-day horizon; the 63/126/252 day columns read the SAME threshold, they do not each spend a fresh budget"
sv_ctrl,1.0,known_vol_rolling_252,0.05,-1.760857387159008,252,417,0.037954765678807054,0.0457972072277551,0.0,0.0,0.0,0.0,0.007,0.0349,0.0417,0.1839,0.0417,474.5759,0.713562766055734,,not reached within 504d,0.8161,10000,10000,0.94,5.0,4.0,"the whole 504-day horizon; the 63/126/252 day columns read the SAME threshold, they do not each spend a fresh budget"
sv_ctrl,1.0,ewma_gaussian,0.05,-2.6929865445394903,1,413,0.03757291371455923,0.04537936639069948,0.0,0.0004,0.0022,0.0471,0.0171,0.2057,0.0413,0.5063,0.0413,395.5885,1.3577755897902362,498,,0.4937,10000,10000,0.94,5.0,4.0,"the whole 504-day horizon; the 63/126/252 day columns read the SAME threshold, they do not each spend a fresh budget"
sv_ctrl,1.0,ewma_student_t,0.05,-2.8835853897077524,1,440,0.040152272336549465,0.04819793417750757,0.0001,0.0018,0.0041,0.0614,0.019,0.2305,0.044,0.5367,0.044,385.0906,1.409166716271508,467,,0.46330000000000005,10000,10000,0.94,5.0,4.0,"the whole 504-day horizon; the 63/126/252 day columns read the SAME threshold, they do not each spend a fresh budget"
sv_ctrl,1.0,ewma_trunc_gaussian,0.05,-2.7102631869828357,1,411,0.03738202482749099,0.04517040887711597,0.0,0.0004,0.0022,0.0462,0.0166,0.2034,0.0411,0.5042,0.0411,396.4229,1.3537875902972976,499,,0.4958,10000,10000,0.94,5.0,4.0,"the whole 504-day horizon; the 63/126/252 day columns read the SAME threshold, they do not each spend a fresh budget"
sv_ctrl,1.0,ewma_trunc_student_t,0.05,-2.886239781927749,1,439,0.04005666463531619,0.04809361867841499,0.0001,0.0018,0.0041,0.0618,0.019,0.2304,0.0439,0.5376,0.0439,384.9088,1.4095684859515194,467,,0.46240000000000003,10000,10000,0.94,5.0,4.0,"the whole 504-day horizon; the 63/126/252 day columns read the SAME threshold, they do not each spend a fresh budget"
sv_ctrl,1.0,binary_gaussian,0.15,-1.3760349436476136,1,1349,0.12834445068929393,0.1417359449209741,0.0113,0.0199,0.0313,0.0817,0.0741,0.2579,0.1349,0.549,0.1349,374.6345,1.487371257723111,447,,0.45099999999999996,10000,10000,0.94,5.0,4.0,"the whole 504-day horizon; the 63/126/252 day columns read the SAME threshold, they do not each spend a fresh budget"
sv_ctrl,1.0,binary_student_t,0.15,-1.3887458614113088,1,1325,0.12599596120861004,0.13928627759383724,0.0058,0.0194,0.0308,0.1214,0.0767,0.3675,0.1325,0.659,0.1325,334.2371,1.5636872258009313,343,,0.34099999999999997,10000,10000,0.94,5.0,4.0,"the whole 504-day horizon; the 63/126/252 day columns read the SAME threshold, they do not each spend a fresh budget"
sv_ctrl,1.0,trailing_sharpe_252,0.15,-0.9624067284553344,252,1327,0.126191641264928,0.13949044393817106,0.0,0.0,0.0,0.0,0.0239,0.1669,0.1327,0.5635,0.1327,402.6079,1.0698728702770508,447,,0.4365,10000,10000,0.94,5.0,4.0,"the whole 504-day horizon; the 63/126/252 day columns read the SAME threshold, they do not each spend a fresh budget"
sv_ctrl,1.0,known_vol_rolling_252,0.15,-0.9921929059755342,252,1297,0.12325697228995852,0.13642741690336457,0.0,0.0,0.0,0.0,0.0263,0.1385,0.1297,0.4883,0.1297,416.8489,1.049803684341299,,not reached within 504d,0.5117,10000,10000,0.94,5.0,4.0,"the whole 504-day horizon; the 63/126/252 day columns read the SAME threshold, they do not each spend a fresh budget"
sv_ctrl,1.0,ewma_gaussian,0.15,-1.7602360737599587,1,1298,0.12335477606592087,0.13652953632772807,0.0018,0.0166,0.0247,0.1596,0.073,0.4141,0.1298,0.7085,0.1298,315.2618,1.5852044326790593,309,,0.2915,10000,10000,0.94,5.0,4.0,"the whole 504-day horizon; the 63/126/252 day columns read the SAME threshold, they do not each spend a fresh budget"
sv_ctrl,1.0,ewma_student_t,0.15,-1.9056170209167318,1,1292,0.12276797279142278,0.13591680040027096,0.0034,0.0322,0.0291,0.1847,0.0762,0.4357,0.1292,0.7239,0.1292,305.7501,1.6111616148524386,292,,0.2761,10000,10000,0.94,5.0,4.0,"the whole 504-day horizon; the 63/126/252 day columns read the SAME threshold, they do not each spend a fresh budget"
sv_ctrl,1.0,ewma_trunc_gaussian,0.15,-1.7651845769642724,1,1295,0.12306136861047148,0.1362231741821999,0.0017,0.0167,0.0245,0.1594,0.0724,0.4138,0.1295,0.7077,0.1295,315.4483,1.586142716650289,309,,0.2923,10000,10000,0.94,5.0,4.0,"the whole 504-day horizon; the 63/126/252 day columns read the SAME threshold, they do not each spend a fresh budget"
sv_ctrl,1.0,ewma_trunc_student_t,0.15,-1.9058067523035147,1,1294,0.12296356870948937,0.1361210508828561,0.0034,0.0322,0.0292,0.185,0.0761,0.4364,0.1294,0.7244,0.1294,305.4435,1.6113901509556459,291,,0.27559999999999996,10000,10000,0.94,5.0,4.0,"the whole 504-day horizon; the 63/126/252 day columns read the SAME threshold, they do not each spend a fresh budget"
sv_jump,0.6,binary_gaussian,0.05,-1.445212380133021,1,378,0.03423609837226937,0.04171886972158407,0.0004,0.0006,0.0027,0.0049,0.0124,0.0349,0.0378,0.1547,0.0378,478.6895,0.7288708762534177,,not reached within 504d,0.8452999999999999,10000,10000,0.94,5.0,4.0,"the whole 504-day horizon; the 63/126/252 day columns read the SAME threshold, they do not each spend a fresh budget"
sv_jump,0.6,binary_student_t,0.05,-1.3945207950072174,1,434,0.03957871168152834,0.047571955630573516,0.0,0.0,0.0013,0.0038,0.0114,0.0496,0.0434,0.2346,0.0434,466.0759,0.8423463472087154,,not reached within 504d,0.7654,10000,10000,0.94,5.0,4.0,"the whole 504-day horizon; the 63/126/252 day columns read the SAME threshold, they do not each spend a fresh budget"
sv_jump,0.6,trailing_sharpe_252,0.05,-1.9168222536984678,252,372,0.03366490829585304,0.0410905205960452,0.0,0.0,0.0,0.0,0.0053,0.0285,0.0372,0.1682,0.0372,477.2649,0.6823433974548335,,not reached within 504d,0.8318,10000,10000,0.94,5.0,4.0,"the whole 504-day horizon; the 63/126/252 day columns read the SAME threshold, they do not each spend a fresh budget"
sv_jump,0.6,known_vol_rolling_252,0.05,-2.067223398681177,252,372,0.03366490829585304,0.0410905205960452,0.0,0.0,0.0,0.0,0.0069,0.0237,0.0372,0.1229,0.0372,484.6068,0.5952457737179769,,not reached within 504d,0.8771,10000,10000,0.94,5.0,4.0,"the whole 504-day horizon; the 63/126/252 day columns read the SAME threshold, they do not each spend a fresh budget"
sv_jump,0.6,ewma_gaussian,0.05,-2.5773571248436844,1,410,0.037286589733032234,0.04506592077124887,0.0002,0.0001,0.002,0.0057,0.0114,0.0504,0.041,0.1975,0.041,470.3729,0.8299228649429871,,not reached within 504d,0.8025,10000,10000,0.94,5.0,4.0,"the whole 504-day horizon; the 63/126/252 day columns read the SAME threshold, they do not each spend a fresh budget"
sv_jump,0.6,ewma_student_t,0.05,-2.1445466525214805,1,401,0.036427958323164145,0.04412524337818417,0.0,0.0003,0.0016,0.0157,0.0121,0.0852,0.0401,0.2852,0.0401,451.1507,1.0278361171214825,,not reached within 504d,0.7148,10000,10000,0.94,5.0,4.0,"the whole 504-day horizon; the 63/126/252 day columns read the SAME threshold, they do not each spend a fresh budget"
sv_jump,0.6,ewma_trunc_gaussian,0.05,-2.758083052251065,1,412,0.03747746616189304,0.045274890743039795,0.0002,0.0001,0.0028,0.008,0.0133,0.0519,0.0412,0.1885,0.0412,470.9293,0.8385191003067003,,not reached within 504d,0.8115,10000,10000,0.94,5.0,4.0,"the whole 504-day horizon; the 63/126/252 day columns read the SAME threshold, they do not each spend a fresh budget"
sv_jump,0.6,ewma_trunc_student_t,0.05,-2.220611134581728,1,419,0.03814572841630529,0.04600609089090859,0.0,0.0003,0.0015,0.0166,0.0121,0.0904,0.0419,0.2981,0.0419,448.8134,1.045287281370083,,not reached within 504d,0.7019,10000,10000,0.94,5.0,4.0,"the whole 504-day horizon; the 63/126/252 day columns read the SAME threshold, they do not each spend a fresh budget"
sv_jump,0.6,binary_gaussian,0.15,-0.9598978616537495,1,1318,0.12531112063220426,0.13857165576796196,0.0046,0.0081,0.0197,0.0373,0.0605,0.1375,0.1318,0.3585,0.1318,428.407,1.2439535269204045,,not reached within 504d,0.6415,10000,10000,0.94,5.0,4.0,"the whole 504-day horizon; the 63/126/252 day columns read the SAME threshold, they do not each spend a fresh budget"
sv_jump,0.6,binary_student_t,0.15,-0.94931043213624,1,1349,0.12834445068929393,0.1417359449209741,0.0018,0.0059,0.0197,0.0437,0.0667,0.1989,0.1349,0.4561,0.1349,402.6758,1.3644097664694004,,not reached within 504d,0.5439,10000,10000,0.94,5.0,4.0,"the whole 504-day horizon; the 63/126/252 day columns read the SAME threshold, they do not each spend a fresh budget"
sv_jump,0.6,trailing_sharpe_252,0.15,-1.3411290870871382,252,1369,0.1303020660870816,0.14377679352970368,0.0,0.0,0.0,0.0,0.0223,0.0907,0.1369,0.3865,0.1369,438.5347,0.9686010522350464,,not reached within 504d,0.6134999999999999,10000,10000,0.94,5.0,4.0,"the whole 504-day horizon; the 63/126/252 day columns read the SAME threshold, they do not each spend a fresh budget"
sv_jump,0.6,known_vol_rolling_252,0.15,-1.3541268092071443,252,1352,0.1286380619197146,0.142042103291531,0.0,0.0,0.0,0.0,0.0264,0.0796,0.1352,0.3274,0.1352,448.8937,0.9186706785418599,,not reached within 504d,0.6726,10000,10000,0.94,5.0,4.0,"the whole 504-day horizon; the 63/126/252 day columns read the SAME threshold, they do not each spend a fresh budget"
sv_jump,0.6,ewma_gaussian,0.15,-1.6279799105927053,1,1390,0.1323580808483827,0.14591916597524585,0.0013,0.0027,0.0131,0.0457,0.0598,0.1832,0.139,0.4183,0.139,410.5571,1.3436453669946637,,not reached within 504d,0.5817,10000,10000,0.94,5.0,4.0,"the whole 504-day horizon; the 63/126/252 day columns read the SAME threshold, they do not each spend a fresh budget"
sv_jump,0.6,ewma_student_t,0.15,-1.3839947296389092,1,1411,0.1344146169279822,0.14806101710248945,0.0009,0.0073,0.0205,0.082,0.0679,0.2532,0.1411,0.5154,0.1411,380.2801,1.48458652968273,487,,0.48460000000000003,10000,10000,0.94,5.0,4.0,"the whole 504-day horizon; the 63/126/252 day columns read the SAME threshold, they do not each spend a fresh budget"
sv_jump,0.6,ewma_trunc_gaussian,0.15,-1.724813818829229,1,1352,0.1286380619197146,0.142042103291531,0.0015,0.0033,0.0152,0.0448,0.0593,0.1771,0.1352,0.4153,0.1352,412.1635,1.3332417223159545,,not reached within 504d,0.5847,10000,10000,0.94,5.0,4.0,"the whole 504-day horizon; the 63/126/252 day columns read the SAME threshold, they do not each spend a fresh budget"
sv_jump,0.6,ewma_trunc_student_t,0.15,-1.4395109259367853,1,1420,0.1352961466999413,0.14897879613346313,0.0007,0.0064,0.02,0.0841,0.0701,0.2584,0.142,0.5232,0.142,378.1779,1.4886522205345245,475,,0.4768,10000,10000,0.94,5.0,4.0,"the whole 504-day horizon; the 63/126/252 day columns read the SAME threshold, they do not each spend a fresh budget"
sv_jump,1.0,binary_gaussian,0.05,-2.1421314377196787,1,382,0.03461703284432172,0.04213762805083516,0.001,0.0013,0.0053,0.0122,0.0161,0.0724,0.0382,0.2914,0.0382,453.8773,0.9813247802350813,,not reached within 504d,0.7086,10000,10000,0.94,5.0,4.0,"the whole 504-day horizon; the 63/126/252 day columns read the SAME threshold, they do not each spend a fresh budget"
sv_jump,1.0,binary_student_t,0.05,-1.9756849056159689,1,411,0.03738202482749099,0.04517040887711597,0.0002,0.0007,0.0035,0.0183,0.0179,0.1509,0.0411,0.4627,0.0411,414.414,1.2131449593800598,,not reached within 504d,0.5373,10000,10000,0.94,5.0,4.0,"the whole 504-day horizon; the 63/126/252 day columns read the SAME threshold, they do not each spend a fresh budget"
sv_jump,1.0,trailing_sharpe_252,0.05,-1.5047912872125153,252,365,0.03299884792033432,0.04035711856928287,0.0,0.0,0.0,0.0,0.0057,0.0678,0.0365,0.3174,0.0365,451.6082,0.8964574239010388,,not reached within 504d,0.6826,10000,10000,0.94,5.0,4.0,"the whole 504-day horizon; the 63/126/252 day columns read the SAME threshold, they do not each spend a fresh budget"
sv_jump,1.0,known_vol_rolling_252,0.05,-1.6672233986811749,252,372,0.03366490829585304,0.0410905205960452,0.0,0.0,0.0,0.0,0.0069,0.0471,0.0372,0.2198,0.0372,468.1154,0.7774977932868085,,not reached within 504d,0.7802,10000,10000,0.94,5.0,4.0,"the whole 504-day horizon; the 63/126/252 day columns read the SAME threshold, they do not each spend a fresh budget"
sv_jump,1.0,ewma_gaussian,0.05,-3.5897848325616244,1,404,0.03671411143577194,0.04443885986655398,0.0003,0.0006,0.0028,0.0221,0.0146,0.1273,0.0404,0.3832,0.0404,429.413,1.1788455160770972,,not reached within 504d,0.6168,10000,10000,0.94,5.0,4.0,"the whole 504-day horizon; the 63/126/252 day columns read the SAME threshold, they do not each spend a fresh budget"
sv_jump,1.0,ewma_student_t,0.05,-2.822312914302121,1,405,0.036809508627892576,0.0445433858747592,0.0,0.0034,0.003,0.0648,0.0167,0.2404,0.0405,0.5554,0.0405,379.8572,1.4204393635824661,450,,0.4446,10000,10000,0.94,5.0,4.0,"the whole 504-day horizon; the 63/126/252 day columns read the SAME threshold, they do not each spend a fresh budget"
sv_jump,1.0,ewma_trunc_gaussian,0.05,-3.7953274787581472,1,410,0.037286589733032234,0.04506592077124887,0.0004,0.0007,0.0042,0.0228,0.0164,0.1268,0.041,0.3848,0.041,429.4245,1.1818354130205047,,not reached within 504d,0.6152,10000,10000,0.94,5.0,4.0,"the whole 504-day horizon; the 63/126/252 day columns read the SAME threshold, they do not each spend a fresh budget"
sv_jump,1.0,ewma_trunc_student_t,0.05,-2.9134963084062804,1,412,0.03747746616189304,0.045274890743039795,0.0,0.0029,0.0031,0.066,0.0172,0.2513,0.0412,0.5716,0.0412,375.8377,1.4302114830889994,437,,0.4284,10000,10000,0.94,5.0,4.0,"the whole 504-day horizon; the 63/126/252 day columns read the SAME threshold, they do not each spend a fresh budget"
sv_jump,1.0,binary_gaussian,0.15,-1.3575945015942277,1,1303,0.12384381425728681,0.13704011413799141,0.011,0.0202,0.0296,0.0803,0.0752,0.2619,0.1303,0.5534,0.1303,373.5493,1.4884457746365514,445,,0.4466,10000,10000,0.94,5.0,4.0,"the whole 504-day horizon; the 63/126/252 day columns read the SAME threshold, they do not each spend a fresh budget"
sv_jump,1.0,binary_student_t,0.15,-1.290005347410857,1,1350,0.12844231987342905,0.1418379989371649,0.0077,0.0259,0.0352,0.139,0.0847,0.4004,0.135,0.6947,0.135,320.9446,1.574954044125768,315,,0.3053,10000,10000,0.94,5.0,4.0,"the whole 504-day horizon; the 63/126/252 day columns read the SAME threshold, they do not each spend a fresh budget"
sv_jump,1.0,trailing_sharpe_252,0.15,-0.9259663798954267,252,1365,0.12991050416292352,0.1433686626525584,0.0,0.0,0.0,0.0,0.023,0.1807,0.1365,0.5732,0.1365,399.058,1.08337370904935,438,,0.42679999999999996,10000,10000,0.94,5.0,4.0,"the whole 504-day horizon; the 63/126/252 day columns read the SAME threshold, they do not each spend a fresh budget"
sv_jump,1.0,known_vol_rolling_252,0.15,-0.9541268092071433,252,1352,0.1286380619197146,0.142042103291531,0.0,0.0,0.0,0.0,0.0264,0.1512,0.1352,0.5041,0.1352,412.9383,1.0623886277020416,500,,0.4959,10000,10000,0.94,5.0,4.0,"the whole 504-day horizon; the 63/126/252 day columns read the SAME threshold, they do not each spend a fresh budget"
sv_jump,1.0,ewma_gaussian,0.15,-2.1801370170626866,1,1360,0.12942107897738253,0.14285847183647005,0.0024,0.01,0.0225,0.1166,0.0717,0.3426,0.136,0.6347,0.136,343.1487,1.5549850985448928,363,,0.36529999999999996,10000,10000,0.94,5.0,4.0,"the whole 504-day horizon; the 63/126/252 day columns read the SAME threshold, they do not each spend a fresh budget"
sv_jump,1.0,ewma_student_t,0.15,-1.7732790914899974,1,1394,0.1327497621163812,0.14632717750855076,0.0047,0.045,0.0351,0.207,0.0855,0.4772,0.1394,0.7526,0.1394,291.2936,1.6127018759330765,265,,0.24739999999999995,10000,10000,0.94,5.0,4.0,"the whole 504-day horizon; the 63/126/252 day columns read the SAME threshold, they do not each spend a fresh budget"
sv_jump,1.0,ewma_trunc_gaussian,0.15,-2.2886506838644105,1,1345,0.12795298623966514,0.14132771656929946,0.0034,0.011,0.0242,0.1179,0.0711,0.3374,0.1345,0.6371,0.1345,343.8053,1.5518660083917684,365,,0.3629,10000,10000,0.94,5.0,4.0,"the whole 504-day horizon; the 63/126/252 day columns read the SAME threshold, they do not each spend a fresh budget"
sv_jump,1.0,ewma_trunc_student_t,0.15,-1.834682296701343,1,1384,0.13177059442962216,0.1453071131920511,0.0034,0.0412,0.0356,0.2114,0.0862,0.4874,0.1384,0.7617,0.1384,287.6533,1.6036439746124236,260,,0.23829999999999996,10000,10000,0.94,5.0,4.0,"the whole 504-day horizon; the 63/126/252 day columns read the SAME threshold, they do not each spend a fresh budget"
sv_jump_big,0.6,binary_gaussian,0.05,-1.4047454051389408,1,443,0.040439129328723934,0.0485108467863107,0.0005,0.0009,0.003,0.0054,0.0121,0.0369,0.0443,0.1651,0.0443,477.1427,0.7438306407195171,,not reached within 504d,0.8349,10000,10000,0.94,5.0,4.0,"the whole 504-day horizon; the 63/126/252 day columns read the SAME threshold, they do not each spend a fresh budget"
sv_jump_big,0.6,binary_student_t,0.05,-1.2851691823807088,1,431,0.039292009027508144,0.047258888683616114,0.0001,0.0002,0.002,0.0058,0.0123,0.0654,0.0431,0.2721,0.0431,458.231,0.9258935099562897,,not reached within 504d,0.7279,10000,10000,0.94,5.0,4.0,"the whole 504-day horizon; the 63/126/252 day columns read the SAME threshold, they do not each spend a fresh budget"
sv_jump_big,0.6,trailing_sharpe_252,0.05,-1.8497202640615298,252,416,0.03785929346729353,0.04569275623894275,0.0,0.0,0.0,0.0,0.0045,0.0307,0.0416,0.184,0.0416,474.9148,0.7041301257717937,,not reached within 504d,0.8160000000000001,10000,10000,0.94,5.0,4.0,"the whole 504-day horizon; the 63/126/252 day columns read the SAME threshold, they do not each spend a fresh budget"
sv_jump_big,0.6,known_vol_rolling_252,0.05,-2.0104637425286938,252,472,0.04321461148733595,0.051533137437148754,0.0,0.0,0.0,0.0,0.0064,0.0232,0.0472,0.1268,0.0472,483.6782,0.6077429881372248,,not reached within 504d,0.8732,10000,10000,0.94,5.0,4.0,"the whole 504-day horizon; the 63/126/252 day columns read the SAME threshold, they do not each spend a fresh budget"
sv_jump_big,0.6,ewma_gaussian,0.05,-3.499878142354081,1,432,0.03938757077465523,0.0473632501367949,0.001,0.0006,0.0045,0.0064,0.0165,0.0378,0.0432,0.1567,0.0432,478.09,0.747332215647134,,not reached within 504d,0.8432999999999999,10000,10000,0.94,5.0,4.0,"the whole 504-day horizon; the 63/126/252 day columns read the SAME threshold, they do not each spend a fresh budget"
sv_jump_big,0.6,ewma_student_t,0.05,-2.1505459137189047,1,448,0.040917336190577636,0.04903225592608633,0.0,0.0003,0.0023,0.0218,0.0148,0.1153,0.0448,0.3441,0.0448,436.7419,1.1448954830051958,,not reached within 504d,0.6558999999999999,10000,10000,0.94,5.0,4.0,"the whole 504-day horizon; the 63/126/252 day columns read the SAME threshold, they do not each spend a fresh budget"
sv_jump_big,0.6,ewma_trunc_gaussian,0.05,-4.011356309480133,1,414,0.03766836746394034,0.04548383584164423,0.001,0.0002,0.0043,0.0067,0.015,0.0368,0.0414,0.1409,0.0414,479.8054,0.7379025566443785,,not reached within 504d,0.8591,10000,10000,0.94,5.0,4.0,"the whole 504-day horizon; the 63/126/252 day columns read the SAME threshold, they do not each spend a fresh budget"
sv_jump_big,0.6,ewma_trunc_student_t,0.05,-2.3188709945691692,1,431,0.039292009027508144,0.047258888683616114,0.0,0.0,0.0017,0.0201,0.0141,0.1196,0.0431,0.3611,0.0431,433.9249,1.1528472022198633,,not reached within 504d,0.6389,10000,10000,0.94,5.0,4.0,"the whole 504-day horizon; the 63/126/252 day columns read the SAME threshold, they do not each spend a fresh budget"
sv_jump_big,0.6,binary_gaussian,0.15,-0.9460566163992822,1,1392,0.13255391912253311,0.14612317410174708,0.0059,0.0065,0.0235,0.0393,0.0628,0.1492,0.1392,0.3686,0.1392,424.6848,1.273537417845061,,not reached within 504d,0.6314,10000,10000,0.94,5.0,4.0,"the whole 504-day horizon; the 63/126/252 day columns read the SAME threshold, they do not each spend a fresh budget"
sv_jump_big,0.6,binary_student_t,0.15,-0.8545008547609074,1,1401,0.13343524963995043,0.1470411523872626,0.0038,0.0092,0.0236,0.0698,0.0729,0.2442,0.1401,0.5101,0.1401,383.7942,1.4568089283984316,490,,0.4899,10000,10000,0.94,5.0,4.0,"the whole 504-day horizon; the 63/126/252 day columns read the SAME threshold, they do not each spend a fresh budget"
sv_jump_big,0.6,trailing_sharpe_252,0.15,-1.326830941189924,252,1380,0.13137896057289958,0.14489905424747027,0.0,0.0,0.0,0.0,0.023,0.0965,0.138,0.3966,0.138,436.0839,0.9788395572139883,,not reached within 504d,0.6033999999999999,10000,10000,0.94,5.0,4.0,"the whole 504-day horizon; the 63/126/252 day columns read the SAME threshold, they do not each spend a fresh budget"
sv_jump_big,0.6,known_vol_rolling_252,0.15,-1.3461852359253101,252,1444,0.13764734650580046,0.15142575313542472,0.0,0.0,0.0,0.0,0.0277,0.0852,0.1444,0.3287,0.1444,447.6032,0.9306010298746075,,not reached within 504d,0.6713,10000,10000,0.94,5.0,4.0,"the whole 504-day horizon; the 63/126/252 day columns read the SAME threshold, they do not each spend a fresh budget"
sv_jump_big,0.6,ewma_gaussian,0.15,-2.092103529889975,1,1370,0.13039995958322761,0.1438788232338836,0.0031,0.0043,0.0188,0.0418,0.0608,0.1581,0.137,0.3904,0.137,420.1798,1.2890315152938434,,not reached within 504d,0.6095999999999999,10000,10000,0.94,5.0,4.0,"the whole 504-day horizon; the 63/126/252 day columns read the SAME threshold, they do not each spend a fresh budget"
sv_jump_big,0.6,ewma_student_t,0.15,-1.4422864110142148,1,1346,0.12805085050672693,0.14142977550256353,0.0014,0.0079,0.021,0.0925,0.0652,0.2808,0.1346,0.5584,0.1346,368.1086,1.5132053990327838,435,,0.4416,10000,10000,0.94,5.0,4.0,"the whole 504-day horizon; the 63/126/252 day columns read the SAME threshold, they do not each spend a fresh budget"
sv_jump_big,0.6,ewma_trunc_gaussian,0.15,-2.2731706588139846,1,1369,0.1303020660870816,0.14377679352970368,0.0035,0.0049,0.0223,0.0446,0.063,0.16,0.1369,0.3878,0.1369,419.7905,1.2980407743827604,,not reached within 504d,0.6122000000000001,10000,10000,0.94,5.0,4.0,"the whole 504-day horizon; the 63/126/252 day columns read the SAME threshold, they do not each spend a fresh budget"
sv_jump_big,0.6,ewma_trunc_student_t,0.15,-1.5476693665880932,1,1343,0.12775726140318067,0.14112359500513222,0.0007,0.0043,0.0194,0.092,0.0643,0.2898,0.1343,0.5714,0.1343,364.8456,1.5101457910066198,424,,0.4286,10000,10000,0.94,5.0,4.0,"the whole 504-day horizon; the 63/126/252 day columns read the SAME threshold, they do not each spend a fresh budget"
sv_jump_big,1.0,binary_gaussian,0.05,-2.0582554846916583,1,457,0.04177845464123728,0.04997044627835946,0.0012,0.0016,0.0052,0.0134,0.0174,0.0881,0.0457,0.3147,0.0457,448.0109,1.0339575643823564,,not reached within 504d,0.6853,10000,10000,0.94,5.0,4.0,"the whole 504-day horizon; the 63/126/252 day columns read the SAME threshold, they do not each spend a fresh budget"
sv_jump_big,1.0,binary_student_t,0.05,-1.7683304319091202,1,442,0.0403435047015169,0.048406548213191875,0.0007,0.0027,0.0053,0.0343,0.0196,0.2069,0.0442,0.5449,0.0442,390.785,1.3198486267522325,461,,0.45509999999999995,10000,10000,0.94,5.0,4.0,"the whole 504-day horizon; the 63/126/252 day columns read the SAME threshold, they do not each spend a fresh budget"
sv_jump_big,1.0,trailing_sharpe_252,0.05,-1.4368145594115023,252,412,0.03747746616189304,0.045274890743039795,0.0,0.0,0.0,0.0,0.0049,0.0775,0.0412,0.3459,0.0412,445.8262,0.9308359710048228,,not reached within 504d,0.6541,10000,10000,0.94,5.0,4.0,"the whole 504-day horizon; the 63/126/252 day columns read the SAME threshold, they do not each spend a fresh budget"
sv_jump_big,1.0,known_vol_rolling_252,0.05,-1.6104637425286936,252,472,0.04321461148733595,0.051533137437148754,0.0,0.0,0.0,0.0,0.0064,0.0536,0.0472,0.2329,0.0472,465.1816,0.8063864136062839,,not reached within 504d,0.7671,10000,10000,0.94,5.0,4.0,"the whole 504-day horizon; the 63/126/252 day columns read the SAME threshold, they do not each spend a fresh budget"
sv_jump_big,1.0,ewma_gaussian,0.05,-4.997621485043305,1,424,0.03862324112699029,0.046528194181852923,0.0013,0.0019,0.0055,0.0144,0.018,0.0869,0.0424,0.3044,0.0424,448.8697,1.042499022835159,,not reached within 504d,0.6956,10000,10000,0.94,5.0,4.0,"the whole 504-day horizon; the 63/126/252 day columns read the SAME threshold, they do not each spend a fresh budget"
sv_jump_big,1.0,ewma_student_t,0.05,-2.7743182928724153,1,436,0.03976987567795129,0.0477806380348023,0.0003,0.0043,0.0051,0.0881,0.0207,0.3043,0.0436,0.6349,0.0436,354.9152,1.482717689268799,385,,0.3651,10000,10000,0.94,5.0,4.0,"the whole 504-day horizon; the 63/126/252 day columns read the SAME threshold, they do not each spend a fresh budget"
sv_jump_big,1.0,ewma_trunc_gaussian,0.05,-5.672227863426495,1,417,0.037954765678807054,0.0457972072277551,0.0013,0.0011,0.0059,0.0165,0.0182,0.0818,0.0417,0.2898,0.0417,451.7436,1.0257157867516318,,not reached within 504d,0.7101999999999999,10000,10000,0.94,5.0,4.0,"the whole 504-day horizon; the 63/126/252 day columns read the SAME threshold, they do not each spend a fresh budget"
sv_jump_big,1.0,ewma_trunc_student_t,0.05,-2.9442210761116616,1,450,0.04110865767535974,0.04924078084195594,0.0,0.0029,0.0041,0.0915,0.0211,0.3261,0.045,0.6628,0.045,345.9322,1.480978220624799,360,,0.33720000000000006,10000,10000,0.94,5.0,4.0,"the whole 504-day horizon; the 63/126/252 day columns read the SAME threshold, they do not each spend a fresh budget"
sv_jump_big,1.0,binary_gaussian,0.15,-1.3354301886257514,1,1409,0.1342187341570657,0.14785705347275424,0.0116,0.0216,0.0355,0.0915,0.0797,0.2818,0.1409,0.5637,0.1409,366.8313,1.519381142418384,432,,0.4363,10000,10000,0.94,5.0,4.0,"the whole 504-day horizon; the 63/126/252 day columns read the SAME threshold, they do not each spend a fresh budget"
sv_jump_big,1.0,binary_student_t,0.15,-1.130234013978223,1,1391,0.13245599939496294,0.1460211706289914,0.0136,0.045,0.0437,0.1974,0.0926,0.4796,0.1391,0.7554,0.1391,290.4309,1.6024753587018195,262,,0.24460000000000004,10000,10000,0.94,5.0,4.0,"the whole 504-day horizon; the 63/126/252 day columns read the SAME threshold, they do not each spend a fresh budget"
sv_jump_big,1.0,trailing_sharpe_252,0.15,-0.9141873639093888,252,1385,0.13186850586777127,0.14540912495422792,0.0,0.0,0.0,0.0,0.0243,0.1879,0.1385,0.5859,0.1385,396.8503,1.0841030840933412,428,,0.4141,10000,10000,0.94,5.0,4.0,"the whole 504-day horizon; the 63/126/252 day columns read the SAME threshold, they do not each spend a fresh budget"
sv_jump_big,1.0,known_vol_rolling_252,0.15,-0.9461852359253093,252,1444,0.13764734650580046,0.15142575313542472,0.0,0.0,0.0,0.0,0.0277,0.1601,0.1444,0.515,0.1444,410.9197,1.069628335296222,492,,0.485,10000,10000,0.94,5.0,4.0,"the whole 504-day horizon; the 63/126/252 day columns read the SAME threshold, they do not each spend a fresh budget"
sv_jump_big,1.0,ewma_gaussian,0.15,-2.8082763108639006,1,1396,0.13294560982142192,0.14653117620416176,0.0055,0.0096,0.0267,0.0951,0.0722,0.3092,0.1396,0.5961,0.1396,357.5928,1.5237852771874052,402,,0.40390000000000004,10000,10000,0.94,5.0,4.0,"the whole 504-day horizon; the 63/126/252 day columns read the SAME threshold, they do not each spend a fresh budget"
sv_jump_big,1.0,ewma_student_t,0.15,-1.7746873004070838,1,1359,0.12932319758077757,0.1427564300327491,0.0072,0.0588,0.0377,0.2432,0.0844,0.533,0.1359,0.7962,0.1359,270.486,1.5951580527713647,235,,0.20379999999999998,10000,10000,0.94,5.0,4.0,"the whole 504-day horizon; the 63/126/252 day columns read the SAME threshold, they do not each spend a fresh budget"
sv_jump_big,1.0,ewma_trunc_gaussian,0.15,-3.046782162566705,1,1398,0.13314146222918066,0.1467351701970548,0.0064,0.0104,0.0297,0.0949,0.0752,0.3084,0.1398,0.6015,0.1398,357.4217,1.5204118560877555,402,,0.39849999999999997,10000,10000,0.94,5.0,4.0,"the whole 504-day horizon; the 63/126/252 day columns read the SAME threshold, they do not each spend a fresh budget"
sv_jump_big,1.0,ewma_trunc_student_t,0.15,-1.8802543037263497,1,1345,0.12795298623966514,0.14132771656929946,0.0049,0.0492,0.0362,0.258,0.0849,0.5596,0.1345,0.8115,0.1345,262.3442,1.5734439949475558,223,,0.1885,10000,10000,0.94,5.0,4.0,"the whole 504-day horizon; the 63/126/252 day columns read the SAME threshold, they do not each spend a fresh budget"
