scenario,sharpe_valid,method,far_target,threshold_calibrated_over,threshold,far_at_own_H,detect_at_own_H,n_test_valid,note,far_extended_to_d63,detect_extended_to_d63,far_extended_to_d126,detect_extended_to_d126,far_extended_to_d252,detect_extended_to_d252,far_extended_to_d504,detect_extended_to_d504
gaussian_ctrl,1.0,binary_gaussian,0.05,63,-0.8693616317341702,0.043,0.1121,10000,no two-year guarantee is inherited by extending a short-horizon threshold,0.043,0.1121,0.1208,0.3031,0.2125,0.5408,0.2961,0.7495
gaussian_ctrl,1.0,binary_gaussian,0.05,126,-1.201332115706354,0.041,0.1475,10000,no two-year guarantee is inherited by extending a short-horizon threshold,0.0053,0.0272,0.041,0.1475,0.1062,0.3761,0.1809,0.6317
gaussian_ctrl,1.0,binary_gaussian,0.05,252,-1.5892620264256552,0.0428,0.2185,10000,no two-year guarantee is inherited by extending a short-horizon threshold,0.0002,0.0037,0.0081,0.0475,0.0428,0.2185,0.0962,0.489
gaussian_ctrl,1.0,binary_gaussian,0.15,63,-0.616569982995335,0.1361,0.259,10000,no two-year guarantee is inherited by extending a short-horizon threshold,0.1361,0.259,0.2461,0.4818,0.3499,0.6803,0.4293,0.8386
gaussian_ctrl,1.0,binary_gaussian,0.15,126,-0.8257941092327701,0.1377,0.3326,10000,no two-year guarantee is inherited by extending a short-horizon threshold,0.0538,0.132,0.1377,0.3326,0.2318,0.5671,0.3156,0.7674
gaussian_ctrl,1.0,binary_gaussian,0.15,252,-1.0780911803428,0.1399,0.4334,10000,no two-year guarantee is inherited by extending a short-horizon threshold,0.0117,0.0471,0.0623,0.1939,0.1399,0.4334,0.2201,0.6753
gaussian_ctrl,1.0,binary_student_t,0.05,63,-1.070352110712225,0.0378,0.1013,10000,no two-year guarantee is inherited by extending a short-horizon threshold,0.0378,0.1013,0.1163,0.2898,0.2141,0.5246,0.301,0.7333
gaussian_ctrl,1.0,binary_student_t,0.05,126,-1.4543440472509204,0.0422,0.1414,10000,no two-year guarantee is inherited by extending a short-horizon threshold,0.006,0.025,0.0422,0.1414,0.1092,0.3625,0.1873,0.6195
gaussian_ctrl,1.0,binary_student_t,0.05,252,-1.948742863411744,0.0421,0.2026,10000,no two-year guarantee is inherited by extending a short-horizon threshold,0.0004,0.0022,0.0082,0.0406,0.0421,0.2026,0.1001,0.4706
gaussian_ctrl,1.0,binary_student_t,0.15,63,-0.7502432374418966,0.1361,0.2588,10000,no two-year guarantee is inherited by extending a short-horizon threshold,0.1361,0.2588,0.2511,0.472,0.3586,0.6751,0.4407,0.8247
gaussian_ctrl,1.0,binary_student_t,0.15,126,-1.0110335980074472,0.1364,0.3204,10000,no two-year guarantee is inherited by extending a short-horizon threshold,0.0498,0.1227,0.1364,0.3204,0.2364,0.5503,0.3233,0.7524
gaussian_ctrl,1.0,binary_student_t,0.15,252,-1.328297545898932,0.1376,0.413,10000,no two-year guarantee is inherited by extending a short-horizon threshold,0.0117,0.04,0.0581,0.1838,0.1376,0.413,0.2187,0.6557
gaussian_ctrl,1.0,ewma_student_t,0.05,63,-1.1220835281214385,0.038,0.0978,10000,no two-year guarantee is inherited by extending a short-horizon threshold,0.038,0.0978,0.1167,0.2843,0.215,0.5178,0.3021,0.7288
gaussian_ctrl,1.0,ewma_student_t,0.05,126,-1.5160449854908506,0.0433,0.1374,10000,no two-year guarantee is inherited by extending a short-horizon threshold,0.0067,0.0229,0.0433,0.1374,0.1105,0.3599,0.1904,0.615
gaussian_ctrl,1.0,ewma_student_t,0.05,252,-2.0570208857707684,0.0407,0.1942,10000,no two-year guarantee is inherited by extending a short-horizon threshold,0.0004,0.0018,0.0088,0.0386,0.0407,0.1942,0.098,0.4595
gaussian_ctrl,1.0,ewma_student_t,0.15,63,-0.7814536796746765,0.1363,0.2551,10000,no two-year guarantee is inherited by extending a short-horizon threshold,0.1363,0.2551,0.2496,0.4699,0.3605,0.6721,0.4444,0.8238
gaussian_ctrl,1.0,ewma_student_t,0.15,126,-1.0634844934346281,0.1347,0.3125,10000,no two-year guarantee is inherited by extending a short-horizon threshold,0.0491,0.117,0.1347,0.3125,0.2347,0.5432,0.3221,0.7458
gaussian_ctrl,1.0,ewma_student_t,0.15,252,-1.4050099716656166,0.1332,0.4055,10000,no two-year guarantee is inherited by extending a short-horizon threshold,0.0112,0.0368,0.0583,0.1747,0.1332,0.4055,0.2172,0.6482
gaussian_ctrl,1.0,ewma_trunc_student_t,0.05,63,-1.1220835281214385,0.038,0.098,10000,no two-year guarantee is inherited by extending a short-horizon threshold,0.038,0.098,0.1167,0.2845,0.2149,0.5178,0.3021,0.7286
gaussian_ctrl,1.0,ewma_trunc_student_t,0.05,126,-1.5160449854908506,0.0433,0.1375,10000,no two-year guarantee is inherited by extending a short-horizon threshold,0.0067,0.0229,0.0433,0.1375,0.1105,0.3602,0.1906,0.6151
gaussian_ctrl,1.0,ewma_trunc_student_t,0.05,252,-2.0570208857707684,0.0407,0.1942,10000,no two-year guarantee is inherited by extending a short-horizon threshold,0.0004,0.0018,0.0088,0.0386,0.0407,0.1942,0.098,0.4597
gaussian_ctrl,1.0,ewma_trunc_student_t,0.15,63,-0.7815868440207394,0.1362,0.2551,10000,no two-year guarantee is inherited by extending a short-horizon threshold,0.1362,0.2551,0.2495,0.4699,0.3602,0.6722,0.4442,0.8242
gaussian_ctrl,1.0,ewma_trunc_student_t,0.15,126,-1.0649928656056358,0.1343,0.312,10000,no two-year guarantee is inherited by extending a short-horizon threshold,0.049,0.117,0.1343,0.312,0.234,0.5429,0.3213,0.7459
gaussian_ctrl,1.0,ewma_trunc_student_t,0.15,252,-1.4047710744870376,0.1335,0.4055,10000,no two-year guarantee is inherited by extending a short-horizon threshold,0.0112,0.0368,0.0584,0.1748,0.1335,0.4055,0.2175,0.6483
gaussian_ctrl,0.6,binary_gaussian,0.05,63,-0.5458400712355528,0.0432,0.0777,10000,no two-year guarantee is inherited by extending a short-horizon threshold,0.0432,0.0777,0.133,0.2387,0.2441,0.4486,0.3598,0.6481
gaussian_ctrl,0.6,binary_gaussian,0.05,126,-0.7683038063932702,0.0406,0.0974,10000,no two-year guarantee is inherited by extending a short-horizon threshold,0.0044,0.015,0.0406,0.0974,0.1219,0.2767,0.2253,0.4995
gaussian_ctrl,0.6,binary_gaussian,0.05,252,-1.0496438385586173,0.0425,0.1286,10000,no two-year guarantee is inherited by extending a short-horizon threshold,0.0001,0.0009,0.0061,0.0185,0.0425,0.1286,0.1149,0.3395
gaussian_ctrl,0.6,binary_gaussian,0.15,63,-0.39259028813202884,0.1354,0.2043,10000,no two-year guarantee is inherited by extending a short-horizon threshold,0.1354,0.2043,0.2608,0.401,0.3885,0.5945,0.4919,0.7533
gaussian_ctrl,0.6,binary_gaussian,0.15,126,-0.5362090859506637,0.1388,0.2483,10000,no two-year guarantee is inherited by extending a short-horizon threshold,0.0468,0.0857,0.1388,0.2483,0.2517,0.4566,0.3659,0.654
gaussian_ctrl,0.6,binary_gaussian,0.15,252,-0.7281279189967593,0.1395,0.303,10000,no two-year guarantee is inherited by extending a short-horizon threshold,0.0068,0.0207,0.0513,0.1161,0.1395,0.303,0.2458,0.5262
gaussian_ctrl,0.6,binary_student_t,0.05,63,-0.6699123731234733,0.0374,0.0748,10000,no two-year guarantee is inherited by extending a short-horizon threshold,0.0374,0.0748,0.1282,0.2307,0.2455,0.4333,0.3632,0.6354
gaussian_ctrl,0.6,binary_student_t,0.05,126,-0.9270991262144765,0.0422,0.0929,10000,no two-year guarantee is inherited by extending a short-horizon threshold,0.0051,0.0138,0.0422,0.0929,0.1252,0.2685,0.2313,0.4965
gaussian_ctrl,0.6,binary_student_t,0.05,252,-1.2783596092879694,0.0417,0.123,10000,no two-year guarantee is inherited by extending a short-horizon threshold,0.0002,0.0006,0.0061,0.018,0.0417,0.123,0.1164,0.3253
gaussian_ctrl,0.6,binary_student_t,0.15,63,-0.47679333257248135,0.1336,0.2041,10000,no two-year guarantee is inherited by extending a short-horizon threshold,0.1336,0.2041,0.2634,0.3976,0.3947,0.5893,0.4993,0.7453
gaussian_ctrl,0.6,binary_student_t,0.15,126,-0.6554189473236076,0.1355,0.2412,10000,no two-year guarantee is inherited by extending a short-horizon threshold,0.0423,0.0814,0.1355,0.2412,0.2559,0.4432,0.3733,0.6444
gaussian_ctrl,0.6,binary_student_t,0.15,252,-0.8945261380545353,0.1362,0.2881,10000,no two-year guarantee is inherited by extending a short-horizon threshold,0.0067,0.0169,0.0488,0.1042,0.1362,0.2881,0.2434,0.5126
gaussian_ctrl,0.6,ewma_student_t,0.05,63,-0.6993481800729411,0.0389,0.0734,10000,no two-year guarantee is inherited by extending a short-horizon threshold,0.0389,0.0734,0.1281,0.2276,0.2453,0.4361,0.3639,0.6333
gaussian_ctrl,0.6,ewma_student_t,0.05,126,-0.9618065007443284,0.0449,0.0915,10000,no two-year guarantee is inherited by extending a short-horizon threshold,0.0058,0.0133,0.0449,0.0915,0.126,0.2698,0.2345,0.4942
gaussian_ctrl,0.6,ewma_student_t,0.05,252,-1.3480734034959663,0.0402,0.1149,10000,no two-year guarantee is inherited by extending a short-horizon threshold,0.0002,0.0007,0.0072,0.016,0.0402,0.1149,0.1147,0.3133
gaussian_ctrl,0.6,ewma_student_t,0.15,63,-0.491917371820382,0.1387,0.2049,10000,no two-year guarantee is inherited by extending a short-horizon threshold,0.1387,0.2049,0.2671,0.3986,0.3983,0.5892,0.5031,0.7449
gaussian_ctrl,0.6,ewma_student_t,0.15,126,-0.6860533601322865,0.1349,0.2371,10000,no two-year guarantee is inherited by extending a short-horizon threshold,0.043,0.0782,0.1349,0.2371,0.254,0.4448,0.3722,0.6399
gaussian_ctrl,0.6,ewma_student_t,0.15,252,-0.9323414066890794,0.1354,0.2861,10000,no two-year guarantee is inherited by extending a short-horizon threshold,0.0069,0.0165,0.0492,0.1012,0.1354,0.2861,0.2458,0.5094
gaussian_ctrl,0.6,ewma_trunc_student_t,0.05,63,-0.6993481800729411,0.0389,0.0734,10000,no two-year guarantee is inherited by extending a short-horizon threshold,0.0389,0.0734,0.1281,0.2276,0.2454,0.4362,0.3641,0.6333
gaussian_ctrl,0.6,ewma_trunc_student_t,0.05,126,-0.9621832971170412,0.0448,0.0913,10000,no two-year guarantee is inherited by extending a short-horizon threshold,0.0058,0.0133,0.0448,0.0913,0.1261,0.2697,0.2345,0.4939
gaussian_ctrl,0.6,ewma_trunc_student_t,0.05,252,-1.3480734034959663,0.0401,0.1149,10000,no two-year guarantee is inherited by extending a short-horizon threshold,0.0002,0.0007,0.0072,0.016,0.0401,0.1149,0.1146,0.3134
gaussian_ctrl,0.6,ewma_trunc_student_t,0.15,63,-0.4920361531722275,0.1386,0.2049,10000,no two-year guarantee is inherited by extending a short-horizon threshold,0.1386,0.2049,0.2672,0.3987,0.3976,0.5892,0.5029,0.7447
gaussian_ctrl,0.6,ewma_trunc_student_t,0.15,126,-0.6861951135156232,0.1347,0.237,10000,no two-year guarantee is inherited by extending a short-horizon threshold,0.0431,0.0782,0.1347,0.237,0.2539,0.445,0.3721,0.64
gaussian_ctrl,0.6,ewma_trunc_student_t,0.15,252,-0.9323738704677047,0.1356,0.2862,10000,no two-year guarantee is inherited by extending a short-horizon threshold,0.0069,0.0165,0.0493,0.1015,0.1356,0.2862,0.2459,0.5095
sv_jump,1.0,binary_gaussian,0.05,63,-0.9431677733559306,0.0401,0.0731,10000,no two-year guarantee is inherited by extending a short-horizon threshold,0.0401,0.0731,0.0936,0.2251,0.1679,0.4723,0.2487,0.7143
sv_jump,1.0,binary_gaussian,0.05,126,-1.2613939395685876,0.0445,0.1098,10000,no two-year guarantee is inherited by extending a short-horizon threshold,0.0152,0.0243,0.0445,0.1098,0.0931,0.3161,0.1574,0.5981
sv_jump,1.0,binary_gaussian,0.05,252,-1.6764316890392208,0.0421,0.1672,10000,no two-year guarantee is inherited by extending a short-horizon threshold,0.0043,0.0076,0.0161,0.0406,0.0421,0.1672,0.0885,0.4456
sv_jump,1.0,binary_gaussian,0.15,63,-0.5785334301671526,0.1361,0.2335,10000,no two-year guarantee is inherited by extending a short-horizon threshold,0.1361,0.2335,0.2341,0.4543,0.3318,0.6798,0.4165,0.84
sv_jump,1.0,binary_gaussian,0.15,126,-0.7946271549963504,0.1374,0.3037,10000,no two-year guarantee is inherited by extending a short-horizon threshold,0.0668,0.1216,0.1374,0.3037,0.2255,0.5523,0.3084,0.7666
sv_jump,1.0,binary_gaussian,0.15,252,-1.0685597711236916,0.1324,0.4026,10000,no two-year guarantee is inherited by extending a short-horizon threshold,0.0268,0.0481,0.069,0.1709,0.1324,0.4026,0.2058,0.6667
sv_jump,1.0,binary_student_t,0.05,63,-0.932840791194989,0.0381,0.1084,10000,no two-year guarantee is inherited by extending a short-horizon threshold,0.0381,0.1084,0.1026,0.3203,0.1782,0.5864,0.2399,0.8
sv_jump,1.0,binary_student_t,0.05,126,-1.2384820584841925,0.0425,0.1634,10000,no two-year guarantee is inherited by extending a short-horizon threshold,0.011,0.0308,0.0425,0.1634,0.093,0.4325,0.147,0.7117
sv_jump,1.0,binary_student_t,0.05,252,-1.6449195426431955,0.0374,0.2631,10000,no two-year guarantee is inherited by extending a short-horizon threshold,0.0017,0.0045,0.0121,0.0564,0.0374,0.2631,0.0765,0.5794
sv_jump,1.0,binary_student_t,0.15,63,-0.6243090583435575,0.1359,0.2862,10000,no two-year guarantee is inherited by extending a short-horizon threshold,0.1359,0.2862,0.2319,0.5334,0.315,0.7419,0.3818,0.8816
sv_jump,1.0,binary_student_t,0.15,126,-0.8183638239034476,0.141,0.3931,10000,no two-year guarantee is inherited by extending a short-horizon threshold,0.0631,0.1589,0.141,0.3931,0.2222,0.6431,0.2846,0.8324
sv_jump,1.0,binary_student_t,0.15,252,-1.0448882315906678,0.1408,0.5289,10000,no two-year guarantee is inherited by extending a short-horizon threshold,0.0247,0.0688,0.0769,0.2513,0.1408,0.5289,0.1997,0.7706
sv_jump,1.0,ewma_student_t,0.05,63,-1.1806699811750025,0.0421,0.161,10000,no two-year guarantee is inherited by extending a short-horizon threshold,0.0421,0.161,0.1174,0.3986,0.2064,0.6612,0.269,0.8594
sv_jump,1.0,ewma_student_t,0.05,126,-1.675334347981078,0.0437,0.2354,10000,no two-year guarantee is inherited by extending a short-horizon threshold,0.0084,0.0507,0.0437,0.2354,0.0995,0.5102,0.1546,0.7787
sv_jump,1.0,ewma_student_t,0.05,252,-2.258364916085747,0.0391,0.3588,10000,no two-year guarantee is inherited by extending a short-horizon threshold,0.0009,0.0104,0.0128,0.1183,0.0391,0.3588,0.0777,0.6714
sv_jump,1.0,ewma_student_t,0.15,63,-0.7958998033844114,0.1336,0.3306,10000,no two-year guarantee is inherited by extending a short-horizon threshold,0.1336,0.3306,0.2508,0.5814,0.3419,0.789,0.4032,0.913
sv_jump,1.0,ewma_student_t,0.15,126,-1.1122987805238473,0.135,0.4291,10000,no two-year guarantee is inherited by extending a short-horizon threshold,0.0523,0.1845,0.135,0.4291,0.2258,0.6838,0.2889,0.8696
sv_jump,1.0,ewma_student_t,0.15,252,-1.467443756790305,0.1359,0.5716,10000,no two-year guarantee is inherited by extending a short-horizon threshold,0.0169,0.0843,0.0679,0.2951,0.1359,0.5716,0.1973,0.8146
sv_jump,1.0,ewma_trunc_student_t,0.05,63,-1.1963026661610874,0.0418,0.1669,10000,no two-year guarantee is inherited by extending a short-horizon threshold,0.0418,0.1669,0.1245,0.4142,0.2147,0.6759,0.2771,0.8687
sv_jump,1.0,ewma_trunc_student_t,0.05,126,-1.734035963997568,0.0422,0.2374,10000,no two-year guarantee is inherited by extending a short-horizon threshold,0.0078,0.0471,0.0422,0.2374,0.0996,0.5189,0.1548,0.786
sv_jump,1.0,ewma_trunc_student_t,0.05,252,-2.315809090522683,0.0412,0.3748,10000,no two-year guarantee is inherited by extending a short-horizon threshold,0.0006,0.0093,0.0124,0.1248,0.0412,0.3748,0.0796,0.6866
sv_jump,1.0,ewma_trunc_student_t,0.15,63,-0.8113225986205199,0.1353,0.3379,10000,no two-year guarantee is inherited by extending a short-horizon threshold,0.1353,0.3379,0.2573,0.5934,0.3489,0.7966,0.4098,0.9206
sv_jump,1.0,ewma_trunc_student_t,0.15,126,-1.1483776896684814,0.1364,0.4349,10000,no two-year guarantee is inherited by extending a short-horizon threshold,0.0491,0.1833,0.1364,0.4349,0.2278,0.6909,0.2918,0.8761
sv_jump,1.0,ewma_trunc_student_t,0.15,252,-1.5121247549132382,0.1363,0.5802,10000,no two-year guarantee is inherited by extending a short-horizon threshold,0.0154,0.0824,0.0683,0.3005,0.1363,0.5802,0.1965,0.8214
sv_jump,0.6,binary_gaussian,0.05,63,-0.5887298918216212,0.0401,0.057,10000,no two-year guarantee is inherited by extending a short-horizon threshold,0.0401,0.057,0.102,0.1741,0.1965,0.3721,0.3089,0.6008
sv_jump,0.6,binary_gaussian,0.05,126,-0.8037405560397767,0.0445,0.0731,10000,no two-year guarantee is inherited by extending a short-horizon threshold,0.0135,0.0161,0.0445,0.0731,0.1031,0.2218,0.1945,0.4597
sv_jump,0.6,binary_gaussian,0.05,252,-1.0943704964145997,0.0415,0.1011,10000,no two-year guarantee is inherited by extending a short-horizon threshold,0.0033,0.0037,0.0132,0.0227,0.0415,0.1011,0.1039,0.2925
sv_jump,0.6,binary_gaussian,0.15,63,-0.36830738558244885,0.1362,0.1858,10000,no two-year guarantee is inherited by extending a short-horizon threshold,0.1362,0.1858,0.2484,0.3741,0.3688,0.5837,0.4771,0.7521
sv_jump,0.6,binary_gaussian,0.15,126,-0.5163587133333066,0.1364,0.2267,10000,no two-year guarantee is inherited by extending a short-horizon threshold,0.0601,0.083,0.1364,0.2267,0.2465,0.4371,0.3601,0.6498
sv_jump,0.6,binary_gaussian,0.15,252,-0.7179427278695631,0.1339,0.2784,10000,no two-year guarantee is inherited by extending a short-horizon threshold,0.0209,0.0262,0.0614,0.1042,0.1339,0.2784,0.2325,0.5142
sv_jump,0.6,binary_student_t,0.05,63,-0.586477507503864,0.0388,0.0732,10000,no two-year guarantee is inherited by extending a short-horizon threshold,0.0388,0.0732,0.1171,0.2292,0.2159,0.4597,0.3167,0.6784
sv_jump,0.6,binary_student_t,0.05,126,-0.8047112063732023,0.0421,0.0958,10000,no two-year guarantee is inherited by extending a short-horizon threshold,0.0089,0.0158,0.0421,0.0958,0.1075,0.2933,0.1939,0.5444
sv_jump,0.6,binary_student_t,0.05,252,-1.1012677546719185,0.0365,0.1327,10000,no two-year guarantee is inherited by extending a short-horizon threshold,0.0007,0.0012,0.0085,0.0217,0.0365,0.1327,0.0927,0.3796
sv_jump,0.6,binary_student_t,0.15,63,-0.39907850369600606,0.1364,0.2174,10000,no two-year guarantee is inherited by extending a short-horizon threshold,0.1364,0.2174,0.2532,0.4311,0.3646,0.6358,0.46,0.7949
sv_jump,0.6,binary_student_t,0.15,126,-0.5438799962536687,0.141,0.2721,10000,no two-year guarantee is inherited by extending a short-horizon threshold,0.0534,0.098,0.141,0.2721,0.2434,0.4997,0.345,0.7082
sv_jump,0.6,binary_student_t,0.15,252,-0.7217783088247411,0.1438,0.3554,10000,no two-year guarantee is inherited by extending a short-horizon threshold,0.0151,0.029,0.0646,0.1388,0.1438,0.3554,0.2353,0.5998
sv_jump,0.6,ewma_student_t,0.05,63,-0.7722278957967079,0.0422,0.0984,10000,no two-year guarantee is inherited by extending a short-horizon threshold,0.0422,0.0984,0.1349,0.294,0.251,0.5366,0.3512,0.7525
sv_jump,0.6,ewma_student_t,0.05,126,-1.15875947960967,0.0428,0.1301,10000,no two-year guarantee is inherited by extending a short-horizon threshold,0.0057,0.0179,0.0428,0.1301,0.1121,0.3452,0.1997,0.6077
sv_jump,0.6,ewma_student_t,0.05,252,-1.6172863225755871,0.0384,0.1899,10000,no two-year guarantee is inherited by extending a short-horizon threshold,0.0003,0.002,0.0086,0.044,0.0384,0.1899,0.0967,0.4505
sv_jump,0.6,ewma_student_t,0.15,63,-0.528207811439179,0.1366,0.24,10000,no two-year guarantee is inherited by extending a short-horizon threshold,0.1366,0.24,0.2754,0.469,0.3996,0.6796,0.4952,0.836
sv_jump,0.6,ewma_student_t,0.15,126,-0.7705428146494162,0.1354,0.2949,10000,no two-year guarantee is inherited by extending a short-horizon threshold,0.0424,0.0989,0.1354,0.2949,0.2515,0.5378,0.3518,0.7529
sv_jump,0.6,ewma_student_t,0.15,252,-1.063361573542763,0.1375,0.3881,10000,no two-year guarantee is inherited by extending a short-horizon threshold,0.009,0.0289,0.0557,0.1588,0.1375,0.3881,0.2299,0.6444
sv_jump,0.6,ewma_trunc_student_t,0.05,63,-0.7852845580853787,0.0426,0.1013,10000,no two-year guarantee is inherited by extending a short-horizon threshold,0.0426,0.1013,0.1427,0.3036,0.2623,0.5505,0.363,0.7648
sv_jump,0.6,ewma_trunc_student_t,0.05,126,-1.1880230614144889,0.0421,0.1365,10000,no two-year guarantee is inherited by extending a short-horizon threshold,0.0054,0.0167,0.0421,0.1365,0.1159,0.3605,0.2056,0.6219
sv_jump,0.6,ewma_trunc_student_t,0.05,252,-1.6647596227982158,0.0396,0.2009,10000,no two-year guarantee is inherited by extending a short-horizon threshold,0.0001,0.0015,0.009,0.0477,0.0396,0.2009,0.0989,0.4672
sv_jump,0.6,ewma_trunc_student_t,0.15,63,-0.537598732259442,0.1377,0.247,10000,no two-year guarantee is inherited by extending a short-horizon threshold,0.1377,0.247,0.2836,0.4821,0.4082,0.6895,0.5006,0.8445
sv_jump,0.6,ewma_trunc_student_t,0.15,126,-0.7947839171115616,0.1395,0.2993,10000,no two-year guarantee is inherited by extending a short-horizon threshold,0.0404,0.0987,0.1395,0.2993,0.2581,0.5464,0.3585,0.7617
sv_jump,0.6,ewma_trunc_student_t,0.15,252,-1.1105011377531695,0.1366,0.3941,10000,no two-year guarantee is inherited by extending a short-horizon threshold,0.0081,0.0239,0.055,0.158,0.1366,0.3941,0.2298,0.6516
