scenario,method,true_state,day,n_paths,mean_q,median_q,q10,q90
gaussian_ctrl,binary_gaussian,valid,63,10000,0.470424321434489,0.46852354547197805,0.3171968425781875,0.6283610387292026
gaussian_ctrl,binary_gaussian,valid,126,10000,0.44290497633149833,0.4376690768754923,0.2389132886600555,0.6565639567554886
gaussian_ctrl,binary_gaussian,valid,252,10000,0.3982023357339295,0.37950781057239946,0.14406346496152284,0.6863453780181696
gaussian_ctrl,binary_gaussian,valid,504,10000,0.322713178941528,0.26428619351946847,0.056767235631082394,0.6895048864194229
gaussian_ctrl,binary_gaussian,invalid,63,10000,0.5310104104719436,0.5325834042397106,0.37559103591489423,0.6841762408932821
gaussian_ctrl,binary_gaussian,invalid,126,10000,0.5563257054071551,0.5664037834776943,0.3387008640408727,0.7587538979552483
gaussian_ctrl,binary_gaussian,invalid,252,10000,0.6023767350834827,0.6240944181739496,0.3175373565026557,0.856798535508231
gaussian_ctrl,binary_gaussian,invalid,504,10000,0.6744555115783999,0.7324469394312193,0.3008400745275712,0.9440670621703211
gaussian_ctrl,binary_student_t,valid,63,10000,0.4667457915227502,0.46204133087503746,0.2852273277330464,0.6558086173539696
gaussian_ctrl,binary_student_t,valid,126,10000,0.43740447384701947,0.42552652676902114,0.20244515055369822,0.6912900259440413
gaussian_ctrl,binary_student_t,valid,252,10000,0.3906257283101042,0.3589023039696729,0.10857083128541782,0.7273654186356483
gaussian_ctrl,binary_student_t,valid,504,10000,0.31428111825555705,0.23764523240020408,0.03462117848577185,0.7324078031736736
gaussian_ctrl,binary_student_t,invalid,63,10000,0.5343872658704028,0.5364080606329336,0.35136871455785945,0.7142820073882798
gaussian_ctrl,binary_student_t,invalid,126,10000,0.5618576450363502,0.5729971222891022,0.30822189333811395,0.795635235142894
gaussian_ctrl,binary_student_t,invalid,252,10000,0.6103587638263567,0.6440914855375408,0.2771346530231756,0.8917876542618832
gaussian_ctrl,binary_student_t,invalid,504,10000,0.6813347727905013,0.7598554085842386,0.25958981549116494,0.96580015424387
gaussian_ctrl,ewma_gaussian,valid,63,10000,0.46898680957871475,0.4664806686436036,0.3048447487876636,0.6399187160419534
gaussian_ctrl,ewma_gaussian,valid,126,10000,0.4405175236023507,0.4341946511422824,0.22021013259147681,0.6716785286366272
gaussian_ctrl,ewma_gaussian,valid,252,10000,0.39493898757877294,0.36851686128035444,0.12755105568541417,0.7032441623160544
gaussian_ctrl,ewma_gaussian,valid,504,10000,0.31893768388511246,0.2548703635124722,0.04591766962578833,0.7104803633075146
gaussian_ctrl,ewma_gaussian,invalid,63,10000,0.5322623971182627,0.5346538645838492,0.3642283822358098,0.698038723477809
gaussian_ctrl,ewma_gaussian,invalid,126,10000,0.5584986036085582,0.5687098900539493,0.3226765656196786,0.7749662091623054
gaussian_ctrl,ewma_gaussian,invalid,252,10000,0.6056625123468883,0.632653463207404,0.29670319255730376,0.8731413866765706
gaussian_ctrl,ewma_gaussian,invalid,504,10000,0.6777702468940326,0.7459605324018707,0.28147373156717714,0.9543629782840704
gaussian_ctrl,ewma_student_t,valid,63,10000,0.4661876541427313,0.4614373734774213,0.2792288620115446,0.6612625556117077
gaussian_ctrl,ewma_student_t,valid,126,10000,0.4366082952632205,0.42520303562323736,0.19469984062464166,0.6976702067410857
gaussian_ctrl,ewma_student_t,valid,252,10000,0.3898592533620207,0.3548634936634443,0.10176947170736324,0.7371483255580321
gaussian_ctrl,ewma_student_t,valid,504,10000,0.31403809623892465,0.23213649953478538,0.031580541176153346,0.7489311773971418
gaussian_ctrl,ewma_student_t,invalid,63,10000,0.5350896422884686,0.5382491155666591,0.3453125152926712,0.7214439091068403
gaussian_ctrl,ewma_student_t,invalid,126,10000,0.562772685510089,0.5758864782678479,0.3002347044097526,0.8031750480961407
gaussian_ctrl,ewma_student_t,invalid,252,10000,0.6114568533439441,0.6457741858768872,0.26809323077770914,0.8977981787507023
gaussian_ctrl,ewma_student_t,invalid,504,10000,0.6817548786448737,0.7628595929405171,0.24546775877099322,0.968673177276368
sv_ctrl,binary_gaussian,valid,63,10000,0.4722022909349941,0.46968116517719605,0.33337351583764924,0.611755275030864
sv_ctrl,binary_gaussian,valid,126,10000,0.4453611446164699,0.4382275149769596,0.25392365440814335,0.6441451348895469
sv_ctrl,binary_gaussian,valid,252,10000,0.3976147948318398,0.37955595060552877,0.15713092979848908,0.6663353397184496
sv_ctrl,binary_gaussian,valid,504,10000,0.3238887213434602,0.27256268754617274,0.05966688361444713,0.6775785657352787
sv_ctrl,binary_gaussian,invalid,63,10000,0.5305208191316297,0.5306138394046029,0.38844715712826133,0.6714824317436334
sv_ctrl,binary_gaussian,invalid,126,10000,0.557786332921764,0.5629492304751198,0.3603564469518939,0.7507834469105021
sv_ctrl,binary_gaussian,invalid,252,10000,0.6040033400508544,0.6222376749223553,0.3300777897776399,0.847631681057917
sv_ctrl,binary_gaussian,invalid,504,10000,0.6797170420521552,0.7319597427074116,0.3195538592538332,0.9415240233827672
sv_ctrl,binary_student_t,valid,63,10000,0.4631556064612171,0.4593533920082168,0.29974797354251165,0.6299703081697535
sv_ctrl,binary_student_t,valid,126,10000,0.4292640173390833,0.4190569479393246,0.21683924962024853,0.6567334533629734
sv_ctrl,binary_student_t,valid,252,10000,0.37069176221209144,0.3408660940553282,0.12020314226792066,0.6705891207414197
sv_ctrl,binary_student_t,valid,504,10000,0.28440836529002916,0.21594847467013284,0.037856073291384434,0.650868044060912
sv_ctrl,binary_student_t,invalid,63,10000,0.5391399133389799,0.5433693994053874,0.37375850093287294,0.6981296472784125
sv_ctrl,binary_student_t,invalid,126,10000,0.5737116803448569,0.5830365490600553,0.34681022533802913,0.7853620606960835
sv_ctrl,binary_student_t,invalid,252,10000,0.6302709696976884,0.6604176916394024,0.3264580530251792,0.8823047013446823
sv_ctrl,binary_student_t,invalid,504,10000,0.7201581761557939,0.7924397328007637,0.3466693928329411,0.9624166453975291
sv_ctrl,ewma_gaussian,valid,63,10000,0.45526952181538144,0.454151312445204,0.2673737506288124,0.6426368979124325
sv_ctrl,ewma_gaussian,valid,126,10000,0.409565019172057,0.40433398040793234,0.14155096983290158,0.6864254048535787
sv_ctrl,ewma_gaussian,valid,252,10000,0.33720243042556286,0.2913372157996047,0.04580112143971575,0.7038534266259375
sv_ctrl,ewma_gaussian,valid,504,10000,0.2364286066436769,0.12574161834930742,0.005513107471090361,0.6711483335902529
sv_ctrl,ewma_gaussian,invalid,63,10000,0.5466820319924788,0.5476943744972578,0.3610636522515787,0.7325601781512616
sv_ctrl,ewma_gaussian,invalid,126,10000,0.5935567361308285,0.5987920710074592,0.3191670863757049,0.8585450846550746
sv_ctrl,ewma_gaussian,invalid,252,10000,0.6665594441092284,0.7133385136051196,0.2962776757710095,0.9587805173629669
sv_ctrl,ewma_gaussian,invalid,504,10000,0.7653598597532681,0.880521489135807,0.32256450863177377,0.9949079098021462
sv_ctrl,ewma_student_t,valid,63,10000,0.4462286216572633,0.44696406380919185,0.22842259312022187,0.6574183019546506
sv_ctrl,ewma_student_t,valid,126,10000,0.3970408565824674,0.3875069811691968,0.11179145749908118,0.6967351131661914
sv_ctrl,ewma_student_t,valid,252,10000,0.31970100114028244,0.26253996519759515,0.0315504556591351,0.7154296234674296
sv_ctrl,ewma_student_t,valid,504,10000,0.21848261184776344,0.09826242969641216,0.0027571129288578586,0.6661385530689752
sv_ctrl,ewma_student_t,invalid,63,10000,0.5552753089668108,0.5559478379296632,0.3474988141041241,0.7684444325004072
sv_ctrl,ewma_student_t,invalid,126,10000,0.6052553532000567,0.6162293347654109,0.3056208799835248,0.8888820927988543
sv_ctrl,ewma_student_t,invalid,252,10000,0.6807640354339842,0.7408185673347345,0.28688262332102876,0.9723777565331548
sv_ctrl,ewma_student_t,invalid,504,10000,0.7828507903832811,0.9081955698630257,0.3256470692555739,0.9972644919590551
jump_ctrl,binary_gaussian,valid,63,10000,0.4712035075049074,0.46901513420728014,0.3192022643893026,0.6283661965621311
jump_ctrl,binary_gaussian,valid,126,10000,0.446023004149345,0.4393498898780831,0.2424424543766421,0.6613040829310408
jump_ctrl,binary_gaussian,valid,252,10000,0.3982242510603139,0.3768445964872982,0.14334827263115404,0.6879867643974278
jump_ctrl,binary_gaussian,valid,504,10000,0.32247031613523675,0.26568987062638716,0.057133129657930666,0.6907455029350436
jump_ctrl,binary_gaussian,invalid,63,10000,0.5284532462974948,0.5318212455113773,0.3743830381418248,0.6776124880315751
jump_ctrl,binary_gaussian,invalid,126,10000,0.5541155067210347,0.5620201573990631,0.33977009553312265,0.7552970499452782
jump_ctrl,binary_gaussian,invalid,252,10000,0.5968881453237167,0.6187825573098398,0.3037274947957529,0.8508183344401071
jump_ctrl,binary_gaussian,invalid,504,10000,0.6723694902488131,0.7295384529703695,0.3011366363368996,0.9445632671652247
jump_ctrl,binary_student_t,valid,63,10000,0.46513980637324287,0.46211833844697964,0.2878982231028342,0.6441479027306598
jump_ctrl,binary_student_t,valid,126,10000,0.4362028351328201,0.42716251080617085,0.2061749648642946,0.6828210654470075
jump_ctrl,binary_student_t,valid,252,10000,0.38243427225114657,0.35087059722860703,0.10890800137136493,0.7073724679050104
jump_ctrl,binary_student_t,valid,504,10000,0.301553542885259,0.22608230379966035,0.03409850793355208,0.7099511316410967
jump_ctrl,binary_student_t,invalid,63,10000,0.5340896730983803,0.5383783395295998,0.35442734570183515,0.7069187296611701
jump_ctrl,binary_student_t,invalid,126,10000,0.5637228639508598,0.5746355648777918,0.3194585505192213,0.7908062920626912
jump_ctrl,binary_student_t,invalid,252,10000,0.6122843472623957,0.6442142918795546,0.2820347920282697,0.8859051749036911
jump_ctrl,binary_student_t,invalid,504,10000,0.692919980895831,0.7686232871090344,0.2871909675959513,0.9645711968889737
jump_ctrl,ewma_gaussian,valid,63,10000,0.4674283805753703,0.46424226866376844,0.2865422862168972,0.6520594231085368
jump_ctrl,ewma_gaussian,valid,126,10000,0.439947604491281,0.4305886165125066,0.2012967324206107,0.6960282136779143
jump_ctrl,ewma_gaussian,valid,252,10000,0.38920708663684334,0.3543694354956073,0.10452443717940559,0.7308443371763048
jump_ctrl,ewma_gaussian,valid,504,10000,0.3129830172085922,0.2383935962406899,0.03316675945223752,0.7378118748331997
jump_ctrl,ewma_gaussian,invalid,63,10000,0.5316214808996341,0.5374399782607067,0.3494828764503244,0.7060597660509925
jump_ctrl,ewma_gaussian,invalid,126,10000,0.5598870191516636,0.5720377076335201,0.30931476931616414,0.7944381353597996
jump_ctrl,ewma_gaussian,invalid,252,10000,0.6057110894974066,0.6362709916632526,0.2642931655999706,0.8905771053794299
jump_ctrl,ewma_gaussian,invalid,504,10000,0.6806490850650817,0.7566252479931804,0.2533649556697692,0.9676734071170405
jump_ctrl,ewma_student_t,valid,63,10000,0.463389202641448,0.4611431484968006,0.27339309182185084,0.6567371123742339
jump_ctrl,ewma_student_t,valid,126,10000,0.43325850244731384,0.42219875538913876,0.18454568162320997,0.7030025500929036
jump_ctrl,ewma_student_t,valid,252,10000,0.3782827334837756,0.3399726657115531,0.0907110303677717,0.7295868034540371
jump_ctrl,ewma_student_t,valid,504,10000,0.29869708007220463,0.21039650562118783,0.024586987521114396,0.7386738921340592
jump_ctrl,ewma_student_t,invalid,63,10000,0.5361437391112553,0.5404934263781225,0.3413592924824285,0.7237358831617553
jump_ctrl,ewma_student_t,invalid,126,10000,0.5668356573762987,0.5770439843332837,0.30358638530800613,0.8121205782747344
jump_ctrl,ewma_student_t,invalid,252,10000,0.616931448455889,0.6544517464253135,0.2625024655800404,0.9069032381424645
jump_ctrl,ewma_student_t,invalid,504,10000,0.6958474264556888,0.7861916448599393,0.2570272360109401,0.973920430359813
sv_jump,binary_gaussian,valid,63,10000,0.4711832614583347,0.47027317778636585,0.3284598176402891,0.614908243253
sv_jump,binary_gaussian,valid,126,10000,0.44330559714212525,0.43788786234514454,0.24677612639458427,0.6491808576482392
sv_jump,binary_gaussian,valid,252,10000,0.3968197090854113,0.37885803110847727,0.15038136500924434,0.6751834804776761
sv_jump,binary_gaussian,valid,504,10000,0.32568809738828175,0.2736807644161454,0.06125062507604858,0.6820798572529047
sv_jump,binary_gaussian,invalid,63,10000,0.5287886098848361,0.5302827267779218,0.3842462092868505,0.6699816118911512
sv_jump,binary_gaussian,invalid,126,10000,0.5565921669621579,0.5626311343927204,0.3557828458158538,0.7514536889156416
sv_jump,binary_gaussian,invalid,252,10000,0.603983698589132,0.6253373203622714,0.3258251036171604,0.8489058405544627
sv_jump,binary_gaussian,invalid,504,10000,0.6788378158296519,0.7356024197030984,0.3196730423316747,0.9402900953383715
sv_jump,binary_student_t,valid,63,10000,0.4616003064135526,0.45823564071132855,0.3087908177881691,0.6219051324277668
sv_jump,binary_student_t,valid,126,10000,0.42543173718902255,0.41466528323474705,0.22141780329870478,0.6456446344343627
sv_jump,binary_student_t,valid,252,10000,0.36551352691387484,0.33757435039802597,0.11900285382978115,0.6594353809418366
sv_jump,binary_student_t,valid,504,10000,0.2754221840049911,0.20953755354796083,0.040251105864358545,0.6323149126116706
sv_jump,binary_student_t,invalid,63,10000,0.5389861806648955,0.5422729722360151,0.3786690560275984,0.6934708518438057
sv_jump,binary_student_t,invalid,126,10000,0.575304040312818,0.5861204537239482,0.35669372528077375,0.7797852535804575
sv_jump,binary_student_t,invalid,252,10000,0.6347839994578378,0.6642920276881891,0.34243169454327455,0.8798586608480614
sv_jump,binary_student_t,invalid,504,10000,0.7275492880572741,0.795099939992834,0.36673066291127915,0.9612685186176557
sv_jump,ewma_gaussian,valid,63,10000,0.45438726193962103,0.4504563500224782,0.24910964412815126,0.666149783679011
sv_jump,ewma_gaussian,valid,126,10000,0.407727780999153,0.3950781440844783,0.11829775058547087,0.7203778983432123
sv_jump,ewma_gaussian,valid,252,10000,0.3432640764973903,0.2820808836920104,0.029339345181961015,0.7736062410031419
sv_jump,ewma_gaussian,valid,504,10000,0.25627558566278613,0.11861733621117074,0.0029838280073300524,0.7747816691600434
sv_jump,ewma_gaussian,invalid,63,10000,0.5447974193712682,0.5473906049573529,0.3325893727306795,0.7507096356655772
sv_jump,ewma_gaussian,invalid,126,10000,0.5905843042081009,0.6052772107506073,0.2752491153882075,0.8817728492450793
sv_jump,ewma_gaussian,invalid,252,10000,0.657142076298021,0.7156323164626441,0.23812187748692637,0.9694735655205404
sv_jump,ewma_gaussian,invalid,504,10000,0.7422915024200578,0.8806193515648941,0.222147700300158,0.9971574741136713
sv_jump,ewma_student_t,valid,63,10000,0.44392679812042235,0.4440405569032634,0.23321474908596004,0.6496198785736033
sv_jump,ewma_student_t,valid,126,10000,0.39157412868181046,0.3782243733425905,0.11092255172948806,0.6837296385511956
sv_jump,ewma_student_t,valid,252,10000,0.3125730957398361,0.2563062737941769,0.027178724288561173,0.6987705665878048
sv_jump,ewma_student_t,valid,504,10000,0.2083233424847942,0.08796108180263829,0.0025731252454447755,0.6576916821997252
sv_jump,ewma_student_t,invalid,63,10000,0.556963151826829,0.5568068332045424,0.3491841901477316,0.7668719942707337
sv_jump,ewma_student_t,invalid,126,10000,0.6109496534256573,0.6231479302608263,0.3117172619935296,0.8868608391364754
sv_jump,ewma_student_t,invalid,252,10000,0.6879696072665538,0.7496310979316667,0.295903293142601,0.9721016865474571
sv_jump,ewma_student_t,invalid,504,10000,0.7921849511952821,0.9128565606379467,0.3592331397748106,0.997578287907273
sv_jump_big,binary_gaussian,valid,63,10000,0.4716747295731474,0.47010730258150624,0.33011895835121297,0.6138197548470076
sv_jump_big,binary_gaussian,valid,126,10000,0.4461057106529502,0.44240445881840257,0.2480074502654394,0.6492458708270964
sv_jump_big,binary_gaussian,valid,252,10000,0.3980144720670605,0.380266890321007,0.14894375984399408,0.6747595166281232
sv_jump_big,binary_gaussian,valid,504,10000,0.3266234714120942,0.27543196180568097,0.05800548721296619,0.6809096261058191
sv_jump_big,binary_gaussian,invalid,63,10000,0.530091759935995,0.5309454749029716,0.38830970400647014,0.6715005086175608
sv_jump_big,binary_gaussian,invalid,126,10000,0.5564713255550844,0.562648431152825,0.3567328849196428,0.7503451340942271
sv_jump_big,binary_gaussian,invalid,252,10000,0.600683147704082,0.6168961201914605,0.32041778992371367,0.8490102865159291
sv_jump_big,binary_gaussian,invalid,504,10000,0.6778000893588222,0.7321767796445031,0.3272461949555173,0.9414541549834997
sv_jump_big,binary_student_t,valid,63,10000,0.45890058719966426,0.454197551053001,0.31385487459279804,0.6078227171237228
sv_jump_big,binary_student_t,valid,126,10000,0.42126636725952304,0.4101482422574787,0.22991377468135912,0.6295556554974566
sv_jump_big,binary_student_t,valid,252,10000,0.3556645238671466,0.3255221268525999,0.1266711428786964,0.6319352392477013
sv_jump_big,binary_student_t,valid,504,10000,0.25967186436916667,0.19670986040851346,0.03999966879800501,0.5882692346683943
sv_jump_big,binary_student_t,invalid,63,10000,0.5415213211344099,0.5448905054749438,0.3876744963220622,0.689083267800085
sv_jump_big,binary_student_t,invalid,126,10000,0.5793616981010138,0.58916051898728,0.37330873752083626,0.7698910248589826
sv_jump_big,binary_student_t,invalid,252,10000,0.642759139267262,0.6696189900027243,0.3682646576451406,0.8739413720833934
sv_jump_big,binary_student_t,invalid,504,10000,0.742035052491378,0.8066232183796443,0.40946351849037355,0.9588891447517397
sv_jump_big,ewma_gaussian,valid,63,10000,0.45243212203139427,0.44579580850797995,0.22324388894367975,0.6874271206202959
sv_jump_big,ewma_gaussian,valid,126,10000,0.4117590166951061,0.3897238480003758,0.08530696622639654,0.7722696976486373
sv_jump_big,ewma_gaussian,valid,252,10000,0.34694845416717146,0.26145983736808515,0.013284341188978721,0.8420270331830227
sv_jump_big,ewma_gaussian,valid,504,10000,0.2699066198383814,0.09297622101865913,0.000693940613890609,0.8791744009943236
sv_jump_big,ewma_gaussian,invalid,63,10000,0.5518075131644152,0.5552842176613437,0.3207472511582622,0.7819678271699521
sv_jump_big,ewma_gaussian,invalid,126,10000,0.5960695556592542,0.6203709176021011,0.237524611949282,0.916663602978504
sv_jump_big,ewma_gaussian,invalid,252,10000,0.6544460955792414,0.7389019681030828,0.16057309024588548,0.985790997209554
sv_jump_big,ewma_gaussian,invalid,504,10000,0.7364708984625613,0.9134707897198868,0.1251434628105351,0.9992914926412949
sv_jump_big,ewma_student_t,valid,63,10000,0.43570659396305145,0.4356317960180761,0.22114982422583399,0.6464218615902493
sv_jump_big,ewma_student_t,valid,126,10000,0.37782193757880705,0.362500142189646,0.09367769547938953,0.683432755454818
sv_jump_big,ewma_student_t,valid,252,10000,0.28954945131172466,0.2156660483209174,0.019008193493707526,0.6842294112584328
sv_jump_big,ewma_student_t,valid,504,10000,0.1801335604084802,0.06073976171910704,0.0011538621554732537,0.5901395351381633
sv_jump_big,ewma_student_t,invalid,63,10000,0.563047713165688,0.5612228875769454,0.3514459230827868,0.7834348708219604
sv_jump_big,ewma_student_t,invalid,126,10000,0.6210087619362925,0.6349201093428998,0.3165468515758402,0.9063152115661541
sv_jump_big,ewma_student_t,invalid,252,10000,0.7055854381776969,0.7734195787925162,0.31488656589454983,0.98032076158304
sv_jump_big,ewma_student_t,invalid,504,10000,0.8158588126785438,0.936474104153425,0.3977382223434214,0.9986935122754846
