method,scenario,true_state,day,n_paths,mean_q,median_q,q10,q25,q75,q90
binary_gaussian,gaussian,valid,63,10000,0.4693917652033523,0.4677661047146807,0.3153598762457033,0.38413535429300794,0.554131121999005,0.6252720082054601
binary_gaussian,gaussian,valid,126,10000,0.44282681773327576,0.43669602751917896,0.23969185134981047,0.3230545192097914,0.556789129787032,0.6588269841541279
binary_gaussian,gaussian,valid,252,10000,0.39715147191977473,0.37529458584691155,0.1444751538979815,0.2393008995404169,0.5421173340112988,0.6838354075103603
binary_gaussian,gaussian,valid,504,10000,0.32889308592844035,0.2706793836687621,0.057151730618643815,0.1252466493237166,0.4965090440642873,0.6973541396322148
binary_gaussian,gaussian,invalid,63,10000,0.5290660641932795,0.5308374800960819,0.3735636670448867,0.4480920162119211,0.6109025360046076,0.681204270253361
binary_gaussian,gaussian,invalid,126,10000,0.5545065862040035,0.5606977932700773,0.3372220482738859,0.4436090661834151,0.6725794416468781,0.7586198432268515
binary_gaussian,gaussian,invalid,252,10000,0.6034843323180962,0.6246332731930586,0.3192348361192527,0.45836798231407466,0.7639051572859523,0.8549718324375414
binary_gaussian,gaussian,invalid,504,10000,0.6760697358390276,0.7301804035750148,0.3112668943058061,0.5153166225304857,0.8754334228233783,0.9422734346592174
binary_student_t,gaussian,valid,63,10000,0.4655426756454335,0.4618314355055279,0.28357668610059655,0.3650458063335254,0.5639945560917692,0.6520088703197825
binary_student_t,gaussian,valid,126,10000,0.4371165624925702,0.42808388640246614,0.19873621176424305,0.29495241047268356,0.5699760121042834,0.6880984451812686
binary_student_t,gaussian,valid,252,10000,0.3894982834975679,0.359037397161161,0.10861937717632981,0.1996591044970597,0.5569795212311353,0.7243037573818069
binary_student_t,gaussian,valid,504,10000,0.32133437755839284,0.24729421612306063,0.03550432952460538,0.09297932158131328,0.5083435523304891,0.7449266012163908
binary_student_t,gaussian,invalid,63,10000,0.5331077177930525,0.535916074320695,0.35052586122280305,0.43869011202195723,0.6309276650540696,0.7130516798602384
binary_student_t,gaussian,invalid,126,10000,0.5600353364243014,0.570961930218338,0.3054439770898733,0.4270004668781497,0.7006958280913989,0.7963301411753337
binary_student_t,gaussian,invalid,252,10000,0.6112112708119355,0.6390205886376492,0.27852022887570116,0.4462034680108327,0.7997443483789413,0.8920291681098491
binary_student_t,gaussian,invalid,504,10000,0.6842667874981972,0.7607630582823797,0.2671932870111047,0.5070809691302338,0.9066291161975188,0.9653741887906981
ewma_gaussian,gaussian,valid,63,10000,0.46798003086464157,0.46479265506295153,0.3043191769686977,0.3751114792160014,0.5583156142245418,0.6354303816607808
ewma_gaussian,gaussian,valid,126,10000,0.44080114521343605,0.43367198678259583,0.22341169241405565,0.30972482822531644,0.5625867613288672,0.6714391795138962
ewma_gaussian,gaussian,valid,252,10000,0.39431562839507295,0.3657325227978595,0.12810143606102545,0.22257070096055317,0.549881003029631,0.7037506689843095
ewma_gaussian,gaussian,valid,504,10000,0.3255887393809562,0.25891743801865985,0.04671946307090085,0.11192996000174671,0.5080816913953179,0.7172803797931331
ewma_gaussian,gaussian,invalid,63,10000,0.5299616656623165,0.5325699166566203,0.36329656076933664,0.44316972775838115,0.6186642334242204,0.6950613935647607
ewma_gaussian,gaussian,invalid,126,10000,0.5561117871281673,0.5643031733060268,0.32224929891551246,0.43653038170426767,0.6832493031755342,0.7757412222930338
ewma_gaussian,gaussian,invalid,252,10000,0.6060869303429146,0.6289214283583071,0.298895092899233,0.4506767605635805,0.7817823634869423,0.8719530374735113
ewma_gaussian,gaussian,invalid,504,10000,0.6789570096516447,0.7415442382426911,0.2818788908498023,0.5101821662526824,0.8936424811762993,0.9550342111431175
ewma_student_t,gaussian,valid,63,10000,0.4648269062319937,0.4619059232000035,0.27888993347149754,0.36072149418382243,0.5658765727587438,0.6564538980571741
ewma_student_t,gaussian,valid,126,10000,0.43650146071640883,0.42520927241239903,0.19302560198330318,0.2900007157284929,0.5727354166827603,0.6959946913096331
ewma_student_t,gaussian,valid,252,10000,0.38906348624629034,0.3574215322440115,0.10216978133279082,0.19372081724134807,0.562564077710186,0.731420699292975
ewma_student_t,gaussian,valid,504,10000,0.3213939825063335,0.24227125973742247,0.03208034193006919,0.08785818596627917,0.5147716408073794,0.7544013190307216
ewma_student_t,gaussian,invalid,63,10000,0.5334714306371651,0.5368853854768136,0.34406852295117146,0.4355863686766685,0.634737331897557,0.718394003967544
ewma_student_t,gaussian,invalid,126,10000,0.5604071168096851,0.5717674363381215,0.29708814745487966,0.42248851474537785,0.7069515049179869,0.8051613353552318
ewma_student_t,gaussian,invalid,252,10000,0.6116784626981001,0.6415004280120996,0.27022305998526924,0.4423176914846989,0.8084115218137391,0.8978998038370954
ewma_student_t,gaussian,invalid,504,10000,0.6845270773664217,0.7664949804723475,0.2525770996283194,0.5035561169207403,0.9138379602874199,0.9695900247139643
binary_gaussian,student_t,valid,63,10000,0.4708058986286682,0.46815213837304936,0.31895274846526733,0.38848503154973657,0.5525234386732061,0.6266740901400184
binary_gaussian,student_t,valid,126,10000,0.4435932325291764,0.4370299342058098,0.236208542192089,0.32451721209746215,0.5563333792216971,0.6611362284058476
binary_gaussian,student_t,valid,252,10000,0.3951753095092641,0.37351002780020437,0.1423528611128635,0.23315177920800498,0.5366926373771611,0.6828546658856965
binary_gaussian,student_t,valid,504,10000,0.32117081870303926,0.26326366535041157,0.05518357773418221,0.11845450760128573,0.4865846364460954,0.6898258255658768
binary_gaussian,student_t,invalid,63,10000,0.5288641253109783,0.5308824148669757,0.3753742138604429,0.4472012275795223,0.6105212393002407,0.6802643926861213
binary_gaussian,student_t,invalid,126,10000,0.5542048039485392,0.560435942310509,0.33985580428958395,0.4424949108138462,0.671856855613525,0.7578058986916631
binary_gaussian,student_t,invalid,252,10000,0.5983032068820204,0.6174619113706235,0.31056652678164354,0.45209994829182754,0.7605384363820638,0.8522743494980829
binary_gaussian,student_t,invalid,504,10000,0.671667780562394,0.728233871820289,0.30420066866381495,0.5052044872446011,0.8731318011549387,0.9413256700172855
binary_student_t,student_t,valid,63,10000,0.46370666187049453,0.46006074445401396,0.2944398250288091,0.3688744657395902,0.555703509335451,0.6349081607372185
binary_student_t,student_t,valid,126,10000,0.4305622518718582,0.42157461645328914,0.20856497220585177,0.2962367620986205,0.5535748924210728,0.6688110492805049
binary_student_t,student_t,valid,252,10000,0.375694515063085,0.3472016428799948,0.11242404990631556,0.19831238207013818,0.5303116259465748,0.6904290876087742
binary_student_t,student_t,valid,504,10000,0.2911144413372811,0.21615738040507676,0.03566691569054164,0.08603113585452711,0.4497001482624178,0.6842347349290406
binary_student_t,student_t,invalid,63,10000,0.5359105707220068,0.5395494625140107,0.3626327112696045,0.4439560611356467,0.6290873329844832,0.70427253154225
binary_student_t,student_t,invalid,126,10000,0.5662132174306986,0.5738878235389488,0.33077265378261517,0.4456136597884971,0.6983900904815452,0.7867545416189219
binary_student_t,student_t,invalid,252,10000,0.6185936762803791,0.6461592514797548,0.30497804577944926,0.46560310801375326,0.7943100580727022,0.8839895237945189
binary_student_t,student_t,invalid,504,10000,0.7004078053084911,0.7720309981284947,0.3113646477353413,0.5370049572788484,0.9065939340458304,0.9619923207833644
ewma_gaussian,student_t,valid,63,10000,0.4674271059365989,0.4628583859462597,0.2917405488643538,0.3691413214743612,0.5648789374027005,0.6505963335668811
ewma_gaussian,student_t,valid,126,10000,0.4380243550534251,0.42663491038261525,0.20207692879882067,0.29677812950774746,0.5714428386932957,0.6925541821977738
ewma_gaussian,student_t,valid,252,10000,0.3883915110335158,0.3589761114625879,0.1078789958926435,0.19914129205876108,0.5534212186623783,0.7202998325515628
ewma_gaussian,student_t,valid,504,10000,0.3150299154990325,0.23904274953250015,0.03308261078927317,0.08721416616417157,0.49759982818776705,0.7301936689831215
ewma_gaussian,student_t,invalid,63,10000,0.5316211369133682,0.535468750561569,0.3515858993084808,0.4344229516091918,0.6299804541495531,0.7082686265101977
ewma_gaussian,student_t,invalid,126,10000,0.5587866144480603,0.56770547334716,0.3051069095686101,0.42986915422999317,0.6990005589173967,0.793473876453069
ewma_gaussian,student_t,invalid,252,10000,0.6049857882038225,0.6296291344040952,0.2697737992113771,0.43466817575507005,0.7991267639225322,0.888596139084105
ewma_gaussian,student_t,invalid,504,10000,0.6784446229648274,0.753634358738977,0.2547217195932778,0.49317344296673493,0.9067986881608112,0.9642800289028928
ewma_student_t,student_t,valid,63,10000,0.4616476351175249,0.45814937524312177,0.28294299971069703,0.35954421264494874,0.559608907403715,0.6460618798182209
ewma_student_t,student_t,valid,126,10000,0.42706734799693,0.41488741659019845,0.19089196336937422,0.2824796236632712,0.5594082591760376,0.6836826348378208
ewma_student_t,student_t,valid,252,10000,0.37155852882071294,0.33644483142321524,0.09726527714064216,0.17936983612245055,0.5370752593096314,0.7117857190609589
ewma_student_t,student_t,valid,504,10000,0.2877441607985595,0.20107084360591054,0.02651680070704044,0.07157656329492178,0.4584191118660824,0.7079557922583961
ewma_student_t,student_t,invalid,63,10000,0.537816021891713,0.54280374167749,0.35124814971686136,0.438419819718226,0.6388078630169197,0.7188467596569471
ewma_student_t,student_t,invalid,126,10000,0.5691510549245863,0.5787258472977805,0.31509603858157875,0.4377237874657166,0.7111255707676183,0.8072632010968064
ewma_student_t,student_t,invalid,252,10000,0.6231389365626426,0.655759942914355,0.2864743487881111,0.4605096270739036,0.812665075930118,0.9032296546573786
ewma_student_t,student_t,invalid,504,10000,0.7046560914377171,0.7892488354454297,0.2849163672204743,0.5346299897633562,0.9213271445805098,0.9716044998386479
binary_gaussian,sv_rho098,valid,63,10000,0.471601503069504,0.4704785412322736,0.3316564943768151,0.4017360643434626,0.538240835868093,0.614107622271471
binary_gaussian,sv_rho098,valid,126,10000,0.4457276189243236,0.43919201320433293,0.2516413695161895,0.3451321997489591,0.5423404166108843,0.6410112327213771
binary_gaussian,sv_rho098,valid,252,10000,0.39919664549913814,0.37750402905117275,0.15745539625232,0.2494775741016307,0.5313818136242924,0.6767830021172163
binary_gaussian,sv_rho098,valid,504,10000,0.32431122248071864,0.2689639397943313,0.06180085738804885,0.13252330356199876,0.4773155673874862,0.6835744914782705
binary_gaussian,sv_rho098,invalid,63,10000,0.529824721903677,0.5300162077661309,0.38888847056592446,0.46446169390545056,0.5980905905728119,0.6728725346489892
binary_gaussian,sv_rho098,invalid,126,10000,0.5560693376345323,0.5625835274849144,0.35753897615520147,0.4619084217354206,0.6582076847312583,0.7443315191947212
binary_gaussian,sv_rho098,invalid,252,10000,0.6038707706571784,0.6221729540303724,0.3364709404915951,0.4730969165871903,0.7506165309859828,0.8496377741890806
binary_gaussian,sv_rho098,invalid,504,10000,0.6759954364384666,0.7292444156616947,0.3176061899029788,0.5233951449234302,0.869902031034165,0.9401712998248155
binary_student_t,sv_rho098,valid,63,10000,0.46389361671753376,0.4610735377295647,0.301418441973991,0.3747316743902458,0.5496998649577766,0.6306422999495234
binary_student_t,sv_rho098,valid,126,10000,0.43110024491909005,0.4212170933304059,0.21787225325673815,0.3066912840442081,0.546891060571473,0.6609778163407398
binary_student_t,sv_rho098,valid,252,10000,0.3739004978641388,0.3427378910180355,0.12141317736445101,0.20477520551240946,0.5200652021654466,0.678905377429895
binary_student_t,sv_rho098,valid,504,10000,0.28602103121866707,0.21260085705125203,0.038147094157898596,0.0891937311938138,0.43420904365549423,0.6674693334981034
binary_student_t,sv_rho098,invalid,63,10000,0.5387576673684489,0.5405906678236272,0.3731961693462604,0.45375936318295396,0.6281345478007334,0.7026421374657208
binary_student_t,sv_rho098,invalid,126,10000,0.5720032197603853,0.5852304063123399,0.34419950112387365,0.4550602350600258,0.698504897370452,0.7823110537427559
binary_student_t,sv_rho098,invalid,252,10000,0.6306473409497174,0.6617766560001616,0.32674782924046797,0.4881114309153124,0.7980951540727911,0.8824748176781658
binary_student_t,sv_rho098,invalid,504,10000,0.716862144454848,0.7890356255677233,0.34246248152876624,0.5717134607473704,0.9123916734634504,0.9620860128560579
ewma_gaussian,sv_rho098,valid,63,10000,0.45484433703983906,0.4540608255006583,0.263279845791355,0.35411661419888324,0.5568076648426252,0.6459921940506266
ewma_gaussian,sv_rho098,valid,126,10000,0.4096293500631344,0.4020369163695269,0.14295656528858783,0.25391047747765944,0.5548787217367213,0.6870574445856223
ewma_gaussian,sv_rho098,valid,252,10000,0.3364037028884079,0.28961381427160826,0.044421738581147084,0.1273010391147687,0.5112570045206772,0.7094073845020192
ewma_gaussian,sv_rho098,valid,504,10000,0.2375636388513738,0.126483324594246,0.005100998918819156,0.027097647370529873,0.38071723049831446,0.6773366119945662
ewma_gaussian,sv_rho098,invalid,63,10000,0.5455608246825013,0.5456717772164367,0.3591436535247037,0.4471227897689068,0.6459115453750279,0.7337871006152858
ewma_gaussian,sv_rho098,invalid,126,10000,0.5915212940531017,0.6009625778994749,0.3183721853132998,0.4466604684014843,0.7435087080610924,0.8566869680925988
ewma_gaussian,sv_rho098,invalid,252,10000,0.6641313595093868,0.7104897761872675,0.29579165003505853,0.48712317373987113,0.8740408700461892,0.9546330124525577
ewma_gaussian,sv_rho098,invalid,504,10000,0.7610609243665244,0.872035082702978,0.32614425596579305,0.617885373203346,0.9718518750050786,0.9948031988516965
ewma_student_t,sv_rho098,valid,63,10000,0.447981965175823,0.4492700326029116,0.2316855347502713,0.33306444353627235,0.5615394906596176,0.6616575783886814
ewma_student_t,sv_rho098,valid,126,10000,0.3999801431990674,0.3885515937182539,0.11427973581389281,0.22618350752332766,0.5552765716976052,0.7029981408267539
ewma_student_t,sv_rho098,valid,252,10000,0.323866310458729,0.2674167112862163,0.03120691043232581,0.10321449521323293,0.5027368813329501,0.7174885536545645
ewma_student_t,sv_rho098,valid,504,10000,0.22372653202305282,0.09715790881503894,0.002805308755730513,0.017534752987094924,0.3543633142200374,0.6823806813994849
ewma_student_t,sv_rho098,invalid,63,10000,0.5542154694394598,0.5529070812000911,0.3454970913898509,0.44079713293047323,0.6700523804973408,0.768336529145683
ewma_student_t,sv_rho098,invalid,126,10000,0.6034609672206293,0.6156544961486574,0.30501410678869334,0.44504126782768033,0.7726311918195161,0.8879956276539189
ewma_student_t,sv_rho098,invalid,252,10000,0.6795165665587117,0.7384587151899145,0.2854157297490196,0.4983985506611004,0.900225862628235,0.9697687527147659
ewma_student_t,sv_rho098,invalid,504,10000,0.7799877790145869,0.9038393601739393,0.3369420725144372,0.6569561301161287,0.9819681202044166,0.9973177484022456
binary_gaussian,jump_k5,valid,63,10000,0.4710838291132028,0.470828375891294,0.32143325590526195,0.3882457742688473,0.5494693356517186,0.6233878485125961
binary_gaussian,jump_k5,valid,126,10000,0.4444096461803495,0.4373859511649003,0.24155204442589637,0.3278428965137441,0.5548121721407699,0.6578096978619142
binary_gaussian,jump_k5,valid,252,10000,0.3985833272028581,0.3790092986394875,0.14463288368705698,0.23329428515411965,0.5472920614650741,0.6827849000102484
binary_gaussian,jump_k5,valid,504,10000,0.3255007611912002,0.2694145583324366,0.05858408449796363,0.12580316490549787,0.4919001436021866,0.689078602775778
binary_gaussian,jump_k5,invalid,63,10000,0.5286090636060207,0.5295301356502813,0.3746773282692819,0.4482580821827401,0.6112047663147412,0.681024557867088
binary_gaussian,jump_k5,invalid,126,10000,0.5562048775183315,0.5615245793402599,0.34460816763991786,0.4438989211807094,0.6725886225788192,0.7642535879326047
binary_gaussian,jump_k5,invalid,252,10000,0.6018400652276552,0.6224414096578239,0.31328785247715396,0.4547370901717222,0.7643243099459067,0.8568797520272312
binary_gaussian,jump_k5,invalid,504,10000,0.6757386832589818,0.7300538615642571,0.3060788286319116,0.516498617691628,0.878178378913819,0.9431135856595733
binary_student_t,jump_k5,valid,63,10000,0.46560071188379226,0.46412054962847066,0.2915627344431757,0.36918019888148995,0.558819545355927,0.6411347445200654
binary_student_t,jump_k5,valid,126,10000,0.43475105658457025,0.4239748177381474,0.2089933262895704,0.2981294365605387,0.5629077142361179,0.6762654919351457
binary_student_t,jump_k5,valid,252,10000,0.3842741193811859,0.3547320245708604,0.11318549188077694,0.2001330796677522,0.545353764573539,0.7102197360281771
binary_student_t,jump_k5,valid,504,10000,0.30531035227698416,0.22892214366598546,0.03808638377969502,0.09095368907025207,0.4704312347946928,0.7044202213438688
binary_student_t,jump_k5,invalid,63,10000,0.5334814646966793,0.5367535937257395,0.3546587834199067,0.43851368323764434,0.6303176946049425,0.7089198968327275
binary_student_t,jump_k5,invalid,126,10000,0.5652659801517652,0.5734074991131806,0.3216423443827095,0.4358713508948914,0.7008953116782045,0.7932959343916828
binary_student_t,jump_k5,invalid,252,10000,0.6152666206755278,0.6431894023329912,0.29482093545964894,0.4508576911843689,0.7977715407898214,0.8894737944471918
binary_student_t,jump_k5,invalid,504,10000,0.6945529572556837,0.7681469174433572,0.2891789375699904,0.5224018738450282,0.9108603269935776,0.9654958617529558
ewma_gaussian,jump_k5,valid,63,10000,0.46786523282344417,0.4654646692077725,0.29258983390208904,0.37033079512017225,0.562977752730194,0.6497352852160685
ewma_gaussian,jump_k5,valid,126,10000,0.4393490080295005,0.4294091890606488,0.20483102555453614,0.29765083212131954,0.5712596619380298,0.6932818539008868
ewma_gaussian,jump_k5,valid,252,10000,0.39062745921823344,0.3607488782987946,0.10697608336714311,0.1978310974196468,0.5622649483633144,0.7268581981655691
ewma_gaussian,jump_k5,valid,504,10000,0.31623841582951034,0.24160181431240665,0.034915993755768315,0.09060372744902861,0.4986412696072628,0.7321425280459801
ewma_gaussian,jump_k5,invalid,63,10000,0.5321791864595835,0.536363989731146,0.3492667816607447,0.4348454193336267,0.6329250451441155,0.7089299572973475
ewma_gaussian,jump_k5,invalid,126,10000,0.5628477492643734,0.5734543688342455,0.31382366338319867,0.4300479907216372,0.7028802870744247,0.8005999633379989
ewma_gaussian,jump_k5,invalid,252,10000,0.6106717130149848,0.641816550686462,0.27113858635707533,0.4417264988053892,0.8046317710054425,0.893302653173757
ewma_gaussian,jump_k5,invalid,504,10000,0.6856206014326777,0.7606730037735034,0.260300568205568,0.5061448541808613,0.9121085676875248,0.9665046668796421
ewma_student_t,jump_k5,valid,63,10000,0.46352283858056326,0.46150730693439723,0.2754355587684072,0.35834911666795743,0.5631665666023979,0.6559944731847566
ewma_student_t,jump_k5,valid,126,10000,0.4318906163237735,0.41934997636077015,0.18724228652768554,0.2837335255439399,0.5699456699483176,0.696380829038007
ewma_student_t,jump_k5,valid,252,10000,0.3805564300595825,0.34560078137423134,0.0918125269097212,0.18139098335453682,0.5558773948170271,0.7328757254108241
ewma_student_t,jump_k5,valid,504,10000,0.3023073460961333,0.21731136131331769,0.02736076277640641,0.07447115874890688,0.4826125038308511,0.7374950192629585
ewma_student_t,jump_k5,invalid,63,10000,0.5355669858863655,0.5389895731014085,0.3400953862805479,0.43283604957768196,0.6407020064635598,0.7247204089470322
ewma_student_t,jump_k5,invalid,126,10000,0.5688567730187164,0.5778424701870464,0.3050188272732081,0.43055530436275147,0.7176895302848988,0.8148594719018307
ewma_student_t,jump_k5,invalid,252,10000,0.6197272598607771,0.651612500236268,0.26968789474444077,0.4438996416178589,0.8185527198804639,0.9086330783768125
ewma_student_t,jump_k5,invalid,504,10000,0.6984539674967267,0.7882783326241729,0.2616475367952514,0.5157865376617461,0.9268850096902359,0.9748255820147484
binary_gaussian,sv_rho0,valid,63,10000,0.4715798377516416,0.4693466684433965,0.3195167103488701,0.38814219307748626,0.5538372531626494,0.6281081923997958
binary_gaussian,sv_rho0,valid,126,10000,0.4455880468231229,0.4392539506834259,0.2404478468272143,0.3296921549885662,0.5565441669402296,0.6627923725541505
binary_gaussian,sv_rho0,valid,252,10000,0.40242197725761764,0.3824285956501394,0.14678729237365098,0.24111310103207612,0.5478298522193138,0.6882731591526716
binary_gaussian,sv_rho0,valid,504,10000,0.32785175298258173,0.2749511244140517,0.0575400092860559,0.12505612366611282,0.49178745178096617,0.6935119615024952
binary_gaussian,sv_rho0,invalid,63,10000,0.532222905915566,0.533760813252691,0.37773891597282516,0.45089290454132736,0.6171005401110747,0.6845048626692888
binary_gaussian,sv_rho0,invalid,126,10000,0.5583080003494648,0.5637682271200688,0.3452495292672611,0.4469886357548265,0.6768924772091695,0.7624308637321631
binary_gaussian,sv_rho0,invalid,252,10000,0.605265307743828,0.6265481743669887,0.3198452583211733,0.4629160287801362,0.7664948211798785,0.8550352372589615
binary_gaussian,sv_rho0,invalid,504,10000,0.6793959943066161,0.7370537473955703,0.3149570814298793,0.519988502041963,0.8747649879267765,0.9428584705334135
binary_student_t,sv_rho0,valid,63,10000,0.46369753416140536,0.4613376967089794,0.30051667184866904,0.3737875669043472,0.5515139029941103,0.6309126394946328
binary_student_t,sv_rho0,valid,126,10000,0.43058714090445355,0.4212696260407934,0.2173166524722733,0.30507620623038423,0.5474627482788593,0.6603333278957062
binary_student_t,sv_rho0,valid,252,10000,0.3753042972470115,0.34969888472394084,0.11982861819070878,0.20586189594521703,0.5198812612258401,0.674018556734582
binary_student_t,sv_rho0,valid,504,10000,0.2859334079660488,0.21594828141413674,0.038375602087290885,0.09092438523420011,0.4333833435919312,0.6564669032289784
binary_student_t,sv_rho0,invalid,63,10000,0.5404481673176784,0.5424358789119603,0.37615511291472115,0.4543664776366676,0.6301686457973771,0.7006670736070774
binary_student_t,sv_rho0,invalid,126,10000,0.5729631298417571,0.5815245354110539,0.3442036047728961,0.4551866148919933,0.7004185624252041,0.7854779345371431
binary_student_t,sv_rho0,invalid,252,10000,0.6306732308710812,0.6620568601506742,0.33080563944686847,0.4835845575227389,0.7973685951732583,0.8834125070983538
binary_student_t,sv_rho0,invalid,504,10000,0.7193179599625362,0.7921513562868777,0.35329136160096164,0.5789677639006106,0.9097100564708951,0.9630323178793108
ewma_gaussian,sv_rho0,valid,63,10000,0.4682038671102695,0.4665476831458693,0.2861823495490075,0.3641714269149261,0.5687269324813484,0.6557743322256829
ewma_gaussian,sv_rho0,valid,126,10000,0.43924612650334854,0.42788120643658245,0.19751973669126105,0.2933978403663855,0.574604860384384,0.7009100154579273
ewma_gaussian,sv_rho0,valid,252,10000,0.39368635395293483,0.3638477966498857,0.10324280634355286,0.19890254803444118,0.566514275787348,0.7381930180851123
ewma_gaussian,sv_rho0,valid,504,10000,0.31995347740232066,0.2394945010797422,0.03273717071150107,0.08676178839130601,0.5129019519930391,0.7535885731608368
ewma_gaussian,sv_rho0,invalid,63,10000,0.5351655671473597,0.5379020905990881,0.35115801107728356,0.43506604858355646,0.637676073239357,0.7172308180491127
ewma_gaussian,sv_rho0,invalid,126,10000,0.5633487184338508,0.5729578991879285,0.30362371483060224,0.4294346451618162,0.7078426637952966,0.8020673857119401
ewma_gaussian,sv_rho0,invalid,252,10000,0.6124108513162267,0.6440252525118428,0.2700587392709563,0.44058606758416435,0.8065242663646364,0.896594786193275
ewma_gaussian,sv_rho0,invalid,504,10000,0.6877724023631306,0.7684804334023005,0.25705809203052116,0.5070104677249238,0.914926706703656,0.968374957039782
ewma_student_t,sv_rho0,valid,63,10000,0.4612945533626949,0.45885734153778335,0.28283806119875227,0.3641281595914361,0.5558557438169573,0.6419425152702118
ewma_student_t,sv_rho0,valid,126,10000,0.4261566108909395,0.41283577498333834,0.1945524829545284,0.2875297976652881,0.5544998850388484,0.6768358672775474
ewma_student_t,sv_rho0,valid,252,10000,0.3688632790727246,0.33427158994719897,0.09765607471953781,0.1826777511296897,0.5284680493202734,0.6984990672682411
ewma_student_t,sv_rho0,valid,504,10000,0.2800820562067102,0.19640103026035682,0.026779673078829915,0.0723881649355362,0.4384068821848848,0.6819127310605257
ewma_student_t,sv_rho0,invalid,63,10000,0.5424941828923288,0.545686724099726,0.3625568219156909,0.4484991664521174,0.6380716863476718,0.7173600467281189
ewma_student_t,sv_rho0,invalid,126,10000,0.5766635294815629,0.5899043294050745,0.3291799015452852,0.4465461282859314,0.715237163117841,0.8065498671573298
ewma_student_t,sv_rho0,invalid,252,10000,0.636237079365595,0.6722987419138562,0.30579215147940864,0.4766382218488536,0.8207016253890045,0.9037974971165252
ewma_student_t,sv_rho0,invalid,504,10000,0.7262291433415847,0.8098581494936821,0.3287288960531743,0.5805082914114514,0.9298324143039323,0.9740365183799969
binary_gaussian,sv_rho090,valid,63,5000,0.46817869303953613,0.4673163715707334,0.32001345781197793,0.38977148394510397,0.5450163553284177,0.6158758787435745
binary_gaussian,sv_rho090,valid,126,5000,0.4420174693685377,0.43719050431385287,0.23801650122973192,0.3266166144557867,0.5502168451342943,0.6516918065836483
binary_gaussian,sv_rho090,valid,252,5000,0.39436240826891794,0.37616794125338204,0.13806294501771973,0.23292580341897953,0.5375441955181125,0.6784318228172143
binary_gaussian,sv_rho090,valid,504,5000,0.317064010807933,0.25694211983479265,0.05426965900430077,0.11826317345308732,0.47691544063319047,0.6861290830938455
binary_gaussian,sv_rho090,invalid,63,5000,0.5277964753008061,0.5302655975870736,0.3780198916025075,0.4516255673143349,0.6048269853072719,0.674724428798247
binary_gaussian,sv_rho090,invalid,126,5000,0.5525196849597419,0.5593987539417342,0.34225000826618523,0.4438421142263908,0.6663470846036338,0.7535945935282232
binary_gaussian,sv_rho090,invalid,252,5000,0.5999478529912032,0.6225893142718357,0.32131948141849653,0.4557810995899149,0.763066034225227,0.8500365171256007
binary_gaussian,sv_rho090,invalid,504,5000,0.6743855997021231,0.7321037570692929,0.2997862623769483,0.5105645389231717,0.8754899615077215,0.942706086483154
binary_student_t,sv_rho090,valid,63,5000,0.4597148025841834,0.45610360939892813,0.2993489852722862,0.3709017275886591,0.5442438637150557,0.6250162638738623
binary_student_t,sv_rho090,valid,126,5000,0.4262519636403372,0.4156367577984543,0.2158318321038136,0.2977354594075047,0.5419828274842681,0.6563481539319899
binary_student_t,sv_rho090,valid,252,5000,0.36889315590213384,0.34386281722807205,0.10907328417965076,0.19953943004866287,0.508830914660128,0.6748080845034723
binary_student_t,sv_rho090,valid,504,5000,0.277670747975739,0.20519687472170425,0.03706519817004602,0.08556027230678775,0.4204366962252596,0.6490573500478445
binary_student_t,sv_rho090,invalid,63,5000,0.5350854338918932,0.5380163884152711,0.3700204058277902,0.4468639175942156,0.6226613928097787,0.6986144440835015
binary_student_t,sv_rho090,invalid,126,5000,0.5680496261880651,0.57865574979482,0.34098869807846266,0.4465964324831328,0.6954929953049462,0.7814753256851931
binary_student_t,sv_rho090,invalid,252,5000,0.6262377601433001,0.6585474114540946,0.3228502714683548,0.47337017385818553,0.7973339369615746,0.8821070263893107
binary_student_t,sv_rho090,invalid,504,5000,0.7156877135271796,0.7829698881181559,0.34658647565641243,0.5674149980310172,0.9130072585788581,0.9614841064202767
ewma_gaussian,sv_rho090,valid,63,5000,0.45907266123320667,0.4552260027126369,0.2743062043871244,0.3573995290914581,0.5583099413663879,0.6442120664528811
ewma_gaussian,sv_rho090,valid,126,5000,0.4234447246051454,0.41438406688202534,0.17239599873752878,0.2735207647454085,0.564876397799408,0.6919188658377095
ewma_gaussian,sv_rho090,valid,252,5000,0.36422210644631053,0.32351521512203096,0.0727348990114684,0.15673160892124025,0.5462155222662827,0.7275608745796106
ewma_gaussian,sv_rho090,valid,504,5000,0.2770410316755823,0.1736721611592456,0.01643871562137754,0.05201820553514123,0.4600648321903813,0.713533471378859
ewma_gaussian,sv_rho090,invalid,63,5000,0.5374231997629174,0.5373669511450683,0.35061414441159555,0.4392874856774862,0.639468971022295,0.7217032820621067
ewma_gaussian,sv_rho090,invalid,126,5000,0.5740856988813281,0.5837065180911736,0.3035404599051593,0.432989883089942,0.7267275307751859,0.824873080915418
ewma_gaussian,sv_rho090,invalid,252,5000,0.6334187720088523,0.6765680074363893,0.2685157464439113,0.4535824901412256,0.8368673813572736,0.9219563473525374
ewma_gaussian,sv_rho090,invalid,504,5000,0.7213604860658667,0.8224541411180712,0.27826649854263097,0.5510431276431489,0.9441103076839475,0.9811915686724333
ewma_student_t,sv_rho090,valid,63,5000,0.4511799815741742,0.4477656363789569,0.25999586558623805,0.3465177713568641,0.5521715608629615,0.6472886389833397
ewma_student_t,sv_rho090,valid,126,5000,0.4093949042022052,0.3970007022242785,0.1584683714659937,0.2554230384368384,0.550614582705406,0.6811940388245551
ewma_student_t,sv_rho090,valid,252,5000,0.34222940171500443,0.29561894979926095,0.059571039348628625,0.1400109113076457,0.5139500676192685,0.7094840078510577
ewma_student_t,sv_rho090,valid,504,5000,0.24411585552911957,0.13823082923516916,0.011846923565018236,0.03974609562631481,0.3863099106721909,0.6717039573600396
ewma_student_t,sv_rho090,invalid,63,5000,0.5442227558715935,0.5454929217975184,0.3496442281777335,0.4374679701455639,0.6510015408037843,0.7382123177684106
ewma_student_t,sv_rho090,invalid,126,5000,0.5864207431565668,0.5993520227314455,0.3133944306493902,0.4435106833251931,0.7413276787058535,0.8383451691824462
ewma_student_t,sv_rho090,invalid,252,5000,0.6543202984429607,0.7075922828464544,0.2890521657208122,0.478436274265622,0.860951181707762,0.9357595759582431
ewma_student_t,sv_rho090,invalid,504,5000,0.7515911817342871,0.8565277313239181,0.32158207505449143,0.6105951518701495,0.9571945680198669,0.9883018900122735
binary_gaussian,sv_amp15,valid,63,5000,0.4657728928935166,0.46599103003833686,0.33945648768918774,0.4133963752069288,0.5202462478515651,0.5866189900206463
binary_gaussian,sv_amp15,valid,126,5000,0.4385109439129572,0.43656011554219576,0.25993014925489905,0.3576556918336652,0.5169155184921105,0.6077006906558761
binary_gaussian,sv_amp15,valid,252,5000,0.3902635560670751,0.3764075725290529,0.16566958904678158,0.26310629899119464,0.4979290757071313,0.6358496663303372
binary_gaussian,sv_amp15,valid,504,5000,0.3147882896458327,0.26770780158171603,0.06811760271707416,0.13880569400283807,0.44681998180196414,0.647290478116458
binary_gaussian,sv_amp15,invalid,63,5000,0.5285049487510082,0.5287304840545144,0.4124220284068265,0.47724254926322685,0.5817005155326908,0.6502856186688603
binary_gaussian,sv_amp15,invalid,126,5000,0.5549215700834573,0.5594158004056998,0.37897329360646337,0.4757843124098261,0.6408438909731143,0.7255619592317553
binary_gaussian,sv_amp15,invalid,252,5000,0.5992023672918244,0.6143838040478553,0.33900283160099476,0.48805183583291445,0.7338267105715666,0.8333185960504257
binary_gaussian,sv_amp15,invalid,504,5000,0.6761432039217634,0.7236094270580101,0.33207059414003487,0.5372158241455001,0.8565259182974091,0.9328581726597825
binary_student_t,sv_amp15,valid,63,5000,0.4535215367422583,0.4493181974772456,0.3133193492604061,0.3802059373029322,0.5247841830473143,0.5974647242874854
binary_student_t,sv_amp15,valid,126,5000,0.41463602160272683,0.4051672873316416,0.232192279397651,0.30905548720878845,0.5071008517874164,0.6114417082322696
binary_student_t,sv_amp15,valid,252,5000,0.3464921751215464,0.32010457764567257,0.12799036591397603,0.20455004292643136,0.46076079752013394,0.611238430587594
binary_student_t,sv_amp15,valid,504,5000,0.24628576441626632,0.1832989076380572,0.04106591876555084,0.08760312028068366,0.3549940227072545,0.5577718431282569
binary_student_t,sv_amp15,invalid,63,5000,0.5416388969306195,0.5455386857613789,0.400003586256547,0.47585168694304336,0.6115458638405569,0.6767097264741294
binary_student_t,sv_amp15,invalid,126,5000,0.5793075532199562,0.5905221835017885,0.3794765832732472,0.4850182799438586,0.6824147454268648,0.7629510104073111
binary_student_t,sv_amp15,invalid,252,5000,0.643127348041915,0.67331630509532,0.37317246886658273,0.5210916870990414,0.7902508787995082,0.8663790708810097
binary_student_t,sv_amp15,invalid,504,5000,0.7440258951305093,0.8059086520722087,0.4185646976213001,0.6285091839507317,0.9097726234573269,0.95562057658614
ewma_gaussian,sv_amp15,valid,63,5000,0.42816626965348525,0.42761582000788634,0.21948796203922408,0.3162907763074174,0.5397403214521255,0.6308431468851102
ewma_gaussian,sv_amp15,valid,126,5000,0.3501630456030915,0.33134389715286117,0.050622779491790115,0.16330382459828033,0.5136919994373862,0.67309375907086
ewma_gaussian,sv_amp15,valid,252,5000,0.24994787747489564,0.1523372856435725,0.0021973122964516665,0.0293782658887458,0.412872353117294,0.6639158647473599
ewma_gaussian,sv_amp15,valid,504,5000,0.13611861859285954,0.018649511138895535,1.894049947657217e-05,0.0007805751796134589,0.15172607167232907,0.5012382936972449
ewma_gaussian,sv_amp15,invalid,63,5000,0.5669156206366959,0.5686507884983873,0.364036080466015,0.4583899800998429,0.6788900383989827,0.7690866917737198
ewma_gaussian,sv_amp15,invalid,126,5000,0.641319642901683,0.6517137203773498,0.3222254215391819,0.47227401799433044,0.8322353546059901,0.9446111016112415
ewma_gaussian,sv_amp15,invalid,252,5000,0.7407544950001647,0.8339047302420661,0.3202325857500763,0.5730892852118663,0.9651346780762313,0.9968460387700704
ewma_gaussian,sv_amp15,invalid,504,5000,0.8554126825615864,0.9782868668824252,0.4640699130494949,0.8336252295896065,0.9989596679453574,0.9999797516887491
ewma_student_t,sv_amp15,valid,63,5000,0.40988297828631615,0.4150814455598153,0.1682786973851213,0.28226766250865937,0.5362876812656407,0.6379676701034058
ewma_student_t,sv_amp15,valid,126,5000,0.32627049579513767,0.30330541642224634,0.029687591277032147,0.12503817001768777,0.49328225814964416,0.6591649866560073
ewma_student_t,sv_amp15,valid,252,5000,0.22086268360092717,0.11920160345506062,0.0008529008103458051,0.017548846840151185,0.3626657559528888,0.6208932119143423
ewma_student_t,sv_amp15,valid,504,5000,0.10774573928789451,0.00872641173945108,2.9334803819133677e-06,0.00024816856733734914,0.09477261307867305,0.39546689298637255
ewma_student_t,sv_amp15,invalid,63,5000,0.5846802860739247,0.581864286002588,0.3592455783402638,0.46073863487705446,0.7119405016290702,0.8208091962912599
ewma_student_t,sv_amp15,invalid,126,5000,0.6635136182520939,0.6859337211331159,0.3382479320014643,0.48884153964265437,0.8657961272151387,0.9658909498229928
ewma_student_t,sv_amp15,invalid,252,5000,0.7679538987036071,0.8665782393230635,0.3620442493626439,0.6204569922492063,0.9800640750968834,0.9987588302999051
ewma_student_t,sv_amp15,invalid,504,5000,0.8825060952184133,0.9894898195284103,0.5431274215082631,0.8916208134350219,0.9996209147420919,0.9999959016432658
binary_gaussian,jump_k8,valid,63,5000,0.46862468355588005,0.46676723482030685,0.3222216258219507,0.39136891649366345,0.5442544812471383,0.6167753225460878
binary_gaussian,jump_k8,valid,126,5000,0.4456084813249866,0.4396781283200931,0.24588228091738243,0.334193278464007,0.549396008303377,0.6564541219474576
binary_gaussian,jump_k8,valid,252,5000,0.39640423970825805,0.3751094801630102,0.14585021130313727,0.2363865148693154,0.5361596640399076,0.6807657215281794
binary_gaussian,jump_k8,valid,504,5000,0.3211950385876898,0.264197013896587,0.05828902055986433,0.12742858797151152,0.4798008842229786,0.6757958266149703
binary_gaussian,jump_k8,invalid,63,5000,0.5285792031331605,0.5296435779332151,0.37605048776308597,0.4528969218498203,0.604473984873252,0.6750338656157874
binary_gaussian,jump_k8,invalid,126,5000,0.5530080018121704,0.5555531821819225,0.3417681491324152,0.446243950597672,0.6668639019705402,0.7534796398877265
binary_gaussian,jump_k8,invalid,252,5000,0.6001039717800082,0.6216278848365905,0.3183914205389691,0.4570736043139004,0.7578044772711071,0.8487457005230311
binary_gaussian,jump_k8,invalid,504,5000,0.6730626717345366,0.7316858506160184,0.3028533954173999,0.505139993101249,0.8736346115567061,0.9385248999602472
binary_student_t,jump_k8,valid,63,5000,0.45988693040322387,0.45376408252853545,0.29538218354610984,0.3699304834008461,0.5482801038543084,0.6331371335439462
binary_student_t,jump_k8,valid,126,5000,0.4293276219004667,0.4206330036707997,0.21379578527551338,0.3010767057280601,0.5439798525886088,0.6616641836442686
binary_student_t,jump_k8,valid,252,5000,0.36862721376679397,0.3357035316041904,0.11223041956208928,0.19876586129357307,0.5160300937376292,0.6801332150037204
binary_student_t,jump_k8,valid,504,5000,0.283068292364242,0.21518553895705006,0.03564679840158764,0.08741285856134945,0.4229536814541991,0.651789157350838
binary_student_t,jump_k8,invalid,63,5000,0.5357770217079146,0.5377780698939734,0.36630503102728024,0.4458518238220955,0.6274916772932442,0.7035184267226997
binary_student_t,jump_k8,invalid,126,5000,0.5673876038703721,0.576964583892967,0.33120812513839953,0.4473223992794,0.6950011269313378,0.7844381146435468
binary_student_t,jump_k8,invalid,252,5000,0.6245742143380532,0.6510425485544261,0.31953850954006613,0.47366015503773173,0.7988600908822568,0.8810258037518696
binary_student_t,jump_k8,invalid,504,5000,0.7101996404164557,0.785921640393374,0.3215764247309256,0.5566547053562153,0.9114619677101343,0.9630513636958935
ewma_gaussian,jump_k8,valid,63,5000,0.46122977960294936,0.4521715715739507,0.26757983324791795,0.3491834157209277,0.5691007511758659,0.6688049196372109
ewma_gaussian,jump_k8,valid,126,5000,0.4334824097116829,0.4172008573733835,0.17067696407640914,0.26686658764870963,0.5835681098887079,0.729648209757061
ewma_gaussian,jump_k8,valid,252,5000,0.37927261996311545,0.33262413218225473,0.07452343215093057,0.15993106908215987,0.5744173320933,0.7600413416594789
ewma_gaussian,jump_k8,valid,504,5000,0.3014590686967178,0.19717135523694496,0.017772484389899628,0.061070316158998245,0.4980023338198917,0.7618589050729704
ewma_gaussian,jump_k8,invalid,63,5000,0.5348450832683839,0.5412711826284826,0.3313193268206964,0.42850695404889727,0.6447594496836512,0.7294604441028185
ewma_gaussian,jump_k8,invalid,126,5000,0.5663435046811605,0.5803315029113361,0.2766398589472387,0.414209315468707,0.7307195327579616,0.830706672185243
ewma_gaussian,jump_k8,invalid,252,5000,0.6199110613539196,0.6705608901253611,0.22969133486766216,0.4236949809262737,0.839913107098426,0.9227135654954336
ewma_gaussian,jump_k8,invalid,504,5000,0.6922455168617844,0.800328451108616,0.20458858536043684,0.4874544337751324,0.9418052099803945,0.9805457560710531
ewma_student_t,jump_k8,valid,63,5000,0.45466799800980495,0.44847717554853395,0.25943596205797687,0.34724861328438666,0.558377718821774,0.6536744757199281
ewma_student_t,jump_k8,valid,126,5000,0.4211525766008923,0.407358081782243,0.16612847381669824,0.267081523853726,0.5623290511212506,0.701126487614428
ewma_student_t,jump_k8,valid,252,5000,0.35815518783942346,0.31185570358699777,0.07091711692312101,0.15131962051985245,0.5371419656671327,0.7319972241754079
ewma_student_t,jump_k8,valid,504,5000,0.2718879856938229,0.17355288859360374,0.016521239194570488,0.05274889835527487,0.4315239213031274,0.7138713404171105
ewma_student_t,jump_k8,invalid,63,5000,0.5399694187078978,0.5414716448240593,0.3375017650988501,0.4366237352279272,0.6485252837703971,0.7397124252293605
ewma_student_t,jump_k8,invalid,126,5000,0.5758887433407122,0.593476824893195,0.2960631158277753,0.4314450505195761,0.730020307497047,0.8315327171315784
ewma_student_t,jump_k8,invalid,252,5000,0.6365958704450057,0.6818555889278564,0.2663282360918264,0.45726809403651764,0.8400600962949091,0.9229651037464116
ewma_student_t,jump_k8,invalid,504,5000,0.719733506305499,0.8233786008954328,0.2688536308366542,0.5516778098335731,0.946884314443536,0.9830009583112563
