scenario,method,arm,far_target,threshold,first_eligible_day,far_alarms,far_lo,far_hi,in_stage2c_coverage,far_d63,detect_d63,detect_d63_lo,detect_d63_hi,far_d126,detect_d126,detect_d126_lo,detect_d126_hi,far_d252,detect_d252,detect_d252_lo,detect_d252_hi,far_d504,detect_d504,detect_d504_lo,detect_d504_hi,trunc_mean_detect_days,trunc_mean_detect_se,median_detect_days,median_detect_note,undetected_at_H,n_test_valid,n_test_invalid
gaussian_ctrl,binary_gaussian,diagnostic,0.05,-2.0189450034021927,1,440,0.040152272336549465,0.04819793417750757,True,0.0,0.0,0.0,0.00038399837067659573,0.0018,0.0106,0.008772350992874956,0.012803506612343295,0.0135,0.1039,0.09807086253470189,0.11003334097454813,0.044,0.35,0.3407107849472953,0.35940441456390754,439.7595,1.0779685559401813,,not reached within 504d,0.65,10000,10000
gaussian_ctrl,binary_student_t,diagnostic,0.05,-2.4882649287138916,1,423,0.03852772656784895,0.046423785540668394,True,0.0,0.0,0.0,0.00038399837067659573,0.001,0.0064,0.005015442801028862,0.008163640390503074,0.0118,0.0877,0.08231320933706052,0.09340343571939941,0.0423,0.3223,0.3132097092827907,0.3315267637381476,447.3102,1.0152626622817085,,not reached within 504d,0.6777,10000,10000
gaussian_ctrl,trailing_sharpe_252,diagnostic,0.05,-1.5426326928227332,252,439,0.04005666463531619,0.04809361867841499,True,0.0,0.0,0.0,0.00038399837067659573,0.0,0.0,0.0,0.00038399837067659573,0.0045,0.0638,0.059175411817862796,0.06875958836071547,0.0439,0.2897,0.28089124601182425,0.2986702637028823,455.7026,0.8720283932739045,,not reached within 504d,0.7102999999999999,10000,10000
gaussian_ctrl,known_vol_rolling_252,diagnostic,0.05,-1.5400814008690076,252,446,0.04072603677221204,0.0488237089438002,True,0.0,0.0,0.0,0.00038399837067659573,0.0,0.0,0.0,0.00038399837067659573,0.0045,0.0636,0.058982483333002836,0.0685526704449237,0.0446,0.2898,0.2809902997942909,0.29877113312074144,455.5783,0.8733892991088108,,not reached within 504d,0.7101999999999999,10000,10000
gaussian_ctrl,ewma_gaussian,diagnostic,0.05,-2.240686187116846,1,442,0.0403435047015169,0.048406548213191875,True,0.0,0.0,0.0,0.00038399837067659573,0.0013,0.0077,0.006165744043271591,0.009612340752496585,0.0118,0.093,0.08746286373620066,0.09884971093753009,0.0442,0.3294,0.3202553061381045,0.3386757141059703,444.6772,1.035094006347345,,not reached within 504d,0.6706,10000,10000
gaussian_ctrl,ewma_student_t,diagnostic,0.05,-2.6224331314416314,1,414,0.03766836746394034,0.04548383584164423,True,0.0,0.0001,1.765267360112231e-05,0.0005662688974013381,0.001,0.0058,0.004489676579576177,0.007489867410000569,0.011,0.0819,0.076684721274765,0.08743637816279476,0.0414,0.3093,0.300315619413292,0.318430837565284,450.1547,0.9910245353945458,,not reached within 504d,0.6907,10000,10000
gaussian_ctrl,binary_gaussian,diagnostic,0.15,-1.3855392797324528,1,1374,0.13079154559496972,0.14428693002344492,True,0.003,0.0091,0.0074181785377802605,0.01115883106255002,0.0231,0.0861,0.08075976788838678,0.09175810596285928,0.0705,0.2912,0.2823771077383787,0.30018324998121576,0.1374,0.5578,0.5480455282758712,0.5675100815124785,366.4387,1.5193407003853299,433,,0.44220000000000004,10000,10000
gaussian_ctrl,binary_student_t,diagnostic,0.15,-1.6960263956623136,1,1384,0.13177059442962216,0.1453071131920511,True,0.0021,0.0067,0.00527963331754198,0.00849921947496755,0.0197,0.0769,0.07183895992246529,0.08228597949880125,0.0721,0.2742,0.26554435542895904,0.2830290582352384,0.1384,0.5383,0.5285161308922501,0.5480544548325561,373.6138,1.495745770676638,459,,0.4617,10000,10000
gaussian_ctrl,trailing_sharpe_252,diagnostic,0.15,-1.0154360614436155,252,1372,0.13059575018587788,0.14408287903188505,True,0.0,0.0,0.0,0.00038399837067659573,0.0,0.0,0.0,0.00038399837067659573,0.021,0.1542,0.14725467911898385,0.16141089415417606,0.1372,0.5193,0.5095019498307741,0.5290832278321177,410.8478,1.0651015480444879,487,,0.4807,10000,10000
gaussian_ctrl,known_vol_rolling_252,diagnostic,0.15,-1.004374440620404,252,1385,0.13186850586777127,0.14540912495422792,True,0.0,0.0,0.0,0.00038399837067659573,0.0,0.0,0.0,0.00038399837067659573,0.0215,0.1544,0.14745085379944609,0.1616145658743656,0.1385,0.5233,0.5135037547508811,0.5330783509250453,410.1496,1.0670172138055956,484,,0.4767,10000,10000
gaussian_ctrl,ewma_gaussian,diagnostic,0.15,-1.5308351519920633,1,1390,0.1323580808483827,0.14591916597524585,True,0.0016,0.0068,0.005367876155841787,0.008610899836993606,0.0224,0.0782,0.07309825843498588,0.08362568259051689,0.0731,0.2802,0.27148355220885045,0.2890852534748989,0.139,0.5484,0.5386294711408608,0.5581333578168577,370.6898,1.5016326939936968,445,,0.4516,10000,10000
gaussian_ctrl,ewma_student_t,diagnostic,0.15,-1.7872861324693337,1,1390,0.1323580808483827,0.14591916597524585,True,0.0021,0.0064,0.005015442801028862,0.008163640390503074,0.02,0.0733,0.0683539844864231,0.0785737197231123,0.0726,0.2666,0.258024228571699,0.2753550218677328,0.139,0.5298,0.5200080293729129,0.5395690843241948,376.2644,1.482365687024294,467,,0.47019999999999995,10000,10000
gaussian_ctrl,binary_gaussian,transfer,0.05,-2.2248819931017287,1,290,0.02588757891009469,0.03247414755508266,True,0.0,0.0,0.0,0.00038399837067659573,0.0008,0.0044,0.0032794410394017762,0.0059011781456128655,0.0079,0.0694,0.06458264430323601,0.07454805509359066,0.029,0.2898,0.2809902997942909,0.29877113312074144,455.4128,0.9364535728723634,,not reached within 504d,0.7101999999999999,10000,10000
gaussian_ctrl,binary_student_t,transfer,0.05,-2.52088337439814,1,393,0.03566516949826361,0.043288646600477806,True,0.0,0.0,0.0,0.00038399837067659573,0.001,0.0056,0.004315267073552004,0.007264430515373014,0.0108,0.0841,0.07881876556228841,0.08970064428244036,0.0393,0.315,0.30596816679648997,0.3241739126006603,449.0185,1.0003737054371495,,not reached within 504d,0.685,10000,10000
gaussian_ctrl,trailing_sharpe_252,transfer,0.05,-1.6112741416431058,252,359,0.03242822725070218,0.039728200036959836,True,0.0,0.0,0.0,0.00038399837067659573,0.0,0.0,0.0,0.00038399837067659573,0.004,0.0557,0.05137322611668911,0.0603679948354941,0.0359,0.2652,0.2566392962441319,0.2739410293907378,460.15,0.8401083193248475,,not reached within 504d,0.7348,10000,10000
gaussian_ctrl,known_vol_rolling_252,transfer,0.05,-1.7610918106628506,252,248,0.021929562215162172,0.02803538983632886,True,0.0,0.0,0.0,0.00038399837067659573,0.0,0.0,0.0,0.00038399837067659573,0.003,0.0411,0.03738202482749099,0.04517040887711597,0.0248,0.2101,0.20222758828178897,0.2181950539735293,469.4843,0.7625572140511623,,not reached within 504d,0.7899,10000,10000
gaussian_ctrl,ewma_gaussian,transfer,0.05,-2.716929175661829,1,172,0.014830880567997445,0.01993990825872787,True,0.0,0.0,0.0,0.00038399837067659573,0.0001,0.0007,0.0003391263316879597,0.0014443344412696886,0.0033,0.0341,0.030718029353498766,0.03783978032829767,0.0172,0.2159,0.2079457257436349,0.22407246213058352,472.6015,0.7369520334492337,,not reached within 504d,0.7841,10000,10000
gaussian_ctrl,ewma_student_t,transfer,0.05,-2.9295472492107932,1,248,0.021929562215162172,0.02803538983632886,True,0.0,0.0,0.0,0.00038399837067659573,0.0004,0.0018,0.0011389279915130562,0.0028436879850291027,0.0062,0.0497,0.04561074273117131,0.05413508620146002,0.0248,0.2424,0.23410081666426108,0.2508970192963115,466.0203,0.8255374491802294,,not reached within 504d,0.7576,10000,10000
gaussian_ctrl,binary_gaussian,transfer,0.15,-1.401444376765194,1,1347,0.1281487160047896,0.14153183320482665,True,0.0029,0.0079,0.006343878268779697,0.00983405292764021,0.0216,0.0811,0.07590898762851074,0.08661272620644213,0.0682,0.2846,0.2758402022760963,0.2935252242219911,0.1347,0.5522,0.5424355384046319,0.5619243721654695,369.2087,1.5063551457121596,440,,0.4478,10000,10000
gaussian_ctrl,binary_student_t,transfer,0.15,-1.7093797208677135,1,1359,0.12932319758077757,0.1427564300327491,True,0.002,0.0064,0.005015442801028862,0.008163640390503074,0.0189,0.0746,0.0696120472226823,0.07991465859108934,0.0699,0.2697,0.26109125865985083,0.2784856109896827,0.1359,0.534,0.5242116762324504,0.5437622118783437,375.4046,1.4881011841932792,465,,0.46599999999999997,10000,10000
gaussian_ctrl,trailing_sharpe_252,transfer,0.15,-1.0216678503228327,252,1360,0.12942107897738253,0.14285847183647005,True,0.0,0.0,0.0,0.00038399837067659573,0.0,0.0,0.0,0.00038399837067659573,0.0206,0.1531,0.14617579285404272,0.1602906252155327,0.136,0.5168,0.507001140819807,0.5265859568349385,411.4009,1.0638468662991367,489,,0.48319999999999996,10000,10000
gaussian_ctrl,known_vol_rolling_252,transfer,0.15,-1.0138173399256876,252,1370,0.13039995958322761,0.1438788232338836,True,0.0,0.0,0.0,0.00038399837067659573,0.0,0.0,0.0,0.00038399837067659573,0.0209,0.1532,0.1462738681987124,0.16039247307118887,0.137,0.5199,0.5101021805041154,0.5296825363607317,410.8638,1.0654226567422667,487,,0.48009999999999997,10000,10000
gaussian_ctrl,ewma_gaussian,transfer,0.15,-1.7486128807272068,1,980,0.09232618158514345,0.10398255310488054,True,0.0004,0.0014,0.000834162028874972,0.002348761146363729,0.0087,0.0398,0.03614186338857826,0.04381156871179247,0.0423,0.208,0.20015782502977134,0.21606643001870376,0.098,0.4815,0.4717158721937645,0.49129833574595044,397.9168,1.3613708608744657,,not reached within 504d,0.5185,10000,10000
gaussian_ctrl,ewma_student_t,transfer,0.15,-1.8676400867598089,1,1244,0.11807525100321868,0.13101320857283358,True,0.001,0.0044,0.0032794410394017762,0.0059011781456128655,0.0158,0.0598,0.05531946812109357,0.06461860404445009,0.0602,0.2428,0.2344959584034783,0.2513015703583977,0.1244,0.5069,0.49710034487245447,0.5166943559500303,385.475,1.4393332225417959,495,,0.4931,10000,10000
jump_ctrl,binary_gaussian,diagnostic,0.05,-2.071947215366232,1,398,0.03614186338857826,0.04381156871179247,True,0.0,0.0002,5.484892732085772e-05,0.0007289958440074673,0.001,0.0084,0.006790405766700767,0.01038714143134846,0.0124,0.0847,0.07940097150064285,0.09031797754604112,0.0398,0.3268,0.3176749503926015,0.33605806664300075,446.7681,1.0158446565669514,,not reached within 504d,0.6732,10000,10000
jump_ctrl,binary_student_t,diagnostic,0.05,-2.333632919559996,1,433,0.03948313833238368,0.04746760577939231,True,0.0,0.0002,5.484892732085772e-05,0.0007289958440074673,0.001,0.0098,0.008048716055211168,0.011927755947400165,0.0129,0.1032,0.09738896767995,0.10931577342701893,0.0433,0.3611,0.35174090536386826,0.3705657693835056,439.0073,1.0739284691759925,,not reached within 504d,0.6389,10000,10000
jump_ctrl,trailing_sharpe_252,diagnostic,0.05,-1.547294102038262,252,410,0.037286589733032234,0.04506592077124887,True,0.0,0.0,0.0,0.00038399837067659573,0.0,0.0,0.0,0.00038399837067659573,0.0056,0.0598,0.05531946812109357,0.06461860404445009,0.041,0.2904,0.2815846334959533,0.2993763386210342,456.5236,0.8634194308766518,,not reached within 504d,0.7096,10000,10000
jump_ctrl,known_vol_rolling_252,diagnostic,0.05,-1.573578583085356,252,408,0.03709573835131741,0.04485692575231197,True,0.0,0.0,0.0,0.00038399837067659573,0.0,0.0,0.0,0.00038399837067659573,0.0051,0.0565,0.05214271094253023,0.0611978956122599,0.0408,0.2732,0.2645546812471168,0.28201950041382207,459.6082,0.8428259279533841,,not reached within 504d,0.7268,10000,10000
jump_ctrl,ewma_gaussian,diagnostic,0.05,-2.520719384056943,1,417,0.037954765678807054,0.0457972072277551,True,0.0,0.0,0.0,0.00038399837067659573,0.0006,0.0051,0.003881311083561614,0.00669877050373408,0.0109,0.0798,0.07464874952428152,0.08527396270643509,0.0417,0.3128,0.30378629246213346,0.32195747652784784,449.5869,0.987799179773377,,not reached within 504d,0.6872,10000,10000
jump_ctrl,ewma_student_t,diagnostic,0.05,-2.6442173102799935,1,425,0.03871876165407628,0.04663259685509281,True,0.0,0.0002,5.484892732085772e-05,0.0007289958440074673,0.001,0.0076,0.006076784264021832,0.009501377331420478,0.0129,0.0945,0.08892135081695003,0.10039007186166869,0.0425,0.3402,0.33097709881553805,0.34954562706373016,443.6547,1.041641429896991,,not reached within 504d,0.6597999999999999,10000,10000
jump_ctrl,binary_gaussian,diagnostic,0.15,-1.3769742103564984,1,1339,0.12736582655334353,0.14071533705366587,True,0.0028,0.0081,0.006522289905863053,0.010055487691208582,0.0216,0.0816,0.0763938032587989,0.08712752657778329,0.0687,0.2843,0.27554312501078404,0.29322253188632574,0.1339,0.5602,0.5504501931315493,0.5699035734646214,368.7493,1.4960245766378273,435,,0.43979999999999997,10000,10000
jump_ctrl,binary_student_t,diagnostic,0.15,-1.576757603369278,1,1383,0.1316726841799782,0.14520510024136926,True,0.0022,0.0093,0.007598063501358217,0.011378792499623794,0.0225,0.0926,0.08707400932446209,0.0984388725479652,0.0753,0.3011,0.2921867173282191,0.3101660372236359,0.1383,0.5829,0.5732057852656314,0.5925305478045104,360.3346,1.519845866339657,409,,0.4171,10000,10000
jump_ctrl,trailing_sharpe_252,diagnostic,0.15,-0.9901059524069324,252,1405,0.1338269825685901,0.1474491122599264,True,0.0,0.0,0.0,0.00038399837067659573,0.0,0.0,0.0,0.00038399837067659573,0.0229,0.1565,0.14951093725347792,0.1637528696271769,0.1405,0.5365,0.526714177302969,0.5462577908159715,407.9158,1.0684990126574778,472,,0.4635,10000,10000
jump_ctrl,known_vol_rolling_252,diagnostic,0.15,-0.9898780505313091,252,1407,0.13402285603450767,0.1476530851946605,True,0.0,0.0,0.0,0.00038399837067659573,0.0,0.0,0.0,0.00038399837067659573,0.0242,0.1533,0.1463719445908643,0.16049431987936283,0.1407,0.526,0.5162053285435211,0.5357747035412037,409.9878,1.0658277083968115,481,,0.474,10000,10000
jump_ctrl,ewma_gaussian,diagnostic,0.15,-1.6937741340096961,1,1361,0.12951896158898943,0.142960512425189,True,0.0007,0.0033,0.002350823409618217,0.004630640571811913,0.0175,0.069,0.06419609058845041,0.07413491600707284,0.0687,0.2681,0.25950820779898925,0.27686989064533046,0.1361,0.5379,0.5281156856983038,0.547655207225199,375.4893,1.4657864651944206,456,,0.46209999999999996,10000,10000
jump_ctrl,ewma_student_t,diagnostic,0.15,-1.7803815898244215,1,1392,0.13255391912253311,0.14612317410174708,True,0.0025,0.0078,0.006254775829182485,0.009723232166911556,0.0219,0.0855,0.08017737283371047,0.09114096181558044,0.0745,0.286,0.2772266261978287,0.29493772510482075,0.1392,0.5648,0.5550597791698588,0.5744904546413014,366.8728,1.5066269194739115,431,,0.43520000000000003,10000,10000
jump_ctrl,binary_gaussian,transfer,0.05,-2.2248819931017287,1,303,0.02711656606925434,0.03384416200015925,True,0.0,0.0,0.0,0.00038399837067659573,0.0007,0.004,0.002939013737731544,0.005441912645979639,0.0078,0.0612,0.05666840814896296,0.06606858882114279,0.0303,0.2847,0.2759392290973719,0.29362612060104143,457.5003,0.9126810059669617,,not reached within 504d,0.7153,10000,10000
jump_ctrl,binary_student_t,transfer,0.05,-2.52088337439814,1,316,0.028347190302313426,0.0352125393713364,True,0.0,0.0001,1.765267360112231e-05,0.0005662688974013381,0.0001,0.0049,0.0037086267628327185,0.006471608423811247,0.0084,0.0736,0.068644265639401,0.07888320817111201,0.0316,0.3138,0.30477802412509264,0.32296497686814724,451.9886,0.9582394425648156,,not reached within 504d,0.6861999999999999,10000,10000
jump_ctrl,trailing_sharpe_252,transfer,0.05,-1.6112741416431058,252,347,0.031287811116641966,0.03846953776710967,True,0.0,0.0,0.0,0.00038399837067659573,0.0,0.0,0.0,0.00038399837067659573,0.0046,0.0526,0.0483939705288705,0.057149631213210914,0.0347,0.2669,0.258321014245092,0.2756580057953174,460.6206,0.8337731126177748,,not reached within 504d,0.7331,10000,10000
jump_ctrl,known_vol_rolling_252,transfer,0.05,-1.7610918106628506,252,266,0.023623351594180678,0.02994021806317592,True,0.0,0.0,0.0,0.00038399837067659573,0.0,0.0,0.0,0.00038399837067659573,0.0032,0.0382,0.03461703284432172,0.04213762805083516,0.0266,0.2056,0.19779277691866448,0.21363332132198987,471.0453,0.7466472748268091,,not reached within 504d,0.7944,10000,10000
jump_ctrl,ewma_gaussian,transfer,0.05,-2.716929175661829,1,312,0.02796836833270117,0.034791668539645194,True,0.0,0.0,0.0,0.00038399837067659573,0.0002,0.0023,0.001533154495882851,0.0034490774822886323,0.006,0.0569,0.0525275489648483,0.06161275039124529,0.0312,0.273,0.2643567530453544,0.28181758221493275,460.1404,0.884568965660395,,not reached within 504d,0.727,10000,10000
jump_ctrl,ewma_student_t,transfer,0.05,-2.9295472492107932,1,278,0.024754675024605585,0.031207973036661382,True,0.0,0.0,0.0,0.00038399837067659573,0.0002,0.0036,0.0026016036387784434,0.004979629943629281,0.0065,0.0607,0.05618656282442717,0.06555081814404926,0.0278,0.2765,0.26782081503607924,0.2853508322356132,459.6765,0.8920555369948154,,not reached within 504d,0.7235,10000,10000
jump_ctrl,binary_gaussian,transfer,0.15,-1.401444376765194,1,1285,0.12208342799375609,0.13520188279565662,True,0.0022,0.0074,0.005899086359582839,0.009279228835207744,0.0202,0.075,0.06999923561869643,0.08032716299637867,0.0651,0.2741,0.2654453855259115,0.2829281049379601,0.1285,0.5509,0.5411333981130507,0.5606275108528144,372.3727,1.480503032213659,445,,0.44910000000000005,10000,10000
jump_ctrl,binary_student_t,transfer,0.15,-1.7093797208677135,1,1128,0.10674778186658007,0.11914958647167187,True,0.001,0.0046,0.0034506598701977897,0.006129805715468581,0.0129,0.0656,0.060912364012065776,0.07062125377237806,0.0564,0.2537,0.2452673412800705,0.2623218163173247,0.1128,0.5421,0.5323206758051137,0.5518469915320755,377.7203,1.4465002395731943,455,,0.4579,10000,10000
jump_ctrl,trailing_sharpe_252,transfer,0.15,-1.0216678503228327,252,1323,0.1258002861754433,0.13908210622635225,True,0.0,0.0,0.0,0.00038399837067659573,0.0,0.0,0.0,0.00038399837067659573,0.0216,0.1493,0.14244971436817414,0.1564196220890184,0.1323,0.5234,0.5136038079285228,0.5331782209477296,410.8924,1.0618861814951002,484,,0.4766,10000,10000
jump_ctrl,known_vol_rolling_252,transfer,0.15,-1.0138173399256876,252,1345,0.12795298623966514,0.14132771656929946,True,0.0,0.0,0.0,0.00038399837067659573,0.0,0.0,0.0,0.00038399837067659573,0.0232,0.1471,0.140293221622136,0.15417780442788756,0.1345,0.5167,0.5069011135618274,0.526486060892592,412.075,1.060791254351454,489,,0.48329999999999995,10000,10000
jump_ctrl,ewma_gaussian,transfer,0.15,-1.7486128807272068,1,1270,0.120616762317256,0.1336697004672687,True,0.0006,0.0025,0.0016939976111583195,0.0036880807676648924,0.0143,0.061,0.05647565931482029,0.06586149125463374,0.0619,0.2515,0.24309272196880402,0.2600981252214222,0.127,0.5224,0.5126032938378744,0.5321795030351193,381.753,1.4381823514240448,475,,0.4776,10000,10000
jump_ctrl,ewma_student_t,transfer,0.15,-1.8676400867598089,1,1250,0.11866167283006009,0.13162632594794738,True,0.0013,0.0045,0.003364971291591769,0.006015571093748737,0.0167,0.0688,0.06400283172344769,0.07392832847142382,0.0632,0.2617,0.253177454749552,0.2704055588739124,0.125,0.5408,0.5310190566757862,0.5505496090571664,376.4528,1.4653783097122248,459,,0.45920000000000005,10000,10000
sv_ctrl,binary_gaussian,diagnostic,0.05,-2.1032716197848558,1,477,0.0436935891355785,0.052053775790535536,True,0.0021,0.0031,0.002184864524503692,0.004396753056274708,0.0082,0.0184,0.01594490255979073,0.021224964670844962,0.0223,0.0816,0.0763938032587989,0.08712752657778329,0.0477,0.3064,0.2974403788433664,0.3155083053257596,449.9115,1.032480183009742,,not reached within 504d,0.6936,10000,10000
sv_ctrl,binary_student_t,diagnostic,0.05,-2.0691033379520687,1,439,0.04005666463531619,0.04809361867841499,True,0.0001,0.0006,0.0002750134763309977,0.001308524096300786,0.0037,0.02,0.01743471167513658,0.022933926760712948,0.0164,0.1427,0.13598184545192657,0.14969255978375892,0.0439,0.44,0.43029587539392633,0.4497502044105548,419.3633,1.2011880438060722,,not reached within 504d,0.56,10000,10000
sv_ctrl,trailing_sharpe_252,diagnostic,0.05,-1.5081159728256497,252,415,0.037763827388615986,0.04558829911729445,True,0.0,0.0,0.0,0.00038399837067659573,0.0,0.0,0.0,0.00038399837067659573,0.0047,0.0686,0.06380958491786005,0.07372172887635971,0.0415,0.3147,0.3056706245249012,0.32387168527127147,451.6201,0.897775048440733,,not reached within 504d,0.6853,10000,10000
sv_ctrl,known_vol_rolling_252,diagnostic,0.05,-1.6932783592225904,252,467,0.042735761876580645,0.05101237104627474,True,0.0,0.0,0.0,0.00038399837067659573,0.0,0.0,0.0,0.00038399837067659573,0.0075,0.0437,0.03986546628744224,0.04788497062563722,0.0467,0.2052,0.1973986436185906,0.2132277618207603,470.4575,0.7583494371079048,,not reached within 504d,0.7948,10000,10000
sv_ctrl,ewma_gaussian,diagnostic,0.05,-2.6968258352952716,1,403,0.03661872063908074,0.04433432746291932,True,0.0,0.0004,0.00015556283662307484,0.0010281283353569795,0.0034,0.0449,0.04101299418343707,0.04913652113355277,0.0154,0.2001,0.19237449548579028,0.2080558267369415,0.0403,0.5054,0.495600559437186,0.5151952933804107,397.0645,1.3452831198830468,499,,0.49460000000000004,10000,10000
sv_ctrl,ewma_student_t,diagnostic,0.05,-2.884871089419469,1,428,0.03900535884286428,0.046945769267282375,True,0.0001,0.0021,0.0013739917049838345,0.0032083938725359184,0.0042,0.0596,0.055126820516927424,0.0644114052479645,0.0194,0.2238,0.21573801451255628,0.23207410618740545,0.0428,0.5306,0.5208086704142505,0.5403678288854641,387.1889,1.4017040625991317,474,,0.46940000000000004,10000,10000
sv_ctrl,binary_gaussian,diagnostic,0.15,-1.3426982053585328,1,1402,0.13353318111910328,0.14714314410843554,True,0.014,0.0232,0.020427485405598345,0.026338695440678853,0.0374,0.0911,0.08561609300517202,0.09689794086236729,0.0804,0.273,0.2643567530453544,0.28181758221493275,0.1402,0.5679,0.5581667187469204,0.5775811342743418,368.1779,1.5156805316115896,432,,0.43210000000000004,10000,10000
sv_ctrl,binary_student_t,diagnostic,0.15,-1.3425281030884502,1,1464,0.1396071761595279,0.15346438748821462,True,0.0079,0.0244,0.021553719498578837,0.027611539751608738,0.0351,0.1379,0.13128105508810847,0.1447970365319355,0.0879,0.3899,0.3803847394146342,0.3994998170265887,0.1464,0.6712,0.661928330015827,0.6803401889420533,327.1559,1.5872118710718388,331,,0.3288,10000,10000
sv_ctrl,trailing_sharpe_252,diagnostic,0.15,-0.936183552530239,252,1387,0.13206433230526918,0.14561314491738173,True,0.0,0.0,0.0,0.00038399837067659573,0.0,0.0,0.0,0.00038399837067659573,0.0228,0.177,0.16964387034837128,0.18460419259908575,0.1387,0.5757,0.5659858944708579,0.5853559681758217,399.2583,1.079324729772384,438,,0.4243,10000,10000
sv_ctrl,known_vol_rolling_252,diagnostic,0.15,-0.9462633924231408,252,1360,0.12942107897738253,0.14285847183647005,True,0.0,0.0,0.0,0.00038399837067659573,0.0,0.0,0.0,0.00038399837067659573,0.0284,0.1547,0.1477451235993833,0.16192006567540596,0.136,0.5111,0.501300213211613,0.5208912620245579,411.943,1.062319484603731,492,,0.4889,10000,10000
sv_ctrl,ewma_gaussian,diagnostic,0.15,-1.720937340953941,1,1412,0.13451256005399473,0.14816299717680279,True,0.003,0.0196,0.017061812083451283,0.022507133551094786,0.0288,0.1616,0.1545158564765395,0.16894403362073437,0.0828,0.4271,0.41743471480354916,0.4368212721588954,0.1412,0.7068,0.6977996176498045,0.7156415606240836,312.2073,1.5945955556722264,299,,0.2932,10000,10000
sv_ctrl,ewma_student_t,diagnostic,0.15,-1.8477368587673468,1,1420,0.1352961466999413,0.14897879613346313,True,0.0054,0.0355,0.03204796463660609,0.03930876984975245,0.0333,0.1917,0.18410379084405787,0.1995329825513013,0.0859,0.4529,0.4431636999274498,0.4626724727190679,0.142,0.7299,0.7211104813614208,0.738512956187742,300.4523,1.618805833231265,281,,0.2701,10000,10000
sv_ctrl,binary_gaussian,transfer,0.05,-2.2248819931017287,1,418,0.03805024400211621,0.0459016521047718,True,0.0017,0.0027,0.0018563306257756154,0.003925594153699328,0.0067,0.0146,0.01242858335998111,0.01714420225827173,0.0184,0.0663,0.061588129514028624,0.07134495067269625,0.0418,0.2724,0.2637629817365724,0.28121181432175946,457.8828,0.958347207098208,,not reached within 504d,0.7276,10000,10000
sv_ctrl,binary_student_t,transfer,0.05,-2.52088337439814,1,204,0.017807894923034105,0.02336043631411889,True,0.0,0.0001,1.765267360112231e-05,0.0005662688974013381,0.0006,0.0047,0.003536501767139378,0.006243887018852858,0.0051,0.0648,0.06014025399538667,0.06979397818645022,0.0204,0.3072,0.29823350681288174,0.31631456295885096,454.8876,0.9264601175760054,,not reached within 504d,0.6928000000000001,10000,10000
sv_ctrl,trailing_sharpe_252,transfer,0.05,-1.6112741416431058,252,330,0.02967419810234849,0.03668445637586344,True,0.0,0.0,0.0,0.00038399837067659573,0.0,0.0,0.0,0.00038399837067659573,0.0033,0.0559,0.0515655732207708,0.06057549413206414,0.033,0.2731,0.2644557168694468,0.28191854159116614,459.342,0.8440102836671444,,not reached within 504d,0.7269,10000,10000
sv_ctrl,known_vol_rolling_252,transfer,0.05,-1.7610918106628506,252,418,0.03805024400211621,0.0459016521047718,True,0.0,0.0,0.0,0.00038399837067659573,0.0,0.0,0.0,0.00038399837067659573,0.0067,0.0394,0.03576049506533981,0.043393244233727445,0.0418,0.187,0.17947858810548215,0.19476179487456138,473.5661,0.728048081159375,,not reached within 504d,0.813,10000,10000
sv_ctrl,ewma_gaussian,transfer,0.05,-2.716929175661829,1,387,0.03509335668205077,0.04266092021473544,True,0.0,0.0004,0.00015556283662307484,0.0010281283353569795,0.0032,0.0433,0.03948313833238368,0.04746760577939231,0.0144,0.1969,0.18922310056693792,0.2048096792453662,0.0387,0.5004,0.49060191135019326,0.5101977814511102,398.4897,1.3386983008523878,504,,0.49960000000000004,10000,10000
sv_ctrl,ewma_student_t,transfer,0.05,-2.9295472492107932,1,406,0.036904912192822444,0.04464790551015519,True,0.0,0.002,0.0012951117125432855,0.0030873506646506045,0.0036,0.0567,0.05233512205233271,0.061405330903109144,0.0178,0.2168,0.20883323662812167,0.22498426004902952,0.0406,0.5232,0.5134037019662856,0.532978480509315,390.1657,1.3878487730198408,482,,0.4768,10000,10000
sv_ctrl,binary_gaussian,transfer,0.15,-1.401444376765194,1,1277,0.12130116945632166,0.1343847557304841,True,0.0116,0.0196,0.017061812083451283,0.022507133551094786,0.0324,0.0807,0.07552117837048508,0.0862008426631643,0.0725,0.2505,0.24210435440866862,0.2590872607782989,0.1277,0.5463,0.5365263644138458,0.5560380773370295,376.5437,1.4828024815702647,452,,0.4537,10000,10000
sv_ctrl,binary_student_t,transfer,0.15,-1.7093797208677135,1,823,0.0770726451510133,0.08784814708784992,True,0.0016,0.0046,0.0034506598701977897,0.006129805715468581,0.0108,0.0546,0.05031560891015105,0.059226456838447655,0.0391,0.2452,0.23686701694746304,0.25372866862223376,0.0823,0.5551,0.5453405555238283,0.5648171278557231,379.8904,1.410684253045372,449,,0.44489999999999996,10000,10000
sv_ctrl,trailing_sharpe_252,transfer,0.15,-1.0216678503228327,252,1174,0.11123736659075249,0.12385646896248924,True,0.0,0.0,0.0,0.00038399837067659573,0.0,0.0,0.0,0.00038399837067659573,0.0188,0.1577,0.15068833033852974,0.16497455494603547,0.1174,0.5343,0.5245119633373699,0.5440616943744015,408.2813,1.0644896198864904,471,,0.4657,10000,10000
sv_ctrl,known_vol_rolling_252,transfer,0.15,-1.0138173399256876,252,1238,0.11748887818020111,0.13040004219389592,True,0.0,0.0,0.0,0.00038399837067659573,0.0,0.0,0.0,0.00038399837067659573,0.0257,0.1395,0.13284768538053285,0.14642917744472497,0.1238,0.4777,0.4679203709175377,0.4874967554097944,418.9664,1.0456097154635218,,not reached within 504d,0.5223,10000,10000
sv_ctrl,ewma_gaussian,transfer,0.15,-1.7486128807272068,1,1365,0.12991050416292352,0.1433686626525584,True,0.0025,0.0179,0.015480359711334964,0.020689891517671408,0.0277,0.1553,0.1483336911233567,0.1625310373533877,0.0796,0.4178,0.4081668880834637,0.42749624124867547,0.1365,0.7016,0.6925560420687956,0.7104891297881476,315.373,1.5877068647608854,306,,0.2984,10000,10000
sv_ctrl,ewma_student_t,transfer,0.15,-1.8676400867598089,1,1401,0.13343524963995043,0.1470411523872626,True,0.0054,0.0337,0.03033833762278134,0.03741977925771164,0.0324,0.1879,0.18036412561359147,0.1956755661693849,0.0848,0.4479,0.43817538400819617,0.4576646286220282,0.1401,0.7268,0.7179804995861779,0.7354453187528832,302.1438,1.6157406765782047,283,,0.2732,10000,10000
sv_jump,binary_gaussian,diagnostic,0.05,-2.118917163409256,1,437,0.03986546628744224,0.04788497062563722,False,0.001,0.0024,0.0016133788093978356,0.0035687763690995114,0.0039,0.0142,0.012060574139796656,0.016712518677152722,0.0164,0.0733,0.0683539844864231,0.0785737197231123,0.0437,0.2957,0.2868353957374098,0.30472150599684866,452.5962,0.9942770505454324,,not reached within 504d,0.7042999999999999,10000,10000
sv_jump,binary_student_t,diagnostic,0.05,-1.9691516316716937,1,427,0.03890982053191082,0.04684138437790998,False,0.0002,0.0006,0.0002750134763309977,0.001308524096300786,0.0028,0.0201,0.017527981217395204,0.02304058041878019,0.0174,0.1567,0.14970715926623746,0.16395649401506912,0.0427,0.4655,0.45573865260093827,0.4752878432866383,412.8652,1.2306765210102681,,not reached within 504d,0.5345,10000,10000
sv_jump,trailing_sharpe_252,diagnostic,0.05,-1.5231472611394112,252,421,0.03833671543427698,0.04621495027358863,False,0.0,0.0,0.0,0.00038399837067659573,0.0,0.0,0.0,0.00038399837067659573,0.0056,0.0598,0.05531946812109357,0.06461860404445009,0.0421,0.3071,0.298134364069772,0.3162137825016349,453.267,0.8813603183154267,,not reached within 504d,0.6929000000000001,10000,10000
sv_jump,known_vol_rolling_252,diagnostic,0.05,-1.7262048276115507,252,393,0.03566516949826361,0.043288646600477806,False,0.0,0.0,0.0,0.00038399837067659573,0.0,0.0,0.0,0.00038399837067659573,0.0062,0.038,0.0344265516422164,0.04192826285228877,0.0393,0.1937,0.18607250290254143,0.20156273449933507,472.0087,0.7424253106981176,,not reached within 504d,0.8063,10000,10000
sv_jump,ewma_gaussian,diagnostic,0.05,-3.5422328122989057,1,417,0.037954765678807054,0.0457972072277551,False,0.0005,0.001,0.0005432859864972464,0.0018399443874379962,0.0034,0.0242,0.021365877393778255,0.02739953545575759,0.0148,0.1328,0.1262894831737641,0.1395925252296608,0.0417,0.3907,0.3811809082389119,0.4003030338049179,427.806,1.1912475491988839,,not reached within 504d,0.6093,10000,10000
sv_jump,ewma_student_t,diagnostic,0.05,-2.843728873419886,1,419,0.03814572841630529,0.04600609089090859,False,0.0,0.0032,0.0022677138537914978,0.004513826927312767,0.0031,0.0567,0.05233512205233271,0.061405330903109144,0.0162,0.2386,0.23034746900161798,0.24705328534657175,0.0419,0.5453,0.5355249465459572,0.5550402632016594,382.9818,1.4085969123216693,459,,0.4547,10000,10000
sv_jump,binary_gaussian,diagnostic,0.15,-1.3643425764918142,1,1390,0.1323580808483827,0.14591916597524585,False,0.0094,0.0195,0.016968632494305403,0.022400389939914802,0.0324,0.0824,0.07716963202033106,0.08795108341885804,0.0769,0.2681,0.25950820779898925,0.27686989064533046,0.139,0.5573,0.547544585425874,0.5670114083608464,371.5129,1.4976643292818723,441,,0.4427,10000,10000
sv_jump,binary_student_t,diagnostic,0.15,-1.274708860387709,1,1392,0.13255391912253311,0.14612317410174708,False,0.0087,0.0239,0.021084215098547462,0.02708142815001079,0.0385,0.1503,0.1434301119298219,0.15743845653062927,0.087,0.4096,0.39999818391308545,0.4192712429923328,0.1392,0.693,0.6838869984544295,0.7019647781744892,318.9739,1.591244722805322,314,,0.30700000000000005,10000,10000
sv_jump,trailing_sharpe_252,diagnostic,0.15,-0.9562114342659229,252,1333,0.12677871147686712,0.14010291292818708,False,0.0,0.0,0.0,0.00038399837067659573,0.0,0.0,0.0,0.00038399837067659573,0.0239,0.1749,0.16757967934101972,0.1824699963995942,0.1333,0.5647,0.554959561747199,0.5743907488636355,401.3721,1.0773358944275189,445,,0.4353,10000,10000
sv_jump,known_vol_rolling_252,diagnostic,0.15,-0.973516391710708,252,1339,0.12736582655334353,0.14071533705366587,False,0.0,0.0,0.0,0.00038399837067659573,0.0,0.0,0.0,0.00038399837067659573,0.0264,0.1504,0.14352815759883644,0.15754033406194065,0.1339,0.4997,0.48990217877786774,0.5094980516211546,414.0477,1.0595344184071507,,not reached within 504d,0.5003,10000,10000
sv_jump,ewma_gaussian,diagnostic,0.15,-2.1715052155789305,1,1348,0.12824658273269673,0.14163388967724544,False,0.0034,0.0088,0.0071487758942133965,0.010828464105139289,0.0215,0.1162,0.11006586473190991,0.12262889241742145,0.0712,0.3453,0.33604204236744534,0.3546767667284419,0.1348,0.6385,0.6290321219429407,0.6478615105083818,342.6604,1.5495545615169257,361,,0.36150000000000004,10000,10000
sv_jump,ewma_student_t,diagnostic,0.15,-1.8023267277776127,1,1378,0.13118315079724846,0.14469501762246967,False,0.0044,0.0384,0.0348075417687003,0.04234696552710831,0.0322,0.201,0.19326096696996636,0.20896866405569825,0.0833,0.4709,0.4611298378449803,0.48069251086019293,0.1378,0.7488,0.7402051278063442,0.7572037946044072,293.6856,1.6142397257697585,269,,0.2512,10000,10000
sv_jump,binary_gaussian,transfer,0.05,-2.2248819931017287,1,374,0.033855276482213766,0.04129999881033621,False,0.0006,0.0018,0.0011389279915130562,0.0028436879850291027,0.003,0.0116,0.009680916376468828,0.01389417323200807,0.0136,0.0586,0.054163804894883746,0.06337518886674953,0.0374,0.2656,0.2570349798357568,0.2743450386004163,460.0836,0.9199340242457046,,not reached within 504d,0.7343999999999999,10000,10000
sv_jump,binary_student_t,transfer,0.05,-2.52088337439814,1,160,0.013720046519002554,0.018651663903812385,False,0.0,0.0,0.0,0.00038399837067659573,0.0005,0.003,0.0021022876940520996,0.004279406686400436,0.0041,0.0561,0.05175793644691601,0.06078297730657066,0.016,0.3018,0.29288051594435893,0.31087170100977723,457.1137,0.8888685313124747,,not reached within 504d,0.6981999999999999,10000,10000
sv_jump,trailing_sharpe_252,transfer,0.05,-1.6112741416431058,252,335,0.030148541425793103,0.03720972905404816,False,0.0,0.0,0.0,0.00038399837067659573,0.0,0.0,0.0,0.00038399837067659573,0.0043,0.0503,0.04618626511967923,0.05475910301490729,0.0335,0.2706,0.26198178783683546,0.27939439061563087,459.8926,0.8354135132362954,,not reached within 504d,0.7294,10000,10000
sv_jump,known_vol_rolling_252,transfer,0.05,-1.7610918106628506,252,373,0.03376008880295818,0.041195263289265927,False,0.0,0.0,0.0,0.00038399837067659573,0.0,0.0,0.0,0.00038399837067659573,0.0056,0.0363,0.032808611118288936,0.040147508970676524,0.0373,0.184,0.17652728162021253,0.19171540535005505,473.7305,0.7244190950530832,,not reached within 504d,0.8160000000000001,10000,10000
sv_jump,ewma_gaussian,transfer,0.05,-2.716929175661829,1,858,0.08046856034232881,0.09144954390793968,False,0.0015,0.0027,0.0018563306257756154,0.003925594153699328,0.0097,0.0593,0.054837876757090474,0.06410057940682386,0.0393,0.239,0.23074251549027605,0.24745793165921706,0.0858,0.5321,0.522309940333844,0.5418654069707585,383.9604,1.4204853329204439,470,,0.4679,10000,10000
sv_jump,ewma_student_t,transfer,0.05,-2.9295472492107932,1,367,0.033189114320119714,0.04056669857014922,False,0.0,0.0026,0.0017749883701664527,0.0038070132089826243,0.0026,0.0504,0.04628220197159746,0.05486308936331493,0.0135,0.2234,0.2153433654460345,0.23166906245262375,0.0367,0.5302,0.5204083467422222,0.5399684597561889,388.684,1.383762744957904,474,,0.4698,10000,10000
sv_jump,binary_gaussian,transfer,0.15,-1.401444376765194,1,1318,0.12531112063220426,0.13857165576796196,False,0.0078,0.0173,0.014923598454330068,0.020047113572721115,0.0293,0.0738,0.06883780014845281,0.07908952006271192,0.0714,0.2545,0.2460581833856347,0.26313035981436744,0.1318,0.5435,0.5337224943223774,0.5532440978193737,377.0105,1.474655105352765,458,,0.4565,10000,10000
sv_jump,binary_student_t,transfer,0.15,-1.7093797208677135,1,683,0.06351973742773287,0.07341180676550929,False,0.0007,0.0026,0.0017749883701664527,0.0038070132089826243,0.0084,0.0465,0.042544258319017675,0.05080402820318598,0.0316,0.2362,0.22797740313560794,0.244625194404761,0.0683,0.5456,0.535825367740622,0.5553396116079723,383.7131,1.3866316935597418,458,,0.4544,10000,10000
sv_jump,trailing_sharpe_252,transfer,0.15,-1.0216678503228327,252,1181,0.11192084041404782,0.12457245754147495,False,0.0,0.0,0.0,0.00038399837067659573,0.0,0.0,0.0,0.00038399837067659573,0.02,0.1582,0.15117895383788713,0.16548354744830737,0.1181,0.5359,0.5261135545457467,0.5456588743712387,408.0696,1.065581016100694,472,,0.46409999999999996,10000,10000
sv_jump,known_vol_rolling_252,transfer,0.15,-1.0138173399256876,252,1241,0.11778205844721024,0.13070663152786444,False,0.0,0.0,0.0,0.00038399837067659573,0.0,0.0,0.0,0.00038399837067659573,0.0248,0.1412,0.13451256005399473,0.14816299717680279,0.1241,0.48,0.4702175802588927,0.4897977796759342,418.1079,1.0488874974263092,,not reached within 504d,0.52,10000,10000
sv_jump,ewma_gaussian,transfer,0.15,-1.7486128807272068,1,1940,0.18636783716633087,0.2018671698365232,False,0.0075,0.0281,0.02503775667284723,0.03152466098939734,0.0482,0.1937,0.18607250290254143,0.20156273449933507,0.1188,0.4541,0.4443610435560527,0.4638742074943753,0.194,0.7186,0.7097037422471948,0.7273283736651455,302.4831,1.626605144424604,282,,0.2814,10000,10000
sv_jump,ewma_student_t,transfer,0.15,-1.8676400867598089,1,1286,0.12218121620068507,0.13530401778905346,False,0.0035,0.033,0.02967419810234849,0.03668445637586344,0.0277,0.1866,0.17908503732863684,0.1943556528501032,0.0747,0.4564,0.44665611184563675,0.46617737281228605,0.1286,0.7375,0.7287862716428782,0.7460313291310504,299.8461,1.6089319338231085,279,,0.26249999999999996,10000,10000
sv_jump_big,binary_gaussian,diagnostic,0.05,-2.102579254399156,1,411,0.03738202482749099,0.04517040887711597,False,0.0012,0.0022,0.0014533495777926421,0.003328959200052976,0.0044,0.0133,0.0112342976181994,0.015739486395817195,0.0144,0.0773,0.07222639031454536,0.0826982419080246,0.0411,0.294,0.28515103023271504,0.30300717709600355,452.5938,1.0002062594345935,,not reached within 504d,0.706,10000,10000
sv_jump_big,binary_student_t,diagnostic,0.05,-1.805255605344473,1,403,0.03661872063908074,0.04433432746291932,False,0.0003,0.0014,0.000834162028874972,0.002348761146363729,0.004,0.0277,0.02466033633788896,0.03110238852305215,0.0161,0.186,0.17849473600920587,0.19374641496757902,0.0403,0.5238,0.5140040245697719,0.5335776971077839,398.7083,1.2838578699427836,482,,0.47619999999999996,10000,10000
sv_jump_big,trailing_sharpe_252,diagnostic,0.05,-1.423020996198493,252,450,0.04110865767535974,0.04924078084195594,False,0.0,0.0,0.0,0.00038399837067659573,0.0,0.0,0.0,0.00038399837067659573,0.0048,0.0774,0.07232325434187925,0.0828013010810166,0.045,0.3507,0.34140621510534935,0.36010844680813464,445.803,0.9262844160310257,,not reached within 504d,0.6493,10000,10000
sv_jump_big,known_vol_rolling_252,diagnostic,0.05,-1.6198844131620955,252,427,0.03890982053191082,0.04684138437790998,False,0.0,0.0,0.0,0.00038399837067659573,0.0,0.0,0.0,0.00038399837067659573,0.0056,0.0504,0.04628220197159746,0.05486308936331493,0.0427,0.2296,0.22146163153098136,0.2379460347878805,466.4954,0.791093648565124,,not reached within 504d,0.7704,10000,10000
sv_jump_big,ewma_gaussian,diagnostic,0.05,-4.89919495439893,1,439,0.04005666463531619,0.04809361867841499,False,0.0012,0.0014,0.000834162028874972,0.002348761146363729,0.0068,0.0146,0.01242858335998111,0.01714420225827173,0.0201,0.0915,0.08600482594391368,0.09730890072492909,0.0439,0.3093,0.300315619413292,0.318430837565284,447.7911,1.0480994119437008,,not reached within 504d,0.6907,10000,10000
sv_jump_big,ewma_student_t,diagnostic,0.05,-2.831671625210694,1,402,0.03652333626057827,0.04422978864109592,False,0.0001,0.0054,0.0041413174551035775,0.007038533733169711,0.0032,0.0787,0.07358271825711664,0.08414083877001548,0.0178,0.2809,0.2721765860084199,0.2897916820776105,0.0402,0.6097,0.6000985712094843,0.6192171795479894,362.9348,1.4651251393868738,402,,0.3903,10000,10000
sv_jump_big,binary_gaussian,diagnostic,0.15,-1.3447676016606978,1,1373,0.1306936472901703,0.14418490512791848,False,0.0111,0.0187,0.016223869902920365,0.02154576692869293,0.0311,0.0818,0.07658774622559791,0.08733343001163599,0.074,0.2651,0.25654037676867353,0.27384002566587023,0.1373,0.5573,0.547544585425874,0.5670114083608464,372.9626,1.4931735655487897,444,,0.4427,10000,10000
sv_jump_big,binary_student_t,diagnostic,0.15,-1.147404303696014,1,1390,0.1323580808483827,0.14591916597524585,False,0.0123,0.0411,0.03738202482749099,0.04517040887711597,0.0417,0.1865,0.17898665170277442,0.19425411527563977,0.0911,0.4639,0.4541414852344073,0.47368623944795546,0.139,0.7528,0.744249020211825,0.7611568302119609,295.6821,1.5936986451321813,274,,0.24719999999999998,10000,10000
sv_jump_big,trailing_sharpe_252,diagnostic,0.15,-0.9122547551662394,252,1349,0.12834445068929393,0.1417359449209741,False,0.0,0.0,0.0,0.00038399837067659573,0.0,0.0,0.0,0.00038399837067659573,0.0229,0.1828,0.17534697026992835,0.19049663829642882,0.1349,0.5867,0.5770171359747343,0.5963162787077905,397.7351,1.0752181370323048,427,,0.4133,10000,10000
sv_jump_big,known_vol_rolling_252,diagnostic,0.15,-0.9601176976286272,252,1352,0.1286380619197146,0.142042103291531,False,0.0,0.0,0.0,0.00038399837067659573,0.0,0.0,0.0,0.00038399837067659573,0.0245,0.1536,0.14666618004383244,0.16079985402737226,0.1352,0.5016,0.4918014975643201,0.5113972736408938,414.422,1.0557243423302785,503,,0.49839999999999995,10000,10000
sv_jump_big,ewma_gaussian,diagnostic,0.15,-2.803869001545897,1,1439,0.137157459228976,0.15091602441061985,False,0.0064,0.0085,0.006879905952442007,0.01049756444593309,0.026,0.0906,0.08513022304653467,0.09638419481937532,0.074,0.3012,0.2922858298957069,0.3102668478564741,0.1439,0.5943,0.5846416165254579,0.6038859613818327,360.1457,1.509713790996185,407,,0.40569999999999995,10000,10000
sv_jump_big,ewma_student_t,diagnostic,0.15,-1.7639421922107705,1,1399,0.1332393901939391,0.14683716543262215,False,0.0072,0.0574,0.05300868487210344,0.062131230485619464,0.0357,0.2449,0.2365706151869106,0.2534253007818085,0.0935,0.5243,0.5145043042162095,0.5340770334629755,0.1399,0.7954,0.7873805997375418,0.8031925340250623,271.8628,1.6006086506142725,238,,0.2046,10000,10000
sv_jump_big,binary_gaussian,transfer,0.05,-2.2248819931017287,1,332,0.029863910020296733,0.036894590858566924,False,0.0007,0.0011,0.0006143506542303221,0.0019688029200307855,0.003,0.0088,0.0071487758942133965,0.010828464105139289,0.0117,0.0627,0.05811447249316934,0.06762137248182443,0.0332,0.2593,0.25080402821238373,0.26798082860325984,460.2835,0.9228810886161729,,not reached within 504d,0.7407,10000,10000
sv_jump_big,binary_student_t,transfer,0.05,-2.52088337439814,1,100,0.008229336148148417,0.012146982255114645,False,0.0,0.0,0.0,0.00038399837067659573,0.0003,0.002,0.0012951117125432855,0.0030873506646506045,0.0022,0.0463,0.04235277568717738,0.05059566443437455,0.01,0.2932,0.28435843937591637,0.30220038235019536,461.6861,0.832177269925019,,not reached within 504d,0.7068,10000,10000
sv_jump_big,trailing_sharpe_252,transfer,0.05,-1.6112741416431058,252,267,0.023717565703441683,0.03004592715424078,False,0.0,0.0,0.0,0.00038399837067659573,0.0,0.0,0.0,0.00038399837067659573,0.0027,0.0511,0.04695388984871269,0.055590863888480745,0.0267,0.2692,0.2605965398239897,0.2779807138239145,460.6714,0.8308366934392802,,not reached within 504d,0.7308,10000,10000
sv_jump_big,known_vol_rolling_252,transfer,0.05,-1.7610918106628506,252,310,0.027779012856555523,0.03458117761513912,False,0.0,0.0,0.0,0.00038399837067659573,0.0,0.0,0.0,0.00038399837067659573,0.0044,0.0396,0.03595116606388123,0.04360241963583777,0.031,0.1897,0.1821353998290227,0.19750290955981922,473.1385,0.7299325529993801,,not reached within 504d,0.8103,10000,10000
sv_jump_big,ewma_gaussian,transfer,0.05,-2.716929175661829,1,1511,0.1442145072357656,0.15825344682729256,False,0.007,0.0093,0.007598063501358217,0.011378792499623794,0.0281,0.0978,0.0921315573460083,0.10377733094336396,0.0791,0.316,0.3069600061042923,0.32518130529611655,0.1511,0.6071,0.5974882590980767,0.6166294884509244,354.6499,1.5248341958821272,391,,0.3929,10000,10000
sv_jump_big,ewma_student_t,transfer,0.05,-2.9295472492107932,1,354,0.0319529181589372,0.039203893127095484,False,0.0001,0.0048,0.0036224922338521153,0.006357819752465983,0.0025,0.0707,0.0658392710833381,0.07589042991772481,0.0146,0.2657,0.2571339021550848,0.2744460394814141,0.0354,0.5912,0.5815313437053403,0.6007986149918482,369.3779,1.4453866968494427,418,,0.40880000000000005,10000,10000
sv_jump_big,binary_gaussian,transfer,0.15,-1.401444376765194,1,1251,0.11875941454419676,0.13172850743413653,False,0.0094,0.0167,0.014367626563538568,0.019403546261557426,0.0269,0.0716,0.06670953165616857,0.07681947814782712,0.0648,0.2434,0.23508868964000332,0.25190837832382795,0.1251,0.535,0.5252126470587878,0.544760473055265,381.6063,1.4577464637262032,468,,0.46499999999999997,10000,10000
sv_jump_big,binary_student_t,transfer,0.15,-1.7093797208677135,1,492,0.045131271500572244,0.05361494143042977,False,0.0007,0.0025,0.0016939976111583195,0.0036880807676648924,0.0059,0.0412,0.03747746616189304,0.045274890743039795,0.0209,0.2179,0.20991804909709916,0.22609860278363658,0.0492,0.5576,0.547845149936818,0.5673106134508801,386.7636,1.343235087225596,452,,0.4424,10000,10000
sv_jump_big,trailing_sharpe_252,transfer,0.15,-1.0216678503228327,252,1111,0.10508940612398694,0.1174092678087253,False,0.0,0.0,0.0,0.00038399837067659573,0.0,0.0,0.0,0.00038399837067659573,0.0175,0.1576,0.15059020866866882,0.16487275341557048,0.1111,0.5392,0.5294171557019197,0.5489527388258192,408.7981,1.0557617140807352,469,,0.4608,10000,10000
sv_jump_big,known_vol_rolling_252,transfer,0.15,-1.0138173399256876,252,1241,0.11778205844721024,0.13070663152786444,False,0.0,0.0,0.0,0.00038399837067659573,0.0,0.0,0.0,0.00038399837067659573,0.0226,0.141,0.1343166749619956,0.14795903586815015,0.1241,0.4764,0.46662204018608444,0.48619608453701135,419.7545,1.0415372499144213,,not reached within 504d,0.5236000000000001,10000,10000
sv_jump_big,ewma_gaussian,transfer,0.15,-1.7486128807272068,1,2706,0.26198178783683546,0.27939439061563087,False,0.0207,0.0482,0.044172692916622396,0.05257428801112097,0.0826,0.2511,0.2426973677378872,0.2596937866510355,0.1789,0.511,0.5012002083106214,0.5207913437252237,0.2706,0.7585,0.7500132570142136,0.7667882158281464,279.1951,1.6493005556390512,246,,0.24150000000000005,10000,10000
sv_jump_big,ewma_student_t,transfer,0.15,-1.8676400867598089,1,1258,0.11944364430573305,0.13244374007488133,False,0.0049,0.0472,0.04321461148733595,0.051533137437148754,0.0292,0.2197,0.211693378193256,0.22792189129334528,0.0807,0.4967,0.4869035423294989,0.5064989920597475,0.1258,0.7778,0.7695461338745871,0.7858405166306649,282.5459,1.6002424837879077,255,,0.22219999999999995,10000,10000
