scenario,method,far_target,n_valid_paths,n_first_alarms,far_total,window_days,p_label_theory,mean_usable_lookback_days,n_on_label_day,share_on_label_day,prob_on_label_day,share_on_label_day_theory,prob_on_label_day_theory,n_within_window,share_within_window,prob_within_window,share_within_window_theory,prob_within_window_theory,n_elsewhere,share_elsewhere,prob_elsewhere,share_elsewhere_theory,prob_elsewhere_theory,share_sum,prob_sum,class2_asymptotic_theory
gaussian_ctrl,binary_student_t,0.05,10000,461,0.0461,20,0.007905097010013639,20.0,4,0.008676789587852495,0.0004,0.007905097010013639,0.0003644249721616288,78,0.16919739696312364,0.0078,0.14561317809937208,0.006712767510381053,379,0.8221258134490239,0.0379,0.8464817248906142,0.03902280751745732,1.0,0.0461,0.14561317809937208
gaussian_ctrl,binary_student_t,0.15,10000,1476,0.1476,20,0.007905097010013639,20.0,11,0.007452574525745257,0.0011,0.007905097010013639,0.0011667923186780133,218,0.14769647696476965,0.0218,0.14561317809937213,0.021492505087467327,1247,0.8448509485094851,0.1247,0.8464817248906142,0.12494070259385467,1.0,0.1476,0.14561317809937208
gaussian_ctrl,ewma_gaussian,0.05,10000,462,0.0462,20,0.007905097010013639,20.0,4,0.008658008658008658,0.0004,0.007905097010013639,0.0003652154818626301,66,0.14285714285714285,0.0066,0.1456131780993721,0.006727328828190991,392,0.8484848484848485,0.0392,0.8464817248906142,0.03910745568994638,1.0,0.0462,0.14561317809937208
gaussian_ctrl,ewma_gaussian,0.15,10000,1463,0.1463,20,0.007905097010013639,20.0,11,0.007518796992481203,0.0011,0.007905097010013639,0.0011565156925649955,230,0.1572112098427888,0.023,0.1456131780993721,0.021303207955938142,1222,0.83526999316473,0.1222,0.8464817248906142,0.12384027635149687,1.0,0.1463,0.14561317809937208
gaussian_ctrl,ewma_student_t,0.05,10000,486,0.0486,20,0.007905097010013639,20.0,9,0.018518518518518517,0.0009,0.007905097010013639,0.00038418771468666285,80,0.1646090534979424,0.008,0.1456131780993721,0.007076800455629484,397,0.8168724279835391,0.0397,0.8464817248906142,0.04113901182968385,1.0,0.0486,0.14561317809937208
gaussian_ctrl,ewma_student_t,0.15,10000,1446,0.1446,20,0.007905097010013639,20.0,13,0.008990318118948824,0.0013,0.007905097010013639,0.0011430770276479722,213,0.14730290456431536,0.0213,0.1456131780993721,0.021055665553169206,1220,0.8437067773167358,0.122,0.8464817248906142,0.12240125741918283,1.0,0.1446,0.14561317809937208
gaussian_ctrl,ewma_trunc_gaussian,0.05,10000,461,0.0461,20,0.007905097010013639,20.0,4,0.008676789587852495,0.0004,0.007905097010013639,0.0003644249721616288,65,0.14099783080260303,0.0065,0.14561317809937208,0.006712767510381053,392,0.8503253796095445,0.0392,0.8464817248906142,0.03902280751745732,1.0,0.046099999999999995,0.14561317809937208
gaussian_ctrl,ewma_trunc_gaussian,0.15,10000,1465,0.1465,20,0.007905097010013639,20.0,11,0.007508532423208191,0.0011,0.007905097010013639,0.0011580967119669981,231,0.157679180887372,0.0231,0.1456131780993721,0.02133233059155801,1223,0.8348122866894198,0.1223,0.8464817248906142,0.12400957269647497,1.0,0.1465,0.14561317809937208
gaussian_ctrl,ewma_trunc_student_t,0.05,10000,486,0.0486,20,0.007905097010013639,20.0,9,0.018518518518518517,0.0009,0.007905097010013639,0.00038418771468666285,80,0.1646090534979424,0.008,0.1456131780993721,0.007076800455629484,397,0.8168724279835391,0.0397,0.8464817248906142,0.04113901182968385,1.0,0.0486,0.14561317809937208
gaussian_ctrl,ewma_trunc_student_t,0.15,10000,1448,0.1448,20,0.007905097010013639,20.0,14,0.009668508287292817,0.0014,0.007905097010013639,0.001144658047049975,213,0.14709944751381215,0.0213,0.1456131780993721,0.02108478818878908,1221,0.8432320441988951,0.1221,0.8464817248906142,0.12257055376416096,1.0,0.1448,0.14561317809937208
sv_ctrl,binary_student_t,0.05,10000,447,0.0447,20,0.007905097010013639,20.0,6,0.013422818791946308,0.0006,0.007905097010013639,0.00035335783634760966,51,0.11409395973154363,0.0051,0.14561317809937208,0.006508909061041931,390,0.87248322147651,0.039,0.8464817248906142,0.03783773310261045,1.0,0.044700000000000004,0.14561317809937208
sv_ctrl,binary_student_t,0.15,10000,1437,0.1437,20,0.007905097010013639,20.0,9,0.006263048016701462,0.0009,0.007905097010013639,0.0011359624403389599,214,0.1489213639526792,0.0214,0.14561317809937213,0.020924613692879776,1214,0.8448155880306193,0.1214,0.8464817248906142,0.12163942386678127,0.9999999999999999,0.1437,0.14561317809937208
sv_ctrl,ewma_gaussian,0.05,10000,441,0.0441,20,0.007905097010013639,20.0,4,0.009070294784580499,0.0004,0.007905097010013639,0.00034861477814160147,65,0.1473922902494331,0.0065,0.1456131780993721,0.0064215411541823095,372,0.8435374149659864,0.0372,0.8464817248906142,0.03732984406767609,1.0,0.04409999999999999,0.14561317809937208
sv_ctrl,ewma_gaussian,0.15,10000,1446,0.1446,20,0.007905097010013639,20.0,10,0.006915629322268326,0.001,0.007905097010013639,0.0011430770276479722,206,0.14246196403872752,0.0206,0.1456131780993721,0.021055665553169206,1230,0.8506224066390041,0.123,0.8464817248906142,0.12240125741918283,1.0,0.1446,0.14561317809937208
sv_ctrl,ewma_student_t,0.05,10000,445,0.0445,20,0.007905097010013639,20.0,6,0.01348314606741573,0.0006,0.007905097010013639,0.0003517768169456069,73,0.16404494382022472,0.0073,0.1456131780993721,0.006479786425422058,366,0.8224719101123595,0.0366,0.8464817248906142,0.03766843675763233,1.0,0.0445,0.14561317809937208
sv_ctrl,ewma_student_t,0.15,10000,1446,0.1446,20,0.007905097010013639,20.0,15,0.01037344398340249,0.0015,0.007905097010013639,0.0011430770276479722,201,0.13900414937759337,0.0201,0.1456131780993721,0.021055665553169206,1230,0.8506224066390041,0.123,0.8464817248906142,0.12240125741918283,1.0,0.1446,0.14561317809937208
sv_ctrl,ewma_trunc_gaussian,0.05,10000,445,0.0445,20,0.007905097010013639,20.0,5,0.011235955056179775,0.0005,0.007905097010013639,0.0003517768169456069,67,0.15056179775280898,0.0067,0.1456131780993721,0.006479786425422058,373,0.8382022471910112,0.0373,0.8464817248906142,0.03766843675763233,1.0,0.0445,0.14561317809937208
sv_ctrl,ewma_trunc_gaussian,0.15,10000,1427,0.1427,20,0.007905097010013639,20.0,11,0.007708479327259986,0.0011,0.007905097010013639,0.0011280573433289462,202,0.14155571128241065,0.0202,0.1456131780993721,0.020779000514780398,1214,0.8507358093903293,0.1214,0.8464817248906142,0.12079294214189065,1.0,0.1427,0.14561317809937208
sv_ctrl,ewma_trunc_student_t,0.05,10000,446,0.0446,20,0.007905097010013639,20.0,5,0.011210762331838564,0.0005,0.007905097010013639,0.0003525673266466083,73,0.16367713004484305,0.0073,0.14561317809937208,0.006494347743231994,368,0.8251121076233184,0.0368,0.8464817248906142,0.037753084930121396,1.0,0.0446,0.14561317809937208
sv_ctrl,ewma_trunc_student_t,0.15,10000,1450,0.145,20,0.007905097010013639,20.0,15,0.010344827586206896,0.0015,0.007905097010013639,0.0011462390664519777,204,0.1406896551724138,0.0204,0.1456131780993721,0.021113910824408954,1231,0.8489655172413794,0.1231,0.8464817248906142,0.12273985010913906,1.0,0.145,0.14561317809937208
jump_ctrl,binary_student_t,0.05,10000,412,0.0412,20,0.007905097010013639,20.0,4,0.009708737864077669,0.0004,0.007905097010013639,0.00032568999681256196,56,0.13592233009708737,0.0056,0.1456131780993721,0.005999262937694131,352,0.8543689320388349,0.0352,0.8464817248906142,0.034875047065493305,1.0,0.0412,0.14561317809937208
jump_ctrl,binary_student_t,0.15,10000,1298,0.1298,20,0.007905097010013639,20.0,18,0.01386748844375963,0.0018,0.007905097010013639,0.0010260815918997704,168,0.12942989214175654,0.0168,0.1456131780993721,0.018900590517298498,1112,0.8567026194144838,0.1112,0.8464817248906142,0.10987332789080173,1.0,0.1298,0.14561317809937208
jump_ctrl,ewma_gaussian,0.05,10000,441,0.0441,20,0.007905097010013639,20.0,54,0.12244897959183673,0.0054,0.007905097010013639,0.00034861477814160147,59,0.13378684807256236,0.0059,0.1456131780993721,0.0064215411541823095,328,0.7437641723356009,0.0328,0.8464817248906142,0.03732984406767609,1.0,0.0441,0.14561317809937208
jump_ctrl,ewma_gaussian,0.15,10000,1356,0.1356,20,0.007905097010013639,20.0,168,0.12389380530973451,0.0168,0.007905097010013639,0.0010719311545578495,121,0.08923303834808259,0.0121,0.1456131780993721,0.019745146950274857,1067,0.7868731563421829,0.1067,0.8464817248906142,0.11478292189516728,1.0,0.1356,0.14561317809937208
jump_ctrl,ewma_student_t,0.05,10000,401,0.0401,20,0.007905097010013639,20.0,8,0.0199501246882793,0.0008,0.007905097010013639,0.0003169943901015469,33,0.08229426433915212,0.0033,0.14561317809937213,0.005839088441784822,360,0.8977556109725686,0.036,0.8464817248906142,0.03394391716811363,1.0,0.0401,0.14561317809937208
jump_ctrl,ewma_student_t,0.15,10000,1326,0.1326,20,0.007905097010013639,20.0,6,0.004524886877828055,0.0006,0.007905097010013639,0.0010482158635278084,144,0.1085972850678733,0.0144,0.1456131780993721,0.01930830741597674,1176,0.8868778280542986,0.1176,0.8464817248906142,0.11224347672049545,1.0,0.1326,0.14561317809937208
jump_ctrl,ewma_trunc_gaussian,0.05,10000,445,0.0445,20,0.007905097010013639,20.0,61,0.13707865168539327,0.0061,0.007905097010013639,0.0003517768169456069,74,0.1662921348314607,0.0074,0.1456131780993721,0.006479786425422058,310,0.6966292134831461,0.031,0.8464817248906142,0.03766843675763233,1.0,0.0445,0.14561317809937208
jump_ctrl,ewma_trunc_gaussian,0.15,10000,1339,0.1339,20,0.007905097010013639,20.0,177,0.1321882001493652,0.0177,0.007905097010013639,0.0010584924896408262,164,0.12247946228528753,0.0164,0.14561317809937213,0.019497604547505928,998,0.7453323375653472,0.0998,0.8464817248906142,0.11334390296285324,1.0,0.1339,0.14561317809937208
jump_ctrl,ewma_trunc_student_t,0.05,10000,414,0.0414,20,0.007905097010013639,20.0,7,0.016908212560386472,0.0007,0.007905097010013639,0.00032727101621456465,44,0.10628019323671498,0.0044,0.14561317809937213,0.006028385573314006,363,0.8768115942028986,0.0363,0.8464817248906142,0.035044343410471426,1.0,0.0414,0.14561317809937208
jump_ctrl,ewma_trunc_student_t,0.15,10000,1338,0.1338,20,0.007905097010013639,20.0,13,0.009715994020926755,0.0013,0.007905097010013639,0.001057701979939825,158,0.11808669656203288,0.0158,0.1456131780993721,0.019483043229695986,1167,0.8721973094170403,0.1167,0.8464817248906142,0.11325925479036418,1.0,0.1338,0.14561317809937208
sv_jump,binary_student_t,0.05,10000,414,0.0414,20,0.007905097010013639,20.0,3,0.007246376811594203,0.0003,0.007905097010013639,0.00032727101621456465,51,0.12318840579710146,0.0051,0.14561317809937213,0.006028385573314006,360,0.8695652173913043,0.036,0.8464817248906142,0.035044343410471426,1.0,0.0414,0.14561317809937208
sv_jump,binary_student_t,0.15,10000,1366,0.1366,20,0.007905097010013639,20.0,16,0.01171303074670571,0.0016,0.007905097010013639,0.0010798362515678631,199,0.14568081991215226,0.0199,0.1456131780993721,0.01989076012837423,1151,0.842606149341142,0.1151,0.8464817248906142,0.1156294036200579,1.0,0.1366,0.14561317809937208
sv_jump,ewma_gaussian,0.05,10000,443,0.0443,20,0.007905097010013639,20.0,195,0.4401805869074492,0.0195,0.007905097010013639,0.0003501957975436042,28,0.06320541760722348,0.0028,0.1456131780993721,0.006450663789802184,220,0.4966139954853273,0.022,0.8464817248906142,0.03749914041265421,1.0,0.0443,0.14561317809937208
sv_jump,ewma_gaussian,0.15,10000,1358,0.1358,20,0.007905097010013639,20.0,466,0.3431516936671576,0.0466,0.007905097010013639,0.0010735121739598522,98,0.07216494845360824,0.0098,0.14561317809937213,0.019774269585894736,794,0.5846833578792342,0.0794,0.8464817248906142,0.11495221824014541,1.0,0.1358,0.14561317809937208
sv_jump,ewma_student_t,0.05,10000,414,0.0414,20,0.007905097010013639,20.0,5,0.012077294685990338,0.0005,0.007905097010013639,0.00032727101621456465,33,0.07971014492753623,0.0033,0.14561317809937213,0.006028385573314006,376,0.9082125603864735,0.0376,0.8464817248906142,0.035044343410471426,1.0,0.0414,0.14561317809937208
sv_jump,ewma_student_t,0.15,10000,1353,0.1353,20,0.007905097010013639,20.0,19,0.014042867701404288,0.0019,0.007905097010013639,0.0010695596254548453,117,0.08647450110864745,0.0117,0.1456131780993721,0.019701462996845047,1217,0.8994826311899483,0.1217,0.8464817248906142,0.11452897737770011,1.0,0.1353,0.14561317809937208
sv_jump,ewma_trunc_gaussian,0.05,10000,450,0.045,20,0.007905097010013639,20.0,183,0.4066666666666667,0.0183,0.007905097010013639,0.0003557293654506137,62,0.13777777777777778,0.0062,0.1456131780993721,0.006552593014471745,205,0.45555555555555555,0.0205,0.8464817248906142,0.03809167762007764,1.0,0.045,0.14561317809937208
sv_jump,ewma_trunc_gaussian,0.15,10000,1397,0.1397,20,0.007905097010013639,20.0,464,0.33214030064423766,0.0464,0.007905097010013639,0.0011043420522989054,186,0.13314244810307801,0.0186,0.1456131780993721,0.02034216098048228,747,0.5347172512526843,0.0747,0.8464817248906142,0.1182534969672188,1.0,0.1397,0.14561317809937208
sv_jump,ewma_trunc_student_t,0.05,10000,414,0.0414,20,0.007905097010013639,20.0,2,0.004830917874396135,0.0002,0.007905097010013639,0.00032727101621456465,50,0.12077294685990338,0.005,0.14561317809937213,0.006028385573314006,362,0.8743961352657005,0.0362,0.8464817248906142,0.035044343410471426,1.0,0.041400000000000006,0.14561317809937208
sv_jump,ewma_trunc_student_t,0.15,10000,1340,0.134,20,0.007905097010013639,20.0,14,0.010447761194029851,0.0014,0.007905097010013639,0.0010592829993418278,152,0.11343283582089553,0.0152,0.14561317809937213,0.019512165865315866,1174,0.8761194029850746,0.1174,0.8464817248906142,0.11342855113534231,1.0,0.134,0.14561317809937208
sv_jump_big,binary_student_t,0.05,10000,369,0.0369,20,0.007905097010013639,20.0,3,0.008130081300813009,0.0003,0.007905097010013639,0.0002916980796695033,55,0.14905149051490515,0.0055,0.14561317809937213,0.005373126271866832,311,0.8428184281842819,0.0311,0.8464817248906142,0.03123517564846367,1.0,0.0369,0.14561317809937208
sv_jump_big,binary_student_t,0.15,10000,1311,0.1311,20,0.007905097010013639,20.0,13,0.009916094584286803,0.0013,0.007905097010013639,0.001036358218012788,175,0.13348588863463004,0.0175,0.1456131780993721,0.019089887648827682,1123,0.8565980167810832,0.1123,0.8464817248906142,0.11097375413315952,1.0,0.1311,0.14561317809937208
sv_jump_big,ewma_gaussian,0.05,10000,422,0.0422,20,0.007905097010013639,20.0,299,0.7085308056872038,0.0299,0.007905097010013639,0.0003335950938225756,14,0.03317535545023697,0.0014,0.14561317809937213,0.006144876115793504,109,0.25829383886255924,0.0109,0.8464817248906142,0.03572152879038392,1.0,0.0422,0.14561317809937208
sv_jump_big,ewma_gaussian,0.15,10000,1301,0.1301,20,0.007905097010013639,20.0,744,0.5718677940046119,0.0744,0.007905097010013639,0.0010284531210027743,66,0.05073020753266718,0.0066,0.1456131780993721,0.01894427447072831,491,0.377401998462721,0.0491,0.8464817248906142,0.1101272724082689,1.0,0.1301,0.14561317809937208
sv_jump_big,ewma_student_t,0.05,10000,409,0.0409,20,0.007905097010013639,20.0,3,0.007334963325183374,0.0003,0.007905097010013639,0.00032331846770955783,24,0.05867970660146699,0.0024,0.1456131780993721,0.005955578984264319,382,0.9339853300733496,0.0382,0.8464817248906142,0.03462110254802612,1.0,0.0409,0.14561317809937208
sv_jump_big,ewma_student_t,0.15,10000,1361,0.1361,20,0.007905097010013639,20.0,6,0.00440852314474651,0.0006,0.007905097010013639,0.0010758837030628563,80,0.05878030859662013,0.008,0.1456131780993721,0.019817953539324543,1275,0.9368111682586333,0.1275,0.8464817248906142,0.1152061627576126,1.0,0.1361,0.14561317809937208
sv_jump_big,ewma_trunc_gaussian,0.05,10000,430,0.043,20,0.007905097010013639,20.0,288,0.6697674418604651,0.0288,0.007905097010013639,0.00033991917143058646,49,0.11395348837209303,0.0049,0.1456131780993721,0.006261366658273,93,0.21627906976744185,0.0093,0.8464817248906142,0.03639871417029641,1.0,0.043,0.14561317809937208
sv_jump_big,ewma_trunc_gaussian,0.15,10000,1332,0.1332,20,0.007905097010013639,20.0,756,0.5675675675675675,0.0756,0.007905097010013639,0.0010529589217338168,130,0.09759759759759759,0.013,0.1456131780993721,0.019395675322836366,446,0.33483483483483484,0.0446,0.8464817248906142,0.11275136575542982,1.0,0.1332,0.14561317809937208
sv_jump_big,ewma_trunc_student_t,0.05,10000,416,0.0416,20,0.007905097010013639,20.0,4,0.009615384615384616,0.0004,0.007905097010013639,0.0003288520356165674,42,0.10096153846153846,0.0042,0.1456131780993721,0.006057508208933879,370,0.8894230769230769,0.037,0.8464817248906142,0.03521363975544955,1.0,0.0416,0.14561317809937208
sv_jump_big,ewma_trunc_student_t,0.15,10000,1353,0.1353,20,0.007905097010013639,20.0,6,0.004434589800443459,0.0006,0.007905097010013639,0.0010695596254548453,144,0.10643015521064302,0.0144,0.1456131780993721,0.019701462996845047,1203,0.8891352549889135,0.1203,0.8464817248906142,0.11452897737770011,1.0,0.1353,0.14561317809937208
