detector,detector_label,role,statistic,far_target,threshold,first_eligible_day,n_calibration_paths,calibration_far,n_test_valid_paths,n_test_invalid_paths,far_d126,far_d126_lo,far_d126_hi,detect_d126,detect_d126_lo,detect_d126_hi,far_d252,far_d252_lo,far_d252_hi,detect_d252,detect_d252_lo,detect_d252_hi,far_d504,far_d504_lo,far_d504_hi,detect_d504,detect_d504_lo,detect_d504_hi,undetected_at_H,undetected_at_H_lo,undetected_at_H_hi,trunc_mean_detect_days,trunc_mean_detect_days_se,trunc_mean_detect_years,trunc_mean_detect_years_se,median_detect_days,median_detect_note,trunc_mean_valid_days,trunc_mean_valid_days_se,scenario,arm
binary_gaussian,Fixed Gaussian,fixed scale,Gaussian-calibrated,0.05,-1.9602589794329301,1,0,0.05,5000,5000,0.001,0.00042721349110879964,0.002338953050058211,0.012,0.009334535211612843,0.015414741886762912,0.0136,0.010742591831619502,0.017204228620532072,0.107,0.09873165928086487,0.11587175444795002,0.0474,0.04184958432057469,0.05364533948009102,0.3584,0.3452217035670211,0.37179570962381914,0.6416,0.6282042903761809,0.6547782964329789,438.233,1.545441859245459,1.7390198412698412,0.006132705790656583,,not reached within the 504-day horizon,495.3952,0.6331750354499958,gaussian,gaussian_transfer
binary_student_t,Fixed Student-t (nu=5),fixed scale,Gaussian-calibrated,0.05,-2.387299393589915,1,0,0.05,5000,5000,0.001,0.00042721349110879964,0.002338953050058211,0.0114,0.0088098452155523,0.014740353125157526,0.0128,0.010037035568302636,0.01631101320696103,0.1048,0.09661131057076798,0.11359548104660518,0.0474,0.04184958432057469,0.05364533948009102,0.3364,0.3234338525035358,0.34961733957288693,0.6636,0.650382660427113,0.6765661474964642,442.4818,1.5241467050083064,1.755880158730159,0.006048201210350422,,not reached within the 504-day horizon,495.5564,0.6202212981668236,gaussian,gaussian_transfer
trailing_sharpe_252,Trailing 12m Sharpe,fixed scale,Gaussian-calibrated,0.05,-1.5187780290418438,252,0,0.05,5000,5000,0.0,0.0,0.0007677019450571243,0.0,0.0,0.0007677019450571243,0.0038,0.002434138850885676,0.005927728559389015,0.062,0.05564599630435988,0.06902651059951018,0.0468,0.04128549558366106,0.053010349459338725,0.2994,0.2868631933158819,0.3122448087044751,0.7006,0.6877551912955249,0.7131368066841182,454.638,1.2396695153553872,1.8041190476190476,0.004919323473632489,,not reached within the 504-day horizon,497.1332,0.4967357857454685,gaussian,gaussian_transfer
known_vol_rolling_252,Rolling / fixed sigma_0,fixed scale,Gaussian-calibrated,0.05,-1.5212128432379501,252,0,0.05,5000,5000,0.0,0.0,0.0007677019450571243,0.0,0.0,0.0007677019450571243,0.004,0.002590942718784777,0.006170617610711892,0.0618,0.05545620400945182,0.06881660997519626,0.0452,0.03978255839785057,0.051315743291373395,0.2956,0.28311270957655266,0.3084011269785867,0.7044,0.6915988730214133,0.7168872904234473,455.4008,1.233023057790976,1.8071460317460317,0.004892948642027682,,not reached within the 504-day horizon,497.3124,0.4901129292159888,gaussian,gaussian_transfer
ewma_gaussian,EWMA Gaussian,forecast scale,Gaussian-calibrated,0.05,-2.1652822221606454,1,0,0.05,5000,5000,0.0018,0.0009472935076811986,0.003417644710373721,0.0094,0.0070765572156887115,0.012476711932801345,0.015,0.011983909566843724,0.01876076131986169,0.099,0.09102696588909821,0.10758873107083762,0.0494,0.04373172063796704,0.055760132354918446,0.341,0.32798691660247997,0.3542572126160483,0.659,0.6457427873839517,0.6720130833975201,441.6552,1.5035758879026149,1.7526,0.005966570983740535,,not reached within the 504-day horizon,494.8682,0.6615861130563413,gaussian,gaussian_transfer
ewma_student_t,EWMA Student-t (nu=5),forecast scale,Gaussian-calibrated,0.05,-2.5468626259433758,1,0,0.05,5000,5000,0.0014,0.0006783326019524562,0.0028872197776585087,0.0108,0.008287189765234891,0.014063929817809002,0.0128,0.010037035568302636,0.01631101320696103,0.0954,0.08756516763547541,0.10385605677846481,0.045,0.03959482746331551,0.05110378130668648,0.3172,0.3044449190913604,0.3302357527397525,0.6828,0.6697642472602475,0.6955550809086396,446.955,1.4688688539628132,1.7736309523809524,0.005828844658582592,,not reached within the 504-day horizon,495.857,0.6187349972317389,gaussian,gaussian_transfer
binary_gaussian,Fixed Gaussian,fixed scale,Gaussian-calibrated,0.15,-1.3197624794941698,1,0,0.15,5000,5000,0.0276,0.02340906019120257,0.032516264606487405,0.0934,0.08564346098790364,0.10178083423381683,0.0858,0.07835149039041377,0.09388447390087155,0.309,0.2963427077556709,0.32195055438734094,0.1576,0.14776380545447806,0.1679619168374971,0.5774,0.5636537285547117,0.5910274311841935,0.4226,0.40897256881580657,0.43634627144528837,359.336,2.1790825548739985,1.425936507936508,0.00864715299553174,413,,463.748,1.4770532679870736,gaussian,gaussian_transfer
binary_student_t,Fixed Student-t (nu=5),fixed scale,Gaussian-calibrated,0.15,-1.5973386285518323,1,0,0.15,5000,5000,0.0284,0.024145272686653944,0.03337882378792394,0.095,0.0871807381378733,0.10344110043762297,0.085,0.07758493466579117,0.09305225794860628,0.3052,0.29258961751805074,0.3181094791597437,0.1626,0.15263168957649123,0.17308635569603334,0.5596,0.5457992248024595,0.5733092651256897,0.4404,0.4266907348743103,0.45420077519754065,363.4682,2.180448345810959,1.442334126984127,0.008652572800837139,429,,463.5728,1.4738500421757175,gaussian,gaussian_transfer
trailing_sharpe_252,Trailing 12m Sharpe,fixed scale,Gaussian-calibrated,0.15,-0.9618405333857858,252,0,0.15,5000,5000,0.0,0.0,0.0007677019450571243,0.0,0.0,0.0007677019450571243,0.021,0.017377941132514303,0.02535751733085043,0.1568,0.14698527209700052,0.1671416785180867,0.1462,0.13667862572267922,0.15626460017364321,0.5282,0.5143466680565779,0.5420100335537209,0.4718,0.4579899664462791,0.4856533319434222,407.4594,1.519893498103441,1.616902380952381,0.006031323405172385,477,,480.5926,0.9107815268470971,gaussian,gaussian_transfer
known_vol_rolling_252,Rolling / fixed sigma_0,fixed scale,Gaussian-calibrated,0.15,-0.955738645532081,252,0,0.15,5000,5000,0.0,0.0,0.0007677019450571243,0.0,0.0,0.0007677019450571243,0.0212,0.01755941437195323,0.025575737010633478,0.1558,0.14601223491327492,0.16611625110570244,0.147,0.13745589028312957,0.1570861072900808,0.5338,0.5199520002284775,0.5475961031200368,0.4662,0.45240389687996335,0.4800479997715226,406.7506,1.5178140438875785,1.6140896825396827,0.006023071602728486,470,,480.5406,0.9115397584714857,gaussian,gaussian_transfer
ewma_gaussian,EWMA Gaussian,forecast scale,Gaussian-calibrated,0.15,-1.4535707722600968,1,0,0.15,5000,5000,0.0256,0.02157299196762935,0.03035540363784086,0.0908,0.08314692350146155,0.09908136377037322,0.0826,0.0752865003877144,0.0905543771960193,0.3006,0.2880477732398053,0.31345838629588346,0.1516,0.14192707512979888,0.161807859585517,0.5676,0.5538214881107262,0.5812747185863021,0.4324,0.41872528141369797,0.4461785118892739,363.619,2.163926099253994,1.4429325396825399,0.008587008330372991,425,,465.5398,1.4407423471579428,gaussian,gaussian_transfer
ewma_student_t,EWMA Student-t (nu=5),forecast scale,Gaussian-calibrated,0.15,-1.706496621992804,1,0,0.15,5000,5000,0.0232,0.019378981328847723,0.02775309924595875,0.0832,0.07586093314234772,0.0911790231990519,0.0792,0.0720336673776816,0.08701243057927849,0.2842,0.27186761704613077,0.296863723113356,0.1518,0.14212154729235207,0.16201308034218573,0.5486,0.5347745209514538,0.5623508584194865,0.4514,0.43764914158051355,0.4652254790485461,369.633,2.1428217282806887,1.466797619047619,0.00850326082651067,448,,466.8504,1.4142162230271207,gaussian,gaussian_transfer
binary_gaussian,Fixed Gaussian,fixed scale,calibrated here,0.05,-1.9602589794329301,1,5000,0.05,5000,5000,0.001,0.00042721349110879964,0.002338953050058211,0.012,0.009334535211612843,0.015414741886762912,0.0136,0.010742591831619502,0.017204228620532072,0.107,0.09873165928086487,0.11587175444795002,0.0474,0.04184958432057469,0.05364533948009102,0.3584,0.3452217035670211,0.37179570962381914,0.6416,0.6282042903761809,0.6547782964329789,438.233,1.545441859245459,1.7390198412698412,0.006132705790656583,,not reached within the 504-day horizon,495.3952,0.6331750354499958,gaussian,per_scenario
binary_student_t,Fixed Student-t (nu=5),fixed scale,calibrated here,0.05,-2.387299393589915,1,5000,0.05,5000,5000,0.001,0.00042721349110879964,0.002338953050058211,0.0114,0.0088098452155523,0.014740353125157526,0.0128,0.010037035568302636,0.01631101320696103,0.1048,0.09661131057076798,0.11359548104660518,0.0474,0.04184958432057469,0.05364533948009102,0.3364,0.3234338525035358,0.34961733957288693,0.6636,0.650382660427113,0.6765661474964642,442.4818,1.5241467050083064,1.755880158730159,0.006048201210350422,,not reached within the 504-day horizon,495.5564,0.6202212981668236,gaussian,per_scenario
trailing_sharpe_252,Trailing 12m Sharpe,fixed scale,calibrated here,0.05,-1.5187780290418438,252,5000,0.05,5000,5000,0.0,0.0,0.0007677019450571243,0.0,0.0,0.0007677019450571243,0.0038,0.002434138850885676,0.005927728559389015,0.062,0.05564599630435988,0.06902651059951018,0.0468,0.04128549558366106,0.053010349459338725,0.2994,0.2868631933158819,0.3122448087044751,0.7006,0.6877551912955249,0.7131368066841182,454.638,1.2396695153553872,1.8041190476190476,0.004919323473632489,,not reached within the 504-day horizon,497.1332,0.4967357857454685,gaussian,per_scenario
known_vol_rolling_252,Rolling / fixed sigma_0,fixed scale,calibrated here,0.05,-1.5212128432379501,252,5000,0.05,5000,5000,0.0,0.0,0.0007677019450571243,0.0,0.0,0.0007677019450571243,0.004,0.002590942718784777,0.006170617610711892,0.0618,0.05545620400945182,0.06881660997519626,0.0452,0.03978255839785057,0.051315743291373395,0.2956,0.28311270957655266,0.3084011269785867,0.7044,0.6915988730214133,0.7168872904234473,455.4008,1.233023057790976,1.8071460317460317,0.004892948642027682,,not reached within the 504-day horizon,497.3124,0.4901129292159888,gaussian,per_scenario
ewma_gaussian,EWMA Gaussian,forecast scale,calibrated here,0.05,-2.1652822221606454,1,5000,0.05,5000,5000,0.0018,0.0009472935076811986,0.003417644710373721,0.0094,0.0070765572156887115,0.012476711932801345,0.015,0.011983909566843724,0.01876076131986169,0.099,0.09102696588909821,0.10758873107083762,0.0494,0.04373172063796704,0.055760132354918446,0.341,0.32798691660247997,0.3542572126160483,0.659,0.6457427873839517,0.6720130833975201,441.6552,1.5035758879026149,1.7526,0.005966570983740535,,not reached within the 504-day horizon,494.8682,0.6615861130563413,gaussian,per_scenario
ewma_student_t,EWMA Student-t (nu=5),forecast scale,calibrated here,0.05,-2.5468626259433758,1,5000,0.05,5000,5000,0.0014,0.0006783326019524562,0.0028872197776585087,0.0108,0.008287189765234891,0.014063929817809002,0.0128,0.010037035568302636,0.01631101320696103,0.0954,0.08756516763547541,0.10385605677846481,0.045,0.03959482746331551,0.05110378130668648,0.3172,0.3044449190913604,0.3302357527397525,0.6828,0.6697642472602475,0.6955550809086396,446.955,1.4688688539628132,1.7736309523809524,0.005828844658582592,,not reached within the 504-day horizon,495.857,0.6187349972317389,gaussian,per_scenario
binary_gaussian,Fixed Gaussian,fixed scale,calibrated here,0.15,-1.3197624794941698,1,5000,0.15,5000,5000,0.0276,0.02340906019120257,0.032516264606487405,0.0934,0.08564346098790364,0.10178083423381683,0.0858,0.07835149039041377,0.09388447390087155,0.309,0.2963427077556709,0.32195055438734094,0.1576,0.14776380545447806,0.1679619168374971,0.5774,0.5636537285547117,0.5910274311841935,0.4226,0.40897256881580657,0.43634627144528837,359.336,2.1790825548739985,1.425936507936508,0.00864715299553174,413,,463.748,1.4770532679870736,gaussian,per_scenario
binary_student_t,Fixed Student-t (nu=5),fixed scale,calibrated here,0.15,-1.5973386285518323,1,5000,0.15,5000,5000,0.0284,0.024145272686653944,0.03337882378792394,0.095,0.0871807381378733,0.10344110043762297,0.085,0.07758493466579117,0.09305225794860628,0.3052,0.29258961751805074,0.3181094791597437,0.1626,0.15263168957649123,0.17308635569603334,0.5596,0.5457992248024595,0.5733092651256897,0.4404,0.4266907348743103,0.45420077519754065,363.4682,2.180448345810959,1.442334126984127,0.008652572800837139,429,,463.5728,1.4738500421757175,gaussian,per_scenario
trailing_sharpe_252,Trailing 12m Sharpe,fixed scale,calibrated here,0.15,-0.9618405333857858,252,5000,0.15,5000,5000,0.0,0.0,0.0007677019450571243,0.0,0.0,0.0007677019450571243,0.021,0.017377941132514303,0.02535751733085043,0.1568,0.14698527209700052,0.1671416785180867,0.1462,0.13667862572267922,0.15626460017364321,0.5282,0.5143466680565779,0.5420100335537209,0.4718,0.4579899664462791,0.4856533319434222,407.4594,1.519893498103441,1.616902380952381,0.006031323405172385,477,,480.5926,0.9107815268470971,gaussian,per_scenario
known_vol_rolling_252,Rolling / fixed sigma_0,fixed scale,calibrated here,0.15,-0.955738645532081,252,5000,0.15,5000,5000,0.0,0.0,0.0007677019450571243,0.0,0.0,0.0007677019450571243,0.0212,0.01755941437195323,0.025575737010633478,0.1558,0.14601223491327492,0.16611625110570244,0.147,0.13745589028312957,0.1570861072900808,0.5338,0.5199520002284775,0.5475961031200368,0.4662,0.45240389687996335,0.4800479997715226,406.7506,1.5178140438875785,1.6140896825396827,0.006023071602728486,470,,480.5406,0.9115397584714857,gaussian,per_scenario
ewma_gaussian,EWMA Gaussian,forecast scale,calibrated here,0.15,-1.4535707722600968,1,5000,0.15,5000,5000,0.0256,0.02157299196762935,0.03035540363784086,0.0908,0.08314692350146155,0.09908136377037322,0.0826,0.0752865003877144,0.0905543771960193,0.3006,0.2880477732398053,0.31345838629588346,0.1516,0.14192707512979888,0.161807859585517,0.5676,0.5538214881107262,0.5812747185863021,0.4324,0.41872528141369797,0.4461785118892739,363.619,2.163926099253994,1.4429325396825399,0.008587008330372991,425,,465.5398,1.4407423471579428,gaussian,per_scenario
ewma_student_t,EWMA Student-t (nu=5),forecast scale,calibrated here,0.15,-1.706496621992804,1,5000,0.15,5000,5000,0.0232,0.019378981328847723,0.02775309924595875,0.0832,0.07586093314234772,0.0911790231990519,0.0792,0.0720336673776816,0.08701243057927849,0.2842,0.27186761704613077,0.296863723113356,0.1518,0.14212154729235207,0.16201308034218573,0.5486,0.5347745209514538,0.5623508584194865,0.4514,0.43764914158051355,0.4652254790485461,369.633,2.1428217282806887,1.466797619047619,0.00850326082651067,448,,466.8504,1.4142162230271207,gaussian,per_scenario
binary_gaussian,Fixed Gaussian,fixed scale,Gaussian-calibrated,0.05,-1.9602589794329301,1,0,0.05,5000,5000,0.001,0.00042721349110879964,0.002338953050058211,0.009,0.00673322861097761,0.01202065469906849,0.0152,0.012161871202107252,0.01898249260382014,0.1114,0.10297572349198639,0.12042093445971203,0.048,0.042413931418707994,0.05428007113962365,0.367,0.3537471041019262,0.380457104615459,0.633,0.619542895384541,0.6462528958980738,436.2046,1.55746553334111,1.730970634920635,0.006180418783099643,,not reached within the 504-day horizon,495.0762,0.6521356414818762,jump,gaussian_transfer
binary_student_t,Fixed Student-t (nu=5),fixed scale,Gaussian-calibrated,0.05,-2.387299393589915,1,0,0.05,5000,5000,0.0008,0.00031114697610156274,0.00205532664584347,0.0062,0.0043713883985244135,0.008786794042414002,0.0092,0.0069047385482477065,0.012248837681020369,0.0952,0.08737294742283017,0.1036485840718881,0.0356,0.030810226818122823,0.041102814748446244,0.34,0.3269970026518126,0.35324866197060584,0.66,0.6467513380293943,0.6730029973481875,442.8484,1.4716261686325236,1.7573349206349207,0.005839786383462395,,not reached within the 504-day horizon,497.845,0.5305524782586897,jump,gaussian_transfer
trailing_sharpe_252,Trailing 12m Sharpe,fixed scale,Gaussian-calibrated,0.05,-1.5187780290418438,252,0,0.05,5000,5000,0.0,0.0,0.0007677019450571243,0.0,0.0,0.0007677019450571243,0.0058,0.004041457970253664,0.008317338632240798,0.0658,0.05925568920703122,0.07301098316205637,0.0468,0.04128549558366106,0.053010349459338725,0.3078,0.29515741145341334,0.3207376931742667,0.6922,0.6792623068257333,0.7048425885465868,452.4882,1.2604117818093994,1.7955880952380954,0.005001634054799204,,not reached within the 504-day horizon,497.2178,0.4994072828452062,jump,gaussian_transfer
known_vol_rolling_252,Rolling / fixed sigma_0,fixed scale,Gaussian-calibrated,0.05,-1.5212128432379501,252,0,0.05,5000,5000,0.0,0.0,0.0007677019450571243,0.0,0.0,0.0007677019450571243,0.006,0.004206136160498105,0.008552353361218335,0.0632,0.05678516000428789,0.07028550441491403,0.0496,0.04392008579235035,0.05597146011975712,0.3008,0.2882452132866382,0.3136606391682727,0.6992,0.6863393608317275,0.7117547867133619,453.6638,1.2490996292885437,1.8002531746031745,0.004956744560668824,,not reached within the 504-day horizon,496.7828,0.5195625793749751,jump,gaussian_transfer
ewma_gaussian,EWMA Gaussian,forecast scale,Gaussian-calibrated,0.05,-2.1652822221606454,1,0,0.05,5000,5000,0.0026,0.0015201269998326155,0.004443582895110212,0.017,0.013769889061235687,0.020971711017689503,0.021,0.017377941132514303,0.02535751733085043,0.1492,0.13959387965587444,0.1593447400287777,0.0666,0.06001647553764848,0.07384896850832705,0.4208,0.4071818522822425,0.4345397517058546,0.5792,0.5654602482941454,0.5928181477177575,420.39,1.7114790247299023,1.6682142857142856,0.006791583431467866,,not reached within the 504-day horizon,490.9232,0.7948546402530632,jump,gaussian_transfer
ewma_student_t,EWMA Student-t (nu=5),forecast scale,Gaussian-calibrated,0.05,-2.5468626259433758,1,0,0.05,5000,5000,0.0012,0.0005500831677591556,0.002615776292629832,0.0096,0.007248675096817013,0.012704286970895016,0.013,0.010213148925363891,0.01653459276912175,0.1076,0.0993101339918606,0.11649235849462024,0.0474,0.04184958432057469,0.05364533948009102,0.3592,0.3460145693662013,0.3726016155015269,0.6408,0.6273983844984733,0.6539854306337988,437.4028,1.5440733087870477,1.735725396825397,0.0061272750348692374,,not reached within the 504-day horizon,495.3518,0.6378544810690006,jump,gaussian_transfer
binary_gaussian,Fixed Gaussian,fixed scale,Gaussian-calibrated,0.15,-1.3197624794941698,1,0,0.15,5000,5000,0.025,0.021023493755648905,0.02970582309215537,0.0996,0.09160426345312381,0.10821051226447792,0.0784,0.07126887513142804,0.08617845114864411,0.3112,0.2985160130657615,0.3241738711886921,0.143,0.13357057768624933,0.15297756150252148,0.5852,0.5714833286523441,0.5987858549362183,0.4148,0.4012141450637819,0.428516671347656,357.038,2.1707176772318526,1.4168174603174604,0.008613959036634335,400,,467.9658,1.4020938697233871,jump,gaussian_transfer
binary_student_t,Fixed Student-t (nu=5),fixed scale,Gaussian-calibrated,0.15,-1.5973386285518323,1,0,0.15,5000,5000,0.0176,0.014308249555492083,0.021632429281099035,0.0848,0.07739332746358839,0.09284417223158704,0.0656,0.05906553769029381,0.07280144175957183,0.2996,0.2870606161096339,0.312447078829945,0.131,0.12193049257152744,0.14063607146392476,0.59,0.576303292419769,0.6035585212301208,0.41,0.3964414787698793,0.4236967075802311,360.4016,2.1283874624057586,1.4301650793650793,0.008445981993673645,405,,472.0874,1.305204544900456,jump,gaussian_transfer
trailing_sharpe_252,Trailing 12m Sharpe,fixed scale,Gaussian-calibrated,0.15,-0.9618405333857858,252,0,0.15,5000,5000,0.0,0.0,0.0007677019450571243,0.0,0.0,0.0007677019450571243,0.0222,0.018468128073239217,0.02666548790545738,0.1692,0.1590625458874694,0.1798453657193804,0.1476,0.13803890413732042,0.1577021721935559,0.5576,0.5437942255562835,0.5713173351796459,0.4424,0.42868266482035416,0.4562057744437165,402.3892,1.5212906131630273,1.5967825396825397,0.006036867512551695,448,,481.2678,0.8928849115787906,jump,gaussian_transfer
known_vol_rolling_252,Rolling / fixed sigma_0,fixed scale,Gaussian-calibrated,0.15,-0.955738645532081,252,0,0.15,5000,5000,0.0,0.0,0.0007677019450571243,0.0,0.0,0.0007677019450571243,0.0246,0.02065752018768066,0.02927241082167966,0.1676,0.1575030151971859,0.17820735305588814,0.148,0.13842761104205764,0.1581128511272626,0.5482,0.5343737509697315,0.561952242562765,0.4518,0.43804775743723506,0.46562624903026856,403.7126,1.522406681760473,1.602034126984127,0.006041296356192352,453,,480.9956,0.8983819979111526,jump,gaussian_transfer
ewma_gaussian,EWMA Gaussian,forecast scale,Gaussian-calibrated,0.15,-1.4535707722600968,1,0,0.15,5000,5000,0.0372,0.03229959379788856,0.042810991122456316,0.1266,0.11766880488683523,0.13610451492573344,0.1048,0.09661131057076798,0.11359548104660518,0.3502,0.33709715588633016,0.363532847616409,0.1824,0.17194115777088842,0.19334648650461195,0.6166,0.6030384348408956,0.6299825370655171,0.3834,0.37001746293448295,0.39696156515910447,341.714,2.2439576087684876,1.3560079365079365,0.008904593685589237,360,,456.3228,1.6000108896508798,jump,gaussian_transfer
ewma_student_t,EWMA Student-t (nu=5),forecast scale,Gaussian-calibrated,0.15,-1.706496621992804,1,0,0.15,5000,5000,0.0262,0.022123116236859242,0.031004358126276898,0.0942,0.08641201089382725,0.10261105600478113,0.076,0.06897587602169662,0.08367513522771182,0.3112,0.2985160130657615,0.3241738711886921,0.148,0.13842761104205764,0.1581128511272626,0.5996,0.5859472484853594,0.6130998252871853,0.4004,0.38690017471281474,0.41405275151464066,355.7918,2.1589035234203235,1.4118722222222224,0.008567077473890173,396,,467.0338,1.4140194134778838,jump,gaussian_transfer
binary_gaussian,Fixed Gaussian,fixed scale,calibrated here,0.05,-1.9588383810359304,1,5000,0.05,5000,5000,0.001,0.00042721349110879964,0.002338953050058211,0.0092,0.0069047385482477065,0.012248837681020369,0.0152,0.012161871202107252,0.01898249260382014,0.112,0.10355479737222284,0.1210409393371415,0.048,0.042413931418707994,0.05428007113962365,0.3676,0.35434207088262953,0.3810612165924216,0.6324,0.6189387834075785,0.6456579291173704,435.9508,1.5605647273745695,1.729963492063492,0.006192717172121308,,not reached within the 504-day horizon,495.075,0.6522162158352395,jump,per_scenario
binary_student_t,Fixed Student-t (nu=5),fixed scale,calibrated here,0.05,-2.2499814258207285,1,5000,0.05,5000,5000,0.0008,0.00031114697610156274,0.00205532664584347,0.0122,0.009509858115682888,0.015639111901914846,0.0144,0.011450945038477642,0.01809464709056184,0.1192,0.11050971686933804,0.1284749649320175,0.047,0.04147349616779377,0.053222041794428,0.3786,0.3652537119811753,0.39213268605108464,0.6214,0.6078673139489154,0.6347462880188247,432.196,1.6004452011138506,1.7150634920634922,0.006350973020293058,,not reached within the 504-day horizon,495.4492,0.629451766044989,jump,per_scenario
trailing_sharpe_252,Trailing 12m Sharpe,fixed scale,calibrated here,0.05,-1.4898081973700685,252,5000,0.05,5000,5000,0.0,0.0,0.0007677019450571243,0.0,0.0,0.0007677019450571243,0.007,0.005037635094103144,0.009719319023723182,0.0698,0.06306242296201776,0.07719810779150939,0.0504,0.0446738140627647,0.056816503526230674,0.3194,0.30661947260778794,0.3324578213347668,0.6806,0.6675421786652332,0.6933805273922121,450.2308,1.2792113752701404,1.7866301587301587,0.0050762356161513505,,not reached within the 504-day horizon,496.569,0.5238472401246352,jump,per_scenario
known_vol_rolling_252,Rolling / fixed sigma_0,fixed scale,calibrated here,0.05,-1.4997549651629634,252,5000,0.05,5000,5000,0.0,0.0,0.0007677019450571243,0.0,0.0,0.0007677019450571243,0.0062,0.0043713883985244135,0.008786794042414002,0.0672,0.060587252460472134,0.07447727034316931,0.0536,0.04769284678695339,0.060192557509593625,0.3112,0.2985160130657615,0.3241738711886921,0.6888,0.6758261288113079,0.7014839869342384,451.8356,1.2675447165483709,1.7929984126984126,0.005029939351382424,,not reached within the 504-day horizon,496.231,0.5368733690572485,jump,per_scenario
ewma_gaussian,EWMA Gaussian,forecast scale,calibrated here,0.05,-2.373074224046604,1,5000,0.05,5000,5000,0.0008,0.00031114697610156274,0.00205532664584347,0.0086,0.0063911756315949385,0.011563321840007208,0.0132,0.010389448801641138,0.016757985812066483,0.1072,0.09892447485888448,0.11607863178915243,0.0478,0.042225787297577644,0.05406852234153203,0.3636,0.3503760466666103,0.37703338242400136,0.6364,0.6229666175759987,0.6496239533333896,437.758,1.527350584234488,1.7371349206349205,0.006060915016803524,,not reached within the 504-day horizon,495.314,0.6296310410467149,jump,per_scenario
ewma_student_t,EWMA Student-t (nu=5),forecast scale,calibrated here,0.05,-2.5758285606522944,1,5000,0.05,5000,5000,0.0008,0.00031114697610156274,0.00205532664584347,0.0088,0.006562037439973316,0.011792152950850806,0.0122,0.009509858115682888,0.015639111901914846,0.103,0.09487734390886228,0.11173221143551308,0.0464,0.040909582282313894,0.052586876922241926,0.352,0.338880228321884,0.36534701145385295,0.648,0.6346529885461472,0.6611197716781161,439.336,1.5248292631164746,1.7433968253968255,0.006050909774271725,,not reached within the 504-day horizon,495.775,0.616246725756333,jump,per_scenario
binary_gaussian,Fixed Gaussian,fixed scale,calibrated here,0.15,-1.2995479635638916,1,5000,0.15,5000,5000,0.0268,0.022673845890277048,0.03165270723052502,0.1056,0.09738221351103543,0.11442334978322563,0.0824,0.07509504921994331,0.0903461354445684,0.3192,0.30642177224131534,0.33225582878201737,0.1472,0.1376502220202381,0.15729146847219425,0.5944,0.5807227698457508,0.6079322880270225,0.4056,0.3920677119729777,0.4192772301542493,353.5814,2.1870909784912107,1.4031007936507935,0.0086789324543302,391,,466.4554,1.4350001558388248,jump,per_scenario
binary_student_t,Fixed Student-t (nu=5),fixed scale,calibrated here,0.15,-1.5473444902582578,1,5000,0.15,5000,5000,0.019,0.01556853405777507,0.023169995213369883,0.0994,0.0914118206070568,0.10800326219132297,0.072,0.0651590063175528,0.07949814654741609,0.318,0.30523562747331767,0.33104381603468325,0.1388,0.12949377652231042,0.1486608113627989,0.608,0.594390156344708,0.6214440200351596,0.392,0.3785559799648404,0.405609843655292,352.95,2.163602175741875,1.400595238095238,0.008585722919610614,387,,469.6058,1.3566983037246954,jump,per_scenario
trailing_sharpe_252,Trailing 12m Sharpe,fixed scale,calibrated here,0.15,-0.9607864307608568,252,5000,0.15,5000,5000,0.0,0.0,0.0007677019450571243,0.0,0.0,0.0007677019450571243,0.0222,0.018468128073239217,0.02666548790545738,0.1694,0.15925751091980492,0.18005009360626686,0.1476,0.13803890413732042,0.1577021721935559,0.558,0.5441952073177637,0.5717157392566098,0.442,0.42828426074339027,0.45580479268223645,402.2872,1.521537603402464,1.5963777777777777,0.00603784763254946,448,,481.2618,0.893022771314381,jump,per_scenario
known_vol_rolling_252,Rolling / fixed sigma_0,fixed scale,calibrated here,0.15,-0.9548894511108283,252,5000,0.15,5000,5000,0.0,0.0,0.0007677019450571243,0.0,0.0,0.0007677019450571243,0.0246,0.02065752018768066,0.02927241082167966,0.1678,0.15769793803341903,0.178412123138877,0.1482,0.13862197376386604,0.15831818132467618,0.5484,0.5345741348374085,0.5621515516143101,0.4516,0.43784844838569004,0.46542586516259155,403.6336,1.5227083760089037,1.601720634920635,0.006042493555590888,453,,480.9862,0.8984930160284889,jump,per_scenario
ewma_gaussian,EWMA Gaussian,forecast scale,calibrated here,0.15,-1.6110822310503081,1,5000,0.15,5000,5000,0.022,0.018286209661005734,0.02644771339846888,0.0834,0.07605243700016218,0.09138721226045943,0.0772,0.07012211422576302,0.0849270545389773,0.2952,0.28271798279053617,0.3079964679261593,0.1484,0.1388163426515406,0.1585235053562236,0.5726,0.5588372513067117,0.586251278370866,0.4274,0.413748721629134,0.4411627486932884,362.6622,2.136683219681442,1.4391357142857142,0.008478901665402548,414,,467.6364,1.3867219182459434,jump,per_scenario
ewma_student_t,EWMA Student-t (nu=5),forecast scale,calibrated here,0.15,-1.745148727924151,1,5000,0.15,5000,5000,0.0228,0.019014392098388816,0.02731830263797371,0.088,0.08046054825312766,0.09617203814959939,0.0712,0.06439638427486137,0.07866199691321961,0.3004,0.2878503360643899,0.3132561305520769,0.1426,0.13318218677190888,0.15256656657841802,0.5868,0.5730898347491438,0.6003768921931942,0.4132,0.3996231078068057,0.4269101652508563,360.5208,2.1386073042315044,1.4306380952380953,0.008486536921553588,406,,468.9832,1.3711425126185761,jump,per_scenario
binary_gaussian,Fixed Gaussian,fixed scale,Gaussian-calibrated,0.05,-1.9602589794329301,1,0,0.05,5000,5000,0.0104,0.007939964636342375,0.013611769108257562,0.0198,0.016291095598378512,0.024046205349654355,0.0262,0.022123116236859242,0.031004358126276898,0.1026,0.09449212557428169,0.11131804393164971,0.0554,0.04939380209328447,0.06208883847626034,0.3418,0.32877889454529247,0.35506400635012364,0.6582,0.6449359936498764,0.6712211054547075,440.3388,1.5609101482821495,1.7473761904761904,0.00619408789000853,,not reached within the 504-day horizon,490.8112,0.8901157520920661,stoch_vol,gaussian_transfer
binary_student_t,Fixed Student-t (nu=5),fixed scale,Gaussian-calibrated,0.05,-2.387299393589915,1,0,0.05,5000,5000,0.002,0.0010867468609438852,0.0036778842763330113,0.0038,0.002434138850885676,0.005927728559389015,0.0078,0.005711256209150136,0.010644469585564097,0.0802,0.07298997275947985,0.0880545897935901,0.0252,0.021206588938665706,0.029922420828360545,0.3376,0.32462147506380656,0.35082787452794806,0.6624,0.6491721254720519,0.6753785249361934,447.6988,1.3878459997477395,1.7765825396825397,0.005507325395824363,,not reached within the 504-day horizon,499.4046,0.4803167294610089,stoch_vol,gaussian_transfer
trailing_sharpe_252,Trailing 12m Sharpe,fixed scale,Gaussian-calibrated,0.05,-1.5187780290418438,252,0,0.05,5000,5000,0.0,0.0,0.0007677019450571243,0.0,0.0,0.0007677019450571243,0.0048,0.003227780878929331,0.007132551127455243,0.066,0.05944585882604755,0.07322050646226204,0.0394,0.03435168327487957,0.045155523756907054,0.316,0.30325893893495093,0.32902357538083016,0.684,0.67097642461917,0.6967410610650492,451.6206,1.2657913321978997,1.7921452380952383,0.005022981476975792,,not reached within the 504-day horizon,497.9532,0.4824317879638608,stoch_vol,gaussian_transfer
known_vol_rolling_252,Rolling / fixed sigma_0,fixed scale,Gaussian-calibrated,0.05,-1.5212128432379501,252,0,0.05,5000,5000,0.0,0.0,0.0007677019450571243,0.0,0.0,0.0007677019450571243,0.0098,0.007421083157823486,0.012931571829110523,0.0588,0.052611741775343814,0.06566567842097461,0.0558,0.049772048527119625,0.06250997788086914,0.265,0.2529508680972673,0.27740995181690964,0.735,0.7225900481830904,0.7470491319027327,459.4674,1.2049372772955627,1.8232833333333334,0.004781497132125248,,not reached within the 504-day horizon,495.2432,0.5807811568072956,stoch_vol,gaussian_transfer
ewma_gaussian,EWMA Gaussian,forecast scale,Gaussian-calibrated,0.05,-2.1652822221606454,1,0,0.05,5000,5000,0.011,0.008461172335733187,0.014289640166532683,0.0812,0.07394662267077708,0.08909640447840277,0.0386,0.03360492613069616,0.04430350922420257,0.3128,0.30009681083913897,0.3257906167690905,0.0764,0.06935789665313093,0.08409250043472145,0.6126,0.5990154291136075,0.6260116844083657,0.3874,0.3739883155916344,0.40098457088639256,355.6564,2.117727815850848,1.4113349206349206,0.008403681808931937,388,,485.751,1.0134466807064528,stoch_vol,gaussian_transfer
ewma_student_t,EWMA Student-t (nu=5),forecast scale,Gaussian-calibrated,0.05,-2.5468626259433758,1,0,0.05,5000,5000,0.0078,0.005711256209150136,0.010644469585564097,0.0764,0.06935789665313093,0.08409250043472145,0.0312,0.0267293173446752,0.03639047999901036,0.2892,0.2767984888316569,0.3019251743083793,0.06,0.05374897325570842,0.06692660445594185,0.5926,0.5789146653192063,0.6061431562805693,0.4074,0.39385684371943086,0.4210853346807938,364.3146,2.0937586227648306,1.4456928571428571,0.008308565963352502,412,,489.7216,0.8983463385113691,stoch_vol,gaussian_transfer
binary_gaussian,Fixed Gaussian,fixed scale,Gaussian-calibrated,0.15,-1.3197624794941698,1,0,0.15,5000,5000,0.0424,0.03715721151196373,0.04834538930815256,0.089,0.08141969987165351,0.09721135112718343,0.0888,0.08122784547465063,0.09700351260496436,0.2862,0.2738397411672365,0.29888852818447004,0.1468,0.13726156477427967,0.15688073987970877,0.57,0.5562288764692809,0.583663645258411,0.43,0.41633635474158903,0.443771123530719,365.7948,2.1551410221043614,1.4515666666666667,0.008552146913112546,431,,463.0396,1.5669996758023892,stoch_vol,gaussian_transfer
binary_student_t,Fixed Student-t (nu=5),fixed scale,Gaussian-calibrated,0.15,-1.5973386285518323,1,0,0.15,5000,5000,0.0156,0.01251823713404905,0.01942551251032229,0.072,0.0651590063175528,0.07949814654741609,0.0544,0.04844859105944088,0.06103558491399404,0.2908,0.2783767612098144,0.30354444528399754,0.0966,0.08871871668658597,0.10510066524268614,0.5898,0.576102433884852,0.6033596868458156,0.4102,0.39664031315418435,0.42389756611514806,364.4602,2.0780058192480997,1.446270634920635,0.00824605483828611,408,,479.503,1.1878669806812372,stoch_vol,gaussian_transfer
trailing_sharpe_252,Trailing 12m Sharpe,fixed scale,Gaussian-calibrated,0.15,-0.9618405333857858,252,0,0.15,5000,5000,0.0,0.0,0.0007677019450571243,0.0,0.0,0.0007677019450571243,0.024,0.020109114739861697,0.02862173751183269,0.1694,0.15925751091980492,0.18005009360626686,0.1342,0.12503209909447566,0.14392955164852822,0.5776,0.5638544437767627,0.5912264088813644,0.4224,0.40877359111863565,0.43614555622323736,399.1406,1.5244545511965033,1.58389126984127,0.006049422822208346,437,,482.7966,0.8771237739971377,stoch_vol,gaussian_transfer
known_vol_rolling_252,Rolling / fixed sigma_0,fixed scale,Gaussian-calibrated,0.15,-0.955738645532081,252,0,0.15,5000,5000,0.0,0.0,0.0007677019450571243,0.0,0.0,0.0007677019450571243,0.0282,0.023961128241689122,0.03316327531366678,0.155,0.1452339094802774,0.16529580486181208,0.137,0.1277474728981889,0.14680987871392262,0.5166,0.5027411700320592,0.5304333422633647,0.4834,0.46956665773663525,0.49725882996794074,410.9094,1.5107320280513403,1.6305928571428572,0.005994968365283096,489,,482.141,0.8925038579341187,stoch_vol,gaussian_transfer
ewma_gaussian,EWMA Gaussian,forecast scale,Gaussian-calibrated,0.15,-1.4535707722600968,1,0,0.15,5000,5000,0.0556,0.049582913854809285,0.06229941963395749,0.235,0.22345375993809138,0.24695312209278894,0.119,0.11031637850955725,0.12826861037257628,0.5162,0.5023411136749364,0.5300340127820437,0.1814,0.17096474960085867,0.19232443007853178,0.7628,0.7508107229188387,0.7743857729388394,0.2372,0.22561422706116063,0.24918927708116145,280.8786,2.3029916731367717,1.114597619047619,0.00913885584578084,243,,451.5492,1.7356531030741258,stoch_vol,gaussian_transfer
ewma_student_t,EWMA Student-t (nu=5),forecast scale,Gaussian-calibrated,0.15,-1.706496621992804,1,0,0.15,5000,5000,0.046,0.04053378733537788,0.052163286030734,0.2232,0.21187340675394398,0.23495159304283972,0.1026,0.09449212557428169,0.11131804393164971,0.498,0.4841479287321976,0.5118551420755828,0.1588,0.14893177684223954,0.16919210296506745,0.7564,0.7443080038491816,0.7680983185933932,0.2436,0.23190168140660686,0.2556919961508185,284.8404,2.304278743050227,1.1303190476190477,0.00914396326607233,254,,458.3102,1.638533073611474,stoch_vol,gaussian_transfer
binary_gaussian,Fixed Gaussian,fixed scale,calibrated here,0.05,-2.036818299530035,1,5000,0.05,5000,5000,0.009,0.00673322861097761,0.01202065469906849,0.0164,0.01323266415044011,0.020309857170819144,0.0226,0.018832220387268353,0.02710078142987219,0.0902,0.08257107622794864,0.09845813228622018,0.0494,0.04373172063796704,0.055760132354918446,0.318,0.30523562747331767,0.33104381603468325,0.682,0.668956183965317,0.6947643725266824,446.4158,1.4953524125902788,1.7714912698412697,0.00593393814519952,,not reached within the 504-day horizon,492.4992,0.8292284629948299,stoch_vol,per_scenario
binary_student_t,Fixed Student-t (nu=5),fixed scale,calibrated here,0.05,-2.002071371838771,1,5000,0.05,5000,5000,0.0052,0.003551168641804525,0.0076085492030240065,0.0196,0.016110299881331586,0.023827308147479305,0.0218,0.018104377913406702,0.026229852226845936,0.1608,0.15087884811343222,0.17124196088609456,0.0516,0.045805193052696626,0.05808328205163061,0.4578,0.44402807228309166,0.47163672176107124,0.5422,0.5283632782389289,0.5559719277169084,414.2524,1.734684906602072,1.6438587301587302,0.006883670264293936,,not reached within the 504-day horizon,492.6924,0.7814707260973691,stoch_vol,per_scenario
trailing_sharpe_252,Trailing 12m Sharpe,fixed scale,calibrated here,0.05,-1.4786079943615238,252,5000,0.05,5000,5000,0.0,0.0,0.0007677019450571243,0.0,0.0,0.0007677019450571243,0.006,0.004206136160498105,0.008552353361218335,0.0724,0.0655404134654297,0.07991612523798315,0.0438,0.03846909782873126,0.04983135342593886,0.3368,0.3238297162042462,0.35002086171062047,0.6632,0.6499791382893795,0.6761702837957538,447.7936,1.2981403442920552,1.7769587301587302,0.005151350572587521,,not reached within the 504-day horizon,497.4064,0.5044295963279021,stoch_vol,per_scenario
known_vol_rolling_252,Rolling / fixed sigma_0,fixed scale,calibrated here,0.05,-1.612613530860908,252,5000,0.05,5000,5000,0.0,0.0,0.0007677019450571243,0.0,0.0,0.0007677019450571243,0.0086,0.0063911756315949385,0.011563321840007208,0.0494,0.04373172063796704,0.055760132354918446,0.049,0.04335507170094735,0.055337395453494184,0.232,0.22050837722073155,0.24390311102181914,0.768,0.756096888978181,0.7794916227792685,465.4776,1.1362399869347946,1.8471333333333333,0.004508888837042835,,not reached within the 504-day horizon,496.2808,0.5493616931730726,stoch_vol,per_scenario
ewma_gaussian,EWMA Gaussian,forecast scale,calibrated here,0.05,-2.577890574521266,1,5000,0.05,5000,5000,0.0042,0.002748774410314672,0.006412478838403972,0.0472,0.041661525804974855,0.053433705076468885,0.021,0.017377941132514303,0.02535751733085043,0.2266,0.21520878231829602,0.23841099710526129,0.0466,0.04109752422905179,0.05279862789472603,0.5238,0.5099437027139967,0.5376197546734186,0.4762,0.4623802453265814,0.4900562972860034,388.2862,1.9544033965482375,1.540818253968254,0.007755569033921577,476,,493.7884,0.7474349583016427,stoch_vol,per_scenario
ewma_student_t,EWMA Student-t (nu=5),forecast scale,calibrated here,0.05,-2.804030214875305,1,5000,0.05,5000,5000,0.0048,0.003227780878929331,0.007132551127455243,0.056,0.0499612059948101,0.06272051333240064,0.0222,0.018468128073239217,0.02666548790545738,0.2396,0.22797159635998812,0.2516282228129977,0.0474,0.04184958432057469,0.05364533948009102,0.54,0.5261599434169919,0.5537786404274037,0.46,0.44622135957259645,0.4738400565830082,383.2256,1.9978161664214658,1.5207365079365078,0.007927841930243911,464,,493.5562,0.76065680044657,stoch_vol,per_scenario
gaussian_oracle_vol,Gaussian oracle (true current var),ideal-information control,calibrated here,0.05,-2.4552066740541223,1,5000,0.05,5000,5000,0.0076,0.0055422231900968295,0.010413809685395427,0.1076,0.0993101339918606,0.11649235849462024,0.021,0.017377941132514303,0.02535751733085043,0.311,0.29831842588011226,0.3239717654551194,0.0458,0.04034593470149568,0.05195144574539422,0.6292,0.6157172277332972,0.6424843980841,0.3708,0.35751560191590004,0.3842827722667028,350.9678,2.1781135572705277,1.392729365079365,0.008643307766946539,382,,493.4466,0.7879545698635383,stoch_vol,per_scenario
binary_gaussian,Fixed Gaussian,fixed scale,calibrated here,0.15,-1.2984869331878868,1,5000,0.15,5000,5000,0.0454,0.039970320043562504,0.051527674564883455,0.0934,0.08564346098790364,0.10178083423381683,0.093,0.08525925317287317,0.10136565621040333,0.2952,0.28271798279053617,0.3079964679261593,0.1516,0.14192707512979888,0.161807859585517,0.5784,0.5646573276426834,0.5920222966923316,0.4216,0.40797770330766836,0.4353426723573166,361.979,2.1735444073812182,1.436424603174603,0.00862517621976674,420,,461.3572,1.599619579209894,stoch_vol,per_scenario
binary_student_t,Fixed Student-t (nu=5),fixed scale,calibrated here,0.15,-1.3482801666591744,1,5000,0.15,5000,5000,0.0364,0.03155457545035066,0.04195723779310631,0.1344,0.12522600941058246,0.14413533425164335,0.0888,0.08122784547465063,0.09700351260496436,0.3952,0.3817342284520588,0.40882668187562526,0.137,0.1277474728981889,0.14680987871392262,0.6714,0.65825345205227,0.6842833797209644,0.3286,0.31571662027903563,0.34174654794773,325.9684,2.240650919620618,1.2935253968253968,0.00889147190325642,321,,465.55,1.5116890357306128,stoch_vol,per_scenario
trailing_sharpe_252,Trailing 12m Sharpe,fixed scale,calibrated here,0.15,-0.8744806884162497,252,5000,0.15,5000,5000,0.0,0.0,0.0007677019450571243,0.0,0.0,0.0007677019450571243,0.029,0.024698062696600596,0.03402511253564323,0.1946,0.1838627862730449,0.20580612607499602,0.1516,0.14192707512979888,0.161807859585517,0.6194,0.6058551117490107,0.6327615610265096,0.3806,0.36723843897349046,0.3941448882509893,390.1882,1.534142260237599,1.548365873015873,0.006087866112053964,404,,479.8288,0.930150855633024,stoch_vol,per_scenario
known_vol_rolling_252,Rolling / fixed sigma_0,fixed scale,calibrated here,0.15,-0.8925189608231203,252,5000,0.15,5000,5000,0.0,0.0,0.0007677019450571243,0.0,0.0,0.0007677019450571243,0.0326,0.028025269888894675,0.03789237788934472,0.172,0.1617925306135036,0.1827110818624539,0.15,0.1403715144980469,0.1601658768634931,0.5458,0.5319693196798916,0.5595603588219411,0.4542,0.4404396411780589,0.4680306803201084,404.3446,1.526802579049131,1.6045420634920635,0.006058740393052107,459,,479.997,0.9307972254443923,stoch_vol,per_scenario
ewma_gaussian,EWMA Gaussian,forecast scale,calibrated here,0.15,-1.608609816943812,1,5000,0.15,5000,5000,0.0378,0.032858784642278795,0.04345087903573202,0.1896,0.17897479613190218,0.20070179323558932,0.0926,0.08487509046113609,0.10095043308369647,0.4636,0.449810958688873,0.47744493001272725,0.1504,0.1407603684068508,0.16057640879313317,0.7348,0.7223872552019851,0.7468522319646161,0.2652,0.25314776803538386,0.277612744798015,298.4334,2.27496342929044,1.184259523809524,0.009027632655914445,273,,462.4814,1.5445796956114692,stoch_vol,per_scenario
ewma_student_t,EWMA Student-t (nu=5),forecast scale,calibrated here,0.15,-1.7911419438991594,1,5000,0.15,5000,5000,0.038,0.03304526128739777,0.04366409530983501,0.2016,0.190710637295328,0.21294752722548216,0.0912,0.0835308799658389,0.09949679314443981,0.4728,0.45898766257271223,0.48665410041309903,0.1444,0.13493014833825648,0.15441584128506822,0.7396,0.7272551801669267,0.7515769370610021,0.2604,0.248423062938998,0.27274481983307347,294.3186,2.297666536534538,1.1679309523809525,0.009117724351327532,271,,463.254,1.5473208901800033,stoch_vol,per_scenario
gaussian_oracle_vol,Gaussian oracle (true current var),ideal-information control,calibrated here,0.15,-1.588741650593456,1,5000,0.15,5000,5000,0.0502,0.04448534215006972,0.05660528251970369,0.2524,0.2405527632577092,0.2646274027454832,0.1006,0.09256663145562494,0.10924660885808668,0.5298,0.5159480133419003,0.5436062316221744,0.1474,0.13784455997511877,0.15749682343653557,0.7856,0.7740073482445888,0.7967541404043945,0.2144,0.20324585959560554,0.22599265175541117,269.7392,2.3431301902561237,1.0703936507936507,0.009298135675619539,235,,459.3276,1.6679448143235214,stoch_vol,per_scenario
binary_gaussian,Fixed Gaussian,fixed scale,Gaussian-calibrated,0.05,-1.9602589794329301,1,0,0.05,5000,5000,0.002,0.0010867468609438852,0.0036778842763330113,0.0152,0.012161871202107252,0.01898249260382014,0.0136,0.010742591831619502,0.017204228620532072,0.1126,0.10413395055837733,0.12166086490865295,0.0474,0.04184958432057469,0.05364533948009102,0.362,0.3487899151456328,0.375421970591203,0.638,0.6245780294087969,0.6512100848543673,436.0236,1.5859446814799507,1.7302523809523809,0.00629343127571409,,not reached within the 504-day horizon,495.359,0.6474334080070017,student_t,gaussian_transfer
binary_student_t,Fixed Student-t (nu=5),fixed scale,Gaussian-calibrated,0.05,-2.387299393589915,1,0,0.05,5000,5000,0.0002,3.530578343936526e-05,0.0011320890808397363,0.0074,0.005373597756871216,0.010182742199399067,0.0066,0.0047035107132362645,0.009254057566146109,0.0848,0.07739332746358839,0.09284417223158704,0.0288,0.024513740513153515,0.03380974179986833,0.3392,0.3262051183599577,0.3524417745855728,0.6608,0.6475582254144273,0.6737948816400424,445.9,1.4287216695780267,1.7694444444444444,0.005669530434833439,,not reached within the 504-day horizon,499.1978,0.4631137116238071,student_t,gaussian_transfer
trailing_sharpe_252,Trailing 12m Sharpe,fixed scale,Gaussian-calibrated,0.05,-1.5187780290418438,252,0,0.05,5000,5000,0.0,0.0,0.0007677019450571243,0.0,0.0,0.0007677019450571243,0.0066,0.0047035107132362645,0.009254057566146109,0.0672,0.060587252460472134,0.07447727034316931,0.0496,0.04392008579235035,0.05597146011975712,0.2988,0.286270942228864,0.31163798103382706,0.7012,0.688362018966173,0.7137290577711362,453.5278,1.2614615739262527,1.799713492063492,0.005005799896532749,,not reached within the 504-day horizon,496.947,0.510202253491587,student_t,gaussian_transfer
known_vol_rolling_252,Rolling / fixed sigma_0,fixed scale,Gaussian-calibrated,0.05,-1.5212128432379501,252,0,0.05,5000,5000,0.0,0.0,0.0007677019450571243,0.0,0.0,0.0007677019450571243,0.007,0.005037635094103144,0.009719319023723182,0.0648,0.058305114190252964,0.07196309358272475,0.0498,0.04410847786419272,0.05618276096713672,0.2944,0.281928564232457,0.30718711480735056,0.7056,0.6928128851926494,0.7180714357675431,454.8836,1.2444827349800929,1.8050936507936508,0.004938423551508305,,not reached within the 504-day horizon,496.8218,0.5160203720366778,student_t,gaussian_transfer
ewma_gaussian,EWMA Gaussian,forecast scale,Gaussian-calibrated,0.05,-2.1652822221606454,1,0,0.05,5000,5000,0.0028,0.0016686770757911354,0.00469472573837367,0.0238,0.01992646446433773,0.028404694868134687,0.0202,0.01665298861444311,0.02448369817203371,0.1504,0.1407603684068508,0.16057640879313317,0.0682,0.06153889799219846,0.07552408940755286,0.404,0.39047753166422966,0.41766986710922144,0.596,0.5823301328907786,0.6095224683357703,422.3038,1.7305673733775173,1.6758087301587303,0.00686733084673618,,not reached within the 504-day horizon,491.287,0.7750018398496574,student_t,gaussian_transfer
ewma_student_t,EWMA Student-t (nu=5),forecast scale,Gaussian-calibrated,0.05,-2.5468626259433758,1,0,0.05,5000,5000,0.0008,0.00031114697610156274,0.00205532664584347,0.0124,0.009685385642423546,0.015863277294396162,0.0088,0.006562037439973316,0.011792152950850806,0.1048,0.09661131057076798,0.11359548104660518,0.0382,0.033231777279803,0.04387727223665177,0.3632,0.3499794988461716,0.37663054440599614,0.6368,0.6233694555940039,0.6500205011538285,438.1326,1.536127696875563,1.7386214285714288,0.006095744828871282,,not reached within the 504-day horizon,497.4756,0.5401079746243805,student_t,gaussian_transfer
binary_gaussian,Fixed Gaussian,fixed scale,Gaussian-calibrated,0.15,-1.3197624794941698,1,0,0.15,5000,5000,0.0224,0.018650132017796136,0.02688317688012243,0.1026,0.09449212557428169,0.11131804393164971,0.0712,0.06439638427486137,0.07866199691321961,0.3114,0.2987136030406166,0.324375974133059,0.141,0.131628882757097,0.15092232723945403,0.5874,0.5736923127827801,0.600973492917224,0.4126,0.3990265070827761,0.42630768721722,356.7742,2.1902756777129393,1.415770634920635,0.00869157014965452,405,,469.734,1.359813041230823,student_t,gaussian_transfer
binary_student_t,Fixed Student-t (nu=5),fixed scale,Gaussian-calibrated,0.15,-1.5973386285518323,1,0,0.15,5000,5000,0.014,0.011096433554600585,0.017649772735994947,0.0848,0.07739332746358839,0.09284417223158704,0.0542,0.04825961924472352,0.06082486380948941,0.295,0.2825206237716868,0.30779413402578665,0.1118,0.10336176390622993,0.12083427988391242,0.5808,0.5670662000681206,0.5944097392975582,0.4192,0.4055902607024418,0.4329337999318796,363.3452,2.1319437150621114,1.4418460317460318,0.008460094107389331,418,,477.444,1.1936043528197333,student_t,gaussian_transfer
trailing_sharpe_252,Trailing 12m Sharpe,fixed scale,Gaussian-calibrated,0.15,-0.9618405333857858,252,0,0.15,5000,5000,0.0,0.0,0.0007677019450571243,0.0,0.0,0.0007677019450571243,0.0234,0.01956139679590935,0.027970376698119106,0.171,0.16081741923937043,0.18168772864047722,0.1542,0.14445567740468332,0.16447526526051823,0.543,0.529164558048338,0.5567694195843873,0.457,0.4432305804156128,0.47083544195166227,405.8576,1.5224593265267174,1.6105460317460316,0.00604150526399491,466,,480.2822,0.9018090954081757,student_t,gaussian_transfer
known_vol_rolling_252,Rolling / fixed sigma_0,fixed scale,Gaussian-calibrated,0.15,-0.955738645532081,252,0,0.15,5000,5000,0.0,0.0,0.0007677019450571243,0.0,0.0,0.0007677019450571243,0.022,0.018286209661005734,0.02644771339846888,0.1684,0.15828273831653666,0.17902640161342526,0.1562,0.14640143245551734,0.16652643940190398,0.5408,0.5269611247558135,0.5545762307654698,0.4592,0.4454237692345302,0.47303887524418653,405.8694,1.523557335356574,1.6105928571428572,0.006045862441891166,468,,480.103,0.9034066343067124,student_t,gaussian_transfer
ewma_gaussian,EWMA Gaussian,forecast scale,Gaussian-calibrated,0.15,-1.4535707722600968,1,0,0.15,5000,5000,0.0332,0.028581422740299713,0.03853530379560562,0.1358,0.1265835760000674,0.14557561809671224,0.099,0.09102696588909821,0.10758873107083762,0.3594,0.3462127920854697,0.3728030857014805,0.1824,0.17194115777088842,0.19334648650461195,0.617,0.6034407883081395,0.630379569436717,0.383,0.3696204305632829,0.39655921169186054,341.0414,2.271746100090557,1.3533388888888889,0.00901486547654983,367,,457.7938,1.5649204361584332,student_t,gaussian_transfer
ewma_student_t,EWMA Student-t (nu=5),forecast scale,Gaussian-calibrated,0.15,-1.706496621992804,1,0,0.15,5000,5000,0.0148,0.011806099315891449,0.01853887865159199,0.0996,0.09160426345312381,0.10821051226447792,0.0634,0.0569750881353032,0.07049526920312069,0.3092,0.29654026696771063,0.32215268809452324,0.1278,0.11883072909474562,0.13734074823315495,0.5882,0.5744956493147979,0.6017689280620939,0.4118,0.3982310719379061,0.4255043506852021,358.4732,2.1737240836017633,1.4225126984126986,0.008625889220641917,411,,473.775,1.2649041352981256,student_t,gaussian_transfer
binary_gaussian,Fixed Gaussian,fixed scale,calibrated here,0.05,-1.9987012158704056,1,5000,0.05,5000,5000,0.0014,0.0006783326019524562,0.0028872197776585087,0.0116,0.008984523450010988,0.014965367809920811,0.0124,0.009685385642423546,0.015863277294396162,0.1042,0.09603323425328443,0.1129744786064228,0.0444,0.03903182088142633,0.05046770913090974,0.3502,0.33709715588633016,0.363532847616409,0.6498,0.6364671523835911,0.6629028441136698,439.926,1.5365598419943187,1.7457380952380952,0.006097459690453646,,not reached within the 504-day horizon,496.0184,0.6163060107672013,student_t,per_scenario
binary_student_t,Fixed Student-t (nu=5),fixed scale,calibrated here,0.05,-2.117428151549289,1,5000,0.05,5000,5000,0.0016,0.0008109751397282834,0.0031542701591046594,0.0186,0.015207890540775303,0.0227312528919257,0.0146,0.01162844344183671,0.018316841606424748,0.1396,0.13027008595729586,0.14948327360470134,0.0488,0.043166788231898734,0.05512598600332083,0.4192,0.4055902607024418,0.4329337999318796,0.5808,0.5670662000681206,0.5944097392975582,422.8562,1.6894966303857542,1.6780007936507937,0.006704351707879977,,not reached within the 504-day horizon,495.1864,0.6491491430557279,student_t,per_scenario
trailing_sharpe_252,Trailing 12m Sharpe,fixed scale,calibrated here,0.05,-1.5314758399637414,252,5000,0.05,5000,5000,0.0,0.0,0.0007677019450571243,0.0,0.0,0.0007677019450571243,0.0066,0.0047035107132362645,0.009254057566146109,0.0652,0.05868528927131244,0.07238230434010924,0.048,0.042413931418707994,0.05428007113962365,0.2932,0.2807445241379658,0.30597299738650996,0.7068,0.6940270026134902,0.7192554758620343,454.6768,1.2500669589395468,1.804273015873016,0.004960583170395027,,not reached within the 504-day horizon,497.1552,0.5024713306046584,student_t,per_scenario
known_vol_rolling_252,Rolling / fixed sigma_0,fixed scale,calibrated here,0.05,-1.5326197085615674,252,5000,0.05,5000,5000,0.0,0.0,0.0007677019450571243,0.0,0.0,0.0007677019450571243,0.007,0.005037635094103144,0.009719319023723182,0.0636,0.05716503532950287,0.07070501492814299,0.0476,0.04203767154178206,0.053856945178105645,0.2894,0.27699576250350555,0.3021275935557526,0.7106,0.6978724064442475,0.7230042374964946,455.6742,1.2379300242828768,1.8082309523809523,0.004912420731281257,,not reached within the 504-day horizon,497.1144,0.5055951224186827,student_t,per_scenario
ewma_gaussian,EWMA Gaussian,forecast scale,calibrated here,0.05,-2.4302198542672406,1,5000,0.05,5000,5000,0.001,0.00042721349110879964,0.002338953050058211,0.0096,0.007248675096817013,0.012704286970895016,0.0098,0.007421083157823486,0.012931571829110523,0.0954,0.08756516763547541,0.10385605677846481,0.0454,0.039970320043562504,0.051527674564883455,0.3318,0.31888217685826237,0.3449760780760549,0.6682,0.6550239219239452,0.6811178231417377,443.1884,1.490165406817624,1.758684126984127,0.005913354788958825,,not reached within the 504-day horizon,496.4016,0.5837548607382101,student_t,per_scenario
ewma_student_t,EWMA Student-t (nu=5),forecast scale,calibrated here,0.05,-2.3910263025528815,1,5000,0.05,5000,5000,0.0012,0.0005500831677591556,0.002615776292629832,0.0194,0.015929606684229693,0.02360830842535922,0.0128,0.010037035568302636,0.01631101320696103,0.1302,0.12115537667153806,0.13981241568702626,0.0474,0.04184958432057469,0.05364533948009102,0.4006,0.3870988967923484,0.41425372235432906,0.5994,0.585746277645671,0.6129011032076517,427.5194,1.6572659505384653,1.6965055555555557,0.0065764521846764495,,not reached within the 504-day horizon,495.5372,0.6246617033889112,student_t,per_scenario
binary_gaussian,Fixed Gaussian,fixed scale,calibrated here,0.15,-1.303475183321472,1,5000,0.15,5000,5000,0.024,0.020109114739861697,0.02862173751183269,0.1068,0.09853885305910906,0.11566486775048387,0.076,0.06897587602169662,0.08367513522771182,0.3178,0.30503794626325187,0.3308418043255271,0.147,0.13745589028312957,0.1570861072900808,0.5952,0.5815264326407924,0.6087273969088686,0.4048,0.3912726030911314,0.41847356735920754,354.1944,2.2001789289037013,1.4055333333333333,0.008730868765490878,396,,467.9072,1.3953419055696306,student_t,per_scenario
binary_student_t,Fixed Student-t (nu=5),fixed scale,calibrated here,0.15,-1.4081490541070798,1,5000,0.15,5000,5000,0.029,0.024698062696600596,0.03402511253564323,0.1354,0.12619566525136555,0.14516414300697011,0.0844,0.07701015141856624,0.09242796243816526,0.3686,0.35533373157000536,0.38206802050115574,0.1468,0.13726156477427967,0.15688073987970877,0.637,0.6235708783358432,0.6502187713312112,0.363,0.3497812286687888,0.3764291216641569,336.713,2.2681800665650145,1.3361626984126984,0.009000714549861169,357,,465.8636,1.4516856123938977,student_t,per_scenario
trailing_sharpe_252,Trailing 12m Sharpe,fixed scale,calibrated here,0.15,-0.9618956364671452,252,5000,0.15,5000,5000,0.0,0.0,0.0007677019450571243,0.0,0.0,0.0007677019450571243,0.0234,0.01956139679590935,0.027970376698119106,0.171,0.16081741923937043,0.18168772864047722,0.1542,0.14445567740468332,0.16447526526051823,0.543,0.529164558048338,0.5567694195843873,0.457,0.4432305804156128,0.47083544195166227,405.8608,1.5224820376552874,1.61055873015873,0.006041595387520982,466,,480.2828,0.9017932862126506,student_t,per_scenario
known_vol_rolling_252,Rolling / fixed sigma_0,fixed scale,calibrated here,0.15,-0.9541888502244783,252,5000,0.15,5000,5000,0.0,0.0,0.0007677019450571243,0.0,0.0,0.0007677019450571243,0.0222,0.018468128073239217,0.02666548790545738,0.1688,0.15867263157546552,0.17943589419294037,0.1568,0.14698527209700052,0.1671416785180867,0.5418,0.5279626517676637,0.5555731683497294,0.4582,0.4444268316502705,0.47203734823233634,405.6132,1.524306629025754,1.6095761904761905,0.0060488358294672785,467,,480.0216,0.9045977482313455,student_t,per_scenario
ewma_gaussian,EWMA Gaussian,forecast scale,calibrated here,0.15,-1.6298999347692953,1,5000,0.15,5000,5000,0.0192,0.015749017549122262,0.02338920464124467,0.0922,0.0844909731146427,0.1005351645917459,0.068,0.061348534154977034,0.07531476032555232,0.2996,0.2870606161096339,0.312447078829945,0.1402,0.13085238782396819,0.15010005049569497,0.5636,0.5498099025059843,0.5772924458066045,0.4364,0.42270755419339556,0.45019009749401584,365.0792,2.1514867893047613,1.448726984126984,0.008537645989304609,426,,470.5828,1.324436912600631,student_t,per_scenario
ewma_student_t,EWMA Student-t (nu=5),forecast scale,calibrated here,0.15,-1.5739956918821432,1,5000,0.15,5000,5000,0.0254,0.02138975527962131,0.03013894740662692,0.1356,0.126389617180591,0.14536988399696665,0.0814,0.07413799348501177,0.08930472658339006,0.3582,0.3450234933913147,0.3715942268803036,0.15,0.1403715144980469,0.1601658768634931,0.6268,0.6133014738739773,0.6401038369127563,0.3732,0.35989616308724376,0.3866985261260228,340.4346,2.261161089896713,1.3509309523809523,0.0089728614678441,367,,466.1274,1.4333086717792924,student_t,per_scenario
binary_gaussian,Fixed Gaussian,fixed scale,calibrated here,0.05,-1.9301363821161894,1,5000,0.05,5000,5000,0.0014,0.0006783326019524562,0.0028872197776585087,0.0116,0.008984523450010988,0.014965367809920811,0.0186,0.015207890540775303,0.0227312528919257,0.1138,0.10529249264693015,0.12290048033543198,0.055,0.049015647769374275,0.06166760696172658,0.3738,0.3604913584901683,0.3873024094807643,0.6262,0.6126975905192358,0.6395086415098319,433.7762,1.5866751937135932,1.7213341269841271,0.0062963301337841,,not reached within the 504-day horizon,493.8132,0.697550009931382,sv_rho0_control,per_scenario
binary_student_t,Fixed Student-t (nu=5),fixed scale,calibrated here,0.05,-1.928085750231532,1,5000,0.05,5000,5000,0.0022,0.001228915407138813,0.003935408649360061,0.0216,0.01792263398844897,0.026011903232581693,0.0206,0.017015274139237497,0.024920798485683283,0.174,0.16374313850210645,0.18475740316607084,0.0542,0.04825961924472352,0.06082486380948941,0.4862,0.4723621504267983,0.5000590381468855,0.5138,0.49994096185311465,0.5276378495732018,405.7316,1.7895965923863106,1.610046031746032,0.0071015737793107565,,not reached within the 504-day horizon,492.4804,0.7622776768470423,sv_rho0_control,per_scenario
ewma_gaussian,EWMA Gaussian,forecast scale,calibrated here,0.05,-2.4879919979249294,1,5000,0.05,5000,5000,0.0018,0.0009472935076811986,0.003417644710373721,0.0056,0.003877382638215079,0.008081721045057406,0.0166,0.013411609285621018,0.020530604954860213,0.0908,0.08314692350146155,0.09908136377037322,0.0522,0.046371228094227626,0.058716325767765545,0.3408,0.32778892861063763,0.3540555076886686,0.6592,0.6459444923113314,0.6722110713893624,443.4548,1.4613762265368548,1.7597412698412698,0.005799112010066884,,not reached within the 504-day horizon,494.6336,0.6667169508168374,sv_rho0_control,per_scenario
ewma_student_t,EWMA Student-t (nu=5),forecast scale,calibrated here,0.05,-2.214621871884306,1,5000,0.05,5000,5000,0.0038,0.002434138850885676,0.005927728559389015,0.02,0.016471992331652408,0.024265001535602435,0.0176,0.014308249555492083,0.021632429281099035,0.1572,0.14737452730518363,0.1675518091483476,0.0508,0.04505083668536069,0.05723886674207864,0.4604,0.4466201681603651,0.47424063383368353,0.5396,0.5257593661663166,0.5533798318396349,413.274,1.738454598106587,1.6399761904761905,0.0068986293575658214,,not reached within the 504-day horizon,493.5648,0.7275343988103178,sv_rho0_control,per_scenario
gaussian_oracle_vol,Gaussian oracle (true current var),ideal-information control,calibrated here,0.05,-2.557207869910097,1,5000,0.05,5000,5000,0.005,0.0033891014531031933,0.00737092347250336,0.0754,0.06840295646431328,0.08304897602742921,0.0218,0.018104377913406702,0.026229852226845936,0.3186,0.3058286875424995,0.33164983472316734,0.0432,0.037906663853665874,0.049194708643338324,0.669,0.6558312406206369,0.681909276121934,0.331,0.31809072387806625,0.3441687593793632,346.7114,2.0506755072451623,1.375838888888889,0.008137601219226834,356,,493.7608,0.7658428688262013,sv_rho0_control,per_scenario
binary_gaussian,Fixed Gaussian,fixed scale,calibrated here,0.15,-1.305804523000213,1,5000,0.15,5000,5000,0.031,0.026544386492613793,0.036175717931849795,0.1006,0.09256663145562494,0.10924660885808668,0.0894,0.08180344452007887,0.09762699231720204,0.3138,0.3010848997642372,0.32680099244010224,0.1602,0.15029466775989886,0.17062706248196202,0.5978,0.5841385955832115,0.6113112419163353,0.4022,0.38868875808366476,0.41586140441678854,354.6402,2.1766998123780508,1.407302380952381,0.008637697668166869,391,,462.8434,1.502142051017908,sv_rho0_control,per_scenario
binary_student_t,Fixed Student-t (nu=5),fixed scale,calibrated here,0.15,-1.3073762741341362,1,5000,0.15,5000,5000,0.037,0.032113277569115785,0.04259761443200712,0.1498,0.14017709665055175,0.15996060179176627,0.0912,0.0835308799658389,0.09949679314443981,0.4014,0.3878938086335078,0.41505758219005756,0.1494,0.13978827921940884,0.15955003338446527,0.68,0.6669362173885257,0.6927874099112538,0.32,0.3072125900887463,0.33306378261147435,320.9724,2.2642447589679215,1.2737,0.008985098249872705,316,,463.3018,1.5300694251703637,sv_rho0_control,per_scenario
ewma_gaussian,EWMA Gaussian,forecast scale,calibrated here,0.15,-1.6665255424705745,1,5000,0.15,5000,5000,0.0238,0.01992646446433773,0.028404694868134687,0.0784,0.07126887513142804,0.08617845114864411,0.0814,0.07413799348501177,0.08930472658339006,0.2904,0.27798217534696057,0.3031396453084074,0.1586,0.14873710073088064,0.16898708615720437,0.564,0.5502110201643752,0.5776907139866575,0.436,0.42230928601334256,0.4497889798356249,365.8798,2.1165512675684583,1.4519039682539683,0.008399012966541502,424,,465.2796,1.4295282421019155,sv_rho0_control,per_scenario
ewma_student_t,EWMA Student-t (nu=5),forecast scale,calibrated here,0.15,-1.4824961945608197,1,5000,0.15,5000,5000,0.0326,0.028025269888894675,0.03789237788934472,0.1342,0.12503209909447566,0.14392955164852822,0.0888,0.08122784547465063,0.09700351260496436,0.3896,0.376172693185633,0.40319681540383573,0.1548,0.14503934268608323,0.16509067873678426,0.671,0.6578497234917,0.6838877224430906,0.329,0.31611227755690946,0.34215027650830016,327.0416,2.239308266896462,1.297784126984127,0.008886143916255801,327,,463.4618,1.5079771441124143,sv_rho0_control,per_scenario
gaussian_oracle_vol,Gaussian oracle (true current var),ideal-information control,calibrated here,0.15,-1.658605337867787,1,5000,0.15,5000,5000,0.0536,0.04769284678695339,0.060192557509593625,0.2896,0.2771930391433917,0.30233000983508845,0.1008,0.09275913562040936,0.10945379761252427,0.573,0.5592385740227059,0.5866493414933156,0.144,0.13454166757543412,0.15400493620944655,0.826,0.8152425968339292,0.8362568614978936,0.174,0.16374313850210645,0.18475740316607084,252.1276,2.252930154821605,1.0005063492063493,0.008940199027069861,211,,459.7222,1.6628931319076488,sv_rho0_control,per_scenario
